{
  "type": "FeatureCollection",
  "city": "delhi",
  "type_layer": "clean_metro_tracks",
  "total_segments": 472,
  "features": [
    {
      "type": "Feature",
      "geometry": {
        "type": "LineString",
        "coordinates": [
          [
            77.253967,
            28.667289
          ],
          [
            77.253359,
            28.66749
          ],
          [
            77.252521,
            28.667764
          ],
          [
            77.251441,
            28.668126
          ],
          [
            77.250519,
            28.66841
          ],
          [
            77.246731,
            28.66967
          ],
          [
            77.245791,
            28.670019
          ],
          [
            77.244622,
            28.67065
          ],
          [
            77.243201,
            28.671374
          ],
          [
            77.242938,
            28.671493
          ],
          [
            77.242703,
            28.671587
          ],
          [
            77.242466,
            28.671664
          ],
          [
            77.242227,
            28.671726
          ],
          [
            77.241942,
            28.671772
          ],
          [
            77.241655,
            28.671796
          ],
          [
            77.241387,
            28.671795
          ],
          [
            77.241112,
            28.671775
          ],
          [
            77.240853,
            28.671734
          ],
          [
            77.24062,
            28.671674
          ],
          [
            77.240335,
            28.671587
          ],
          [
            77.240083,
            28.671506
          ]
        ]
      },
      "properties": {
        "id": 24690209,
        "name": "Delhi Metro Red Line",
        "color": "#e61919",
        "total_points": 21,
        "opening_year": 2008
      }
    },
    {
      "type": "Feature",
      "geometry": {
        "type": "LineString",
        "coordinates": [
          [
            77.040746,
            28.592251
          ],
          [
            77.045498,
            28.589062
          ],
          [
            77.049455,
            28.586462
          ],
          [
            77.057515,
            28.581073
          ],
          [
            77.061394,
            28.578495
          ],
          [
            77.062038,
            28.578021
          ],
          [
            77.062802,
            28.577387
          ],
          [
            77.0633,
            28.57695
          ],
          [
            77.063823,
            28.576385
          ],
          [
            77.064235,
            28.57588
          ],
          [
            77.064682,
            28.575269
          ],
          [
            77.065351,
            28.574282
          ],
          [
            77.065866,
            28.573249
          ],
          [
            77.066287,
            28.572337
          ],
          [
            77.066596,
            28.571681
          ],
          [
            77.066819,
            28.571131
          ],
          [
            77.067025,
            28.570483
          ],
          [
            77.067136,
            28.569925
          ],
          [
            77.067222,
            28.569337
          ],
          [
            77.067256,
            28.568674
          ],
          [
            77.067256,
            28.568206
          ],
          [
            77.067153,
            28.566443
          ],
          [
            77.067061,
            28.565607
          ],
          [
            77.066915,
            28.564804
          ],
          [
            77.066816,
            28.564261
          ],
          [
            77.06667,
            28.56372
          ],
          [
            77.066439,
            28.563005
          ],
          [
            77.066205,
            28.562379
          ],
          [
            77.065918,
            28.561765
          ],
          [
            77.065614,
            28.561221
          ]
        ]
      },
      "properties": {
        "id": 31266154,
        "name": "Blue Line",
        "color": "#0070c0",
        "total_points": 30,
        "opening_year": 2010
      }
    },
    {
      "type": "Feature",
      "geometry": {
        "type": "LineString",
        "coordinates": [
          [
            77.260806,
            28.621055
          ],
          [
            77.25906,
            28.620851
          ],
          [
            77.255554,
            28.620421
          ],
          [
            77.253552,
            28.620159
          ],
          [
            77.252686,
            28.620088
          ],
          [
            77.252178,
            28.620115
          ],
          [
            77.251309,
            28.620247
          ],
          [
            77.249545,
            28.620583
          ],
          [
            77.248726,
            28.620767
          ],
          [
            77.247839,
            28.620971
          ],
          [
            77.247266,
            28.621089
          ],
          [
            77.247173,
            28.621099
          ],
          [
            77.246174,
            28.621202
          ],
          [
            77.245737,
            28.621248
          ],
          [
            77.245333,
            28.621334
          ],
          [
            77.244872,
            28.6215
          ],
          [
            77.244304,
            28.621811
          ],
          [
            77.243596,
            28.622442
          ],
          [
            77.242512,
            28.623459
          ],
          [
            77.241257,
            28.624627
          ],
          [
            77.240608,
            28.625034
          ],
          [
            77.240581,
            28.625051
          ],
          [
            77.240109,
            28.625211
          ],
          [
            77.239762,
            28.625309
          ]
        ]
      },
      "properties": {
        "id": 43766190,
        "name": "Blue Line",
        "color": "#0070c0",
        "total_points": 24,
        "opening_year": 2010
      }
    },
    {
      "type": "Feature",
      "geometry": {
        "type": "LineString",
        "coordinates": [
          [
            77.239346,
            28.583041
          ],
          [
            77.239129,
            28.581189
          ],
          [
            77.238905,
            28.580534
          ],
          [
            77.238785,
            28.579779
          ],
          [
            77.238736,
            28.576842
          ]
        ]
      },
      "properties": {
        "id": 44278167,
        "name": "Delhi Metro Violet Line",
        "color": "#7030a0",
        "total_points": 5,
        "opening_year": 2011
      }
    },
    {
      "type": "Feature",
      "geometry": {
        "type": "LineString",
        "coordinates": [
          [
            77.130457,
            28.67496
          ],
          [
            77.127683,
            28.675266
          ],
          [
            77.124752,
            28.675648
          ],
          [
            77.119345,
            28.676405
          ],
          [
            77.112278,
            28.677329
          ],
          [
            77.103072,
            28.678483
          ],
          [
            77.10295,
            28.678498
          ],
          [
            77.10221,
            28.678585
          ],
          [
            77.101327,
            28.678691
          ],
          [
            77.096599,
            28.679257
          ],
          [
            77.093997,
            28.6796
          ],
          [
            77.092658,
            28.679712
          ],
          [
            77.091959,
            28.679767
          ],
          [
            77.089407,
            28.680053
          ],
          [
            77.080842,
            28.681038
          ],
          [
            77.074004,
            28.681828
          ],
          [
            77.073296,
            28.681915
          ],
          [
            77.072613,
            28.68199
          ],
          [
            77.071369,
            28.68224
          ],
          [
            77.070859,
            28.682276
          ],
          [
            77.065734,
            28.682324
          ],
          [
            77.064726,
            28.682333
          ],
          [
            77.05913,
            28.682357
          ],
          [
            77.0587,
            28.68232
          ],
          [
            77.058193,
            28.682255
          ],
          [
            77.057699,
            28.682173
          ],
          [
            77.057003,
            28.682144
          ],
          [
            77.056237,
            28.68213
          ],
          [
            77.054017,
            28.682136
          ],
          [
            77.051995,
            28.682151
          ],
          [
            77.043936,
            28.68224
          ],
          [
            77.033639,
            28.682318
          ],
          [
            77.032808,
            28.682324
          ],
          [
            77.031266,
            28.682342
          ],
          [
            77.030571,
            28.682351
          ],
          [
            77.030062,
            28.682361
          ],
          [
            77.029642,
            28.68239
          ],
          [
            77.028955,
            28.68244
          ],
          [
            77.026255,
            28.68262
          ],
          [
            77.025138,
            28.682692
          ],
          [
            77.023972,
            28.682761
          ],
          [
            77.017114,
            28.683353
          ],
          [
            77.009146,
            28.684058
          ],
          [
            77.00546,
            28.684366
          ],
          [
            77.002361,
            28.684637
          ],
          [
            76.999477,
            28.684922
          ],
          [
            76.996122,
            28.685233
          ],
          [
            76.992689,
            28.685452
          ],
          [
            76.989554,
            28.685732
          ],
          [
            76.986224,
            28.686015
          ],
          [
            76.984542,
            28.686171
          ],
          [
            76.978736,
            28.686683
          ],
          [
            76.978156,
            28.686742
          ],
          [
            76.977201,
            28.686819
          ],
          [
            76.975565,
            28.687011
          ],
          [
            76.975231,
            28.687041
          ],
          [
            76.97281,
            28.687245
          ],
          [
            76.965971,
            28.68778
          ],
          [
            76.964461,
            28.687861
          ],
          [
            76.964068,
            28.687898
          ],
          [
            76.96352,
            28.68795
          ],
          [
            76.963265,
            28.687974
          ],
          [
            76.963164,
            28.687983
          ],
          [
            76.963021,
            28.687999
          ],
          [
            76.959558,
            28.688455
          ],
          [
            76.956305,
            28.688745
          ],
          [
            76.953074,
            28.689029
          ],
          [
            76.951161,
            28.689211
          ],
          [
            76.950489,
            28.689275
          ],
          [
            76.949902,
            28.689332
          ],
          [
            76.949798,
            28.689341
          ],
          [
            76.94761,
            28.689541
          ],
          [
            76.940925,
            28.690171
          ],
          [
            76.93544,
            28.690658
          ],
          [
            76.93489,
            28.69071
          ],
          [
            76.934598,
            28.690737
          ],
          [
            76.933196,
            28.69087
          ],
          [
            76.932038,
            28.691076
          ],
          [
            76.931121,
            28.691304
          ],
          [
            76.930087,
            28.691599
          ],
          [
            76.929457,
            28.691807
          ],
          [
            76.928949,
            28.692045
          ],
          [
            76.927941,
            28.692587
          ],
          [
            76.925403,
            28.693962
          ],
          [
            76.922274,
            28.695664
          ],
          [
            76.920193,
            28.696793
          ],
          [
            76.919144,
            28.697343
          ]
        ]
      },
      "properties": {
        "id": 47108107,
        "name": "Delhi Metro Green Line",
        "color": "#00b050",
        "total_points": 87,
        "opening_year": 2018
      }
    },
    {
      "type": "Feature",
      "geometry": {
        "type": "LineString",
        "coordinates": [
          [
            77.255233,
            28.667101
          ],
          [
            77.254804,
            28.667139
          ],
          [
            77.254383,
            28.667202
          ],
          [
            77.253967,
            28.667289
          ]
        ]
      },
      "properties": {
        "id": 52077441,
        "name": "Delhi Metro Red Line",
        "color": "#e61919",
        "total_points": 4,
        "opening_year": 2008
      }
    },
    {
      "type": "Feature",
      "geometry": {
        "type": "LineString",
        "coordinates": [
          [
            77.265672,
            28.669588
          ],
          [
            77.265318,
            28.669511
          ],
          [
            77.263569,
            28.669153
          ],
          [
            77.260704,
            28.668419
          ],
          [
            77.259117,
            28.667976
          ],
          [
            77.256885,
            28.667355
          ],
          [
            77.256381,
            28.667214
          ],
          [
            77.255876,
            28.667129
          ],
          [
            77.255233,
            28.667101
          ]
        ]
      },
      "properties": {
        "id": 52077554,
        "name": "Delhi Metro Red Line",
        "color": "#e61919",
        "total_points": 9,
        "opening_year": 2008
      }
    },
    {
      "type": "Feature",
      "geometry": {
        "type": "LineString",
        "coordinates": [
          [
            77.20109,
            28.700127
          ],
          [
            77.200241,
            28.70044
          ]
        ]
      },
      "properties": {
        "id": 52080429,
        "name": "Delhi Metro Yellow Line",
        "color": "#ffcc00",
        "total_points": 2,
        "opening_year": 2015
      }
    },
    {
      "type": "Feature",
      "geometry": {
        "type": "LineString",
        "coordinates": [
          [
            77.303649,
            28.647821
          ],
          [
            77.304571,
            28.648226
          ],
          [
            77.305527,
            28.648443
          ],
          [
            77.30649,
            28.648588
          ],
          [
            77.306585,
            28.648595
          ],
          [
            77.307625,
            28.648672
          ],
          [
            77.308999,
            28.648706
          ],
          [
            77.309288,
            28.648693
          ],
          [
            77.309498,
            28.648672
          ],
          [
            77.309716,
            28.64864
          ],
          [
            77.310074,
            28.648569
          ],
          [
            77.310654,
            28.648417
          ],
          [
            77.311109,
            28.648315
          ],
          [
            77.313345,
            28.647756
          ],
          [
            77.314171,
            28.647551
          ],
          [
            77.314336,
            28.647503
          ],
          [
            77.314629,
            28.64742
          ],
          [
            77.315134,
            28.647265
          ],
          [
            77.316053,
            28.646892
          ],
          [
            77.316852,
            28.64647
          ],
          [
            77.31763,
            28.646018
          ],
          [
            77.317915,
            28.645853
          ],
          [
            77.318206,
            28.645691
          ],
          [
            77.318474,
            28.645567
          ],
          [
            77.318747,
            28.645464
          ],
          [
            77.319055,
            28.645372
          ],
          [
            77.319295,
            28.645316
          ],
          [
            77.319537,
            28.64528
          ],
          [
            77.31982,
            28.645253
          ],
          [
            77.320048,
            28.645249
          ],
          [
            77.322809,
            28.645355
          ],
          [
            77.324339,
            28.645408
          ],
          [
            77.328208,
            28.645652
          ],
          [
            77.331902,
            28.645877
          ],
          [
            77.332339,
            28.645915
          ],
          [
            77.332681,
            28.645962
          ],
          [
            77.332955,
            28.646022
          ],
          [
            77.333233,
            28.646103
          ],
          [
            77.333519,
            28.646203
          ],
          [
            77.333721,
            28.64629
          ],
          [
            77.333912,
            28.646382
          ],
          [
            77.334234,
            28.646563
          ],
          [
            77.33586,
            28.647543
          ],
          [
            77.337898,
            28.648807
          ],
          [
            77.33803,
            28.648886
          ],
          [
            77.338803,
            28.64935
          ],
          [
            77.339506,
            28.649765
          ]
        ]
      },
      "properties": {
        "id": 52082179,
        "name": "Blue Line",
        "color": "#0070c0",
        "total_points": 47,
        "opening_year": 2010
      }
    },
    {
      "type": "Feature",
      "geometry": {
        "type": "LineString",
        "coordinates": [
          [
            77.236144,
            28.625508
          ],
          [
            77.234195,
            28.625591
          ],
          [
            77.232249,
            28.625727
          ],
          [
            77.231971,
            28.625824
          ],
          [
            77.231397,
            28.626026
          ],
          [
            77.224996,
            28.629753
          ],
          [
            77.221105,
            28.631977
          ],
          [
            77.220747,
            28.632181
          ],
          [
            77.22062,
            28.632254
          ],
          [
            77.220514,
            28.632311
          ],
          [
            77.219688,
            28.632759
          ],
          [
            77.218966,
            28.633149
          ],
          [
            77.218204,
            28.633561
          ],
          [
            77.215901,
            28.634965
          ]
        ]
      },
      "properties": {
        "id": 52082767,
        "name": "Blue Line",
        "color": "#0070c0",
        "total_points": 14,
        "opening_year": 2010
      }
    },
    {
      "type": "Feature",
      "geometry": {
        "type": "LineString",
        "coordinates": [
          [
            77.240083,
            28.671506
          ],
          [
            77.237928,
            28.670688
          ],
          [
            77.234186,
            28.669269
          ],
          [
            77.233443,
            28.668959
          ],
          [
            77.232508,
            28.668683
          ],
          [
            77.23216,
            28.668569
          ],
          [
            77.231748,
            28.668383
          ],
          [
            77.231337,
            28.668174
          ],
          [
            77.230932,
            28.66797
          ],
          [
            77.230513,
            28.667794
          ],
          [
            77.230078,
            28.66765
          ],
          [
            77.229796,
            28.667592
          ],
          [
            77.229399,
            28.667527
          ],
          [
            77.228872,
            28.667465
          ],
          [
            77.22825,
            28.667417
          ],
          [
            77.22714,
            28.667421
          ],
          [
            77.226426,
            28.66749
          ],
          [
            77.225525,
            28.667621
          ],
          [
            77.224609,
            28.667741
          ],
          [
            77.224136,
            28.667765
          ],
          [
            77.223682,
            28.667754
          ],
          [
            77.223394,
            28.667717
          ],
          [
            77.223074,
            28.667668
          ],
          [
            77.220201,
            28.666991
          ],
          [
            77.219826,
            28.666929
          ],
          [
            77.219381,
            28.666906
          ],
          [
            77.218448,
            28.666952
          ],
          [
            77.217602,
            28.667029
          ]
        ]
      },
      "properties": {
        "id": 70214093,
        "name": "Delhi Metro Red Line",
        "color": "#e61919",
        "total_points": 28,
        "opening_year": 2008
      }
    },
    {
      "type": "Feature",
      "geometry": {
        "type": "LineString",
        "coordinates": [
          [
            77.270828,
            28.624159
          ],
          [
            77.271445,
            28.624379
          ],
          [
            77.271661,
            28.624449
          ],
          [
            77.271894,
            28.624519
          ],
          [
            77.272095,
            28.624567
          ],
          [
            77.272295,
            28.6246
          ],
          [
            77.272476,
            28.624622
          ],
          [
            77.272725,
            28.624634
          ],
          [
            77.272941,
            28.62463
          ],
          [
            77.273189,
            28.624613
          ],
          [
            77.273432,
            28.624575
          ],
          [
            77.273658,
            28.624527
          ],
          [
            77.273873,
            28.624462
          ],
          [
            77.274071,
            28.624395
          ],
          [
            77.274287,
            28.62431
          ],
          [
            77.274497,
            28.624201
          ],
          [
            77.274771,
            28.624025
          ]
        ]
      },
      "properties": {
        "id": 77004696,
        "name": "Blue Line",
        "color": "#0070c0",
        "total_points": 17,
        "opening_year": 2010
      }
    },
    {
      "type": "Feature",
      "geometry": {
        "type": "LineString",
        "coordinates": [
          [
            77.265325,
            28.622285
          ],
          [
            77.264548,
            28.622004
          ],
          [
            77.263705,
            28.621701
          ],
          [
            77.263491,
            28.62163
          ],
          [
            77.26327,
            28.62156
          ],
          [
            77.263055,
            28.621501
          ],
          [
            77.262834,
            28.621446
          ],
          [
            77.261849,
            28.621219
          ],
          [
            77.260806,
            28.621055
          ]
        ]
      },
      "properties": {
        "id": 77006076,
        "name": "Blue Line",
        "color": "#0070c0",
        "total_points": 9,
        "opening_year": 2010
      }
    },
    {
      "type": "Feature",
      "geometry": {
        "type": "LineString",
        "coordinates": [
          [
            77.272087,
            28.625165
          ],
          [
            77.272201,
            28.625285
          ],
          [
            77.272275,
            28.625371
          ],
          [
            77.272355,
            28.62547
          ],
          [
            77.272447,
            28.625606
          ],
          [
            77.272535,
            28.625736
          ],
          [
            77.272662,
            28.625942
          ],
          [
            77.272787,
            28.626161
          ],
          [
            77.272959,
            28.62644
          ],
          [
            77.273482,
            28.627289
          ],
          [
            77.27378,
            28.627743
          ],
          [
            77.273872,
            28.627876
          ],
          [
            77.274036,
            28.628086
          ],
          [
            77.274142,
            28.628206
          ],
          [
            77.274281,
            28.628352
          ],
          [
            77.274395,
            28.628463
          ],
          [
            77.274521,
            28.628574
          ],
          [
            77.274688,
            28.628706
          ],
          [
            77.274866,
            28.628833
          ],
          [
            77.275091,
            28.628986
          ],
          [
            77.275743,
            28.62942
          ],
          [
            77.276108,
            28.629657
          ],
          [
            77.277501,
            28.630622
          ],
          [
            77.28235,
            28.633723
          ],
          [
            77.285426,
            28.635796
          ],
          [
            77.285894,
            28.636095
          ]
        ]
      },
      "properties": {
        "id": 77006078,
        "name": "Delhi Metro Blue Line",
        "color": "#0070c0",
        "total_points": 26,
        "opening_year": 2010
      }
    },
    {
      "type": "Feature",
      "geometry": {
        "type": "LineString",
        "coordinates": [
          [
            77.217602,
            28.667029
          ],
          [
            77.216624,
            28.667132
          ],
          [
            77.215632,
            28.667287
          ]
        ]
      },
      "properties": {
        "id": 77617195,
        "name": "Delhi Metro Red Line",
        "color": "#e61919",
        "total_points": 3,
        "opening_year": 2008
      }
    },
    {
      "type": "Feature",
      "geometry": {
        "type": "LineString",
        "coordinates": [
          [
            77.215632,
            28.667287
          ],
          [
            77.213908,
            28.667611
          ],
          [
            77.213211,
            28.667741
          ],
          [
            77.212884,
            28.667793
          ],
          [
            77.212447,
            28.667802
          ],
          [
            77.212153,
            28.667791
          ],
          [
            77.211907,
            28.667764
          ],
          [
            77.211504,
            28.667673
          ],
          [
            77.211058,
            28.667566
          ],
          [
            77.210568,
            28.66735
          ],
          [
            77.209959,
            28.667072
          ],
          [
            77.209357,
            28.666814
          ],
          [
            77.208373,
            28.666552
          ],
          [
            77.207421,
            28.666376
          ],
          [
            77.206114,
            28.666242
          ],
          [
            77.205598,
            28.666166
          ],
          [
            77.204663,
            28.665889
          ],
          [
            77.203951,
            28.665708
          ],
          [
            77.203389,
            28.665663
          ],
          [
            77.20256,
            28.665685
          ],
          [
            77.198887,
            28.666687
          ],
          [
            77.197694,
            28.666973
          ],
          [
            77.194381,
            28.667846
          ],
          [
            77.188398,
            28.669481
          ],
          [
            77.186999,
            28.669767
          ],
          [
            77.185386,
            28.669873
          ],
          [
            77.182768,
            28.670001
          ],
          [
            77.181854,
            28.670059
          ],
          [
            77.181378,
            28.670117
          ],
          [
            77.180793,
            28.670199
          ],
          [
            77.176752,
            28.671003
          ],
          [
            77.174822,
            28.671388
          ],
          [
            77.174143,
            28.671532
          ],
          [
            77.173582,
            28.671743
          ],
          [
            77.172901,
            28.672041
          ],
          [
            77.172104,
            28.672398
          ],
          [
            77.171392,
            28.672793
          ],
          [
            77.170323,
            28.673568
          ],
          [
            77.168605,
            28.675262
          ],
          [
            77.167323,
            28.677312
          ],
          [
            77.166964,
            28.677924
          ],
          [
            77.166636,
            28.678451
          ],
          [
            77.166493,
            28.678743
          ],
          [
            77.165804,
            28.680162
          ],
          [
            77.164743,
            28.682395
          ],
          [
            77.164147,
            28.683687
          ],
          [
            77.163529,
            28.684983
          ],
          [
            77.161652,
            28.688914
          ],
          [
            77.161049,
            28.690201
          ],
          [
            77.160901,
            28.690427
          ],
          [
            77.160517,
            28.691005
          ],
          [
            77.160364,
            28.691313
          ],
          [
            77.159841,
            28.692323
          ],
          [
            77.158864,
            28.694334
          ],
          [
            77.158353,
            28.69541
          ],
          [
            77.158213,
            28.695676
          ],
          [
            77.158054,
            28.695894
          ],
          [
            77.157852,
            28.696118
          ],
          [
            77.157675,
            28.696286
          ],
          [
            77.157493,
            28.696424
          ],
          [
            77.157268,
            28.696571
          ],
          [
            77.157049,
            28.696689
          ],
          [
            77.156779,
            28.696822
          ],
          [
            77.156554,
            28.696915
          ],
          [
            77.156288,
            28.696996
          ],
          [
            77.156006,
            28.69705
          ],
          [
            77.155728,
            28.697091
          ],
          [
            77.155436,
            28.697091
          ],
          [
            77.155192,
            28.697089
          ],
          [
            77.154912,
            28.697053
          ],
          [
            77.154618,
            28.69699
          ],
          [
            77.15435,
            28.696903
          ],
          [
            77.154009,
            28.69677
          ],
          [
            77.153478,
            28.696511
          ],
          [
            77.152502,
            28.696023
          ],
          [
            77.151585,
            28.695555
          ],
          [
            77.151052,
            28.695276
          ],
          [
            77.150673,
            28.695117
          ],
          [
            77.150464,
            28.69504
          ],
          [
            77.150085,
            28.694944
          ],
          [
            77.149659,
            28.69487
          ],
          [
            77.149348,
            28.694847
          ],
          [
            77.148914,
            28.694846
          ],
          [
            77.148848,
            28.694838
          ],
          [
            77.148501,
            28.694861
          ],
          [
            77.14815,
            28.694917
          ],
          [
            77.147655,
            28.695044
          ],
          [
            77.147174,
            28.695194
          ],
          [
            77.146635,
            28.695379
          ],
          [
            77.146096,
            28.695597
          ],
          [
            77.145351,
            28.69593
          ],
          [
            77.141436,
            28.697612
          ],
          [
            77.140523,
            28.698014
          ],
          [
            77.139673,
            28.698388
          ],
          [
            77.139163,
            28.698617
          ],
          [
            77.138621,
            28.698909
          ],
          [
            77.137706,
            28.699464
          ],
          [
            77.133147,
            28.702543
          ]
        ]
      },
      "properties": {
        "id": 77617216,
        "name": "Delhi Metro Red Line",
        "color": "#e61919",
        "total_points": 98,
        "opening_year": 2008
      }
    },
    {
      "type": "Feature",
      "geometry": {
        "type": "LineString",
        "coordinates": [
          [
            77.181497,
            28.706678
          ],
          [
            77.180383,
            28.707069
          ],
          [
            77.179603,
            28.707333
          ]
        ]
      },
      "properties": {
        "id": 77629898,
        "name": "Delhi Metro Yellow Line",
        "color": "#ffcc00",
        "total_points": 3,
        "opening_year": 2015
      }
    },
    {
      "type": "Feature",
      "geometry": {
        "type": "LineString",
        "coordinates": [
          [
            77.200241,
            28.70044
          ],
          [
            77.194006,
            28.702739
          ],
          [
            77.191779,
            28.703616
          ],
          [
            77.189794,
            28.704493
          ],
          [
            77.189181,
            28.704728
          ],
          [
            77.188485,
            28.704949
          ],
          [
            77.184964,
            28.706079
          ],
          [
            77.184627,
            28.706162
          ],
          [
            77.184302,
            28.706216
          ],
          [
            77.18364,
            28.706279
          ],
          [
            77.183189,
            28.706329
          ],
          [
            77.182739,
            28.706376
          ],
          [
            77.182496,
            28.706412
          ],
          [
            77.182276,
            28.706457
          ],
          [
            77.182017,
            28.706521
          ],
          [
            77.181497,
            28.706678
          ]
        ]
      },
      "properties": {
        "id": 77629917,
        "name": "Delhi Metro Yellow Line",
        "color": "#ffcc00",
        "total_points": 16,
        "opening_year": 2015
      }
    },
    {
      "type": "Feature",
      "geometry": {
        "type": "LineString",
        "coordinates": [
          [
            77.170702,
            28.71631
          ],
          [
            77.170447,
            28.716598
          ],
          [
            77.170139,
            28.71694
          ]
        ]
      },
      "properties": {
        "id": 77629938,
        "name": "Delhi Metro Yellow Line",
        "color": "#ffcc00",
        "total_points": 3,
        "opening_year": 2015
      }
    },
    {
      "type": "Feature",
      "geometry": {
        "type": "LineString",
        "coordinates": [
          [
            77.170139,
            28.71694
          ],
          [
            77.169802,
            28.717315
          ],
          [
            77.166948,
            28.720636
          ],
          [
            77.165829,
            28.721814
          ],
          [
            77.16509,
            28.7227
          ],
          [
            77.162683,
            28.725987
          ]
        ]
      },
      "properties": {
        "id": 77629948,
        "name": "Delhi Metro Yellow Line",
        "color": "#ffcc00",
        "total_points": 6,
        "opening_year": 2015
      }
    },
    {
      "type": "Feature",
      "geometry": {
        "type": "LineString",
        "coordinates": [
          [
            77.179603,
            28.707333
          ],
          [
            77.179245,
            28.707461
          ],
          [
            77.17864,
            28.707745
          ],
          [
            77.178236,
            28.707985
          ],
          [
            77.177842,
            28.708263
          ],
          [
            77.175949,
            28.710386
          ],
          [
            77.170702,
            28.71631
          ]
        ]
      },
      "properties": {
        "id": 77629950,
        "name": "Delhi Metro Yellow Line",
        "color": "#ffcc00",
        "total_points": 7,
        "opening_year": 2015
      }
    },
    {
      "type": "Feature",
      "geometry": {
        "type": "LineString",
        "coordinates": [
          [
            77.125112,
            28.708151
          ],
          [
            77.116978,
            28.713799
          ],
          [
            77.115374,
            28.714895
          ],
          [
            77.114464,
            28.715536
          ],
          [
            77.108472,
            28.71969
          ],
          [
            77.108014,
            28.720016
          ],
          [
            77.107111,
            28.72075
          ]
        ]
      },
      "properties": {
        "id": 77643455,
        "name": "Delhi Metro Red Line",
        "color": "#e61919",
        "total_points": 7,
        "opening_year": 2008
      }
    },
    {
      "type": "Feature",
      "geometry": {
        "type": "LineString",
        "coordinates": [
          [
            77.133147,
            28.702543
          ],
          [
            77.132227,
            28.703245
          ],
          [
            77.131606,
            28.703631
          ]
        ]
      },
      "properties": {
        "id": 77643468,
        "name": "Delhi Metro Red Line",
        "color": "#e61919",
        "total_points": 3,
        "opening_year": 2008
      }
    },
    {
      "type": "Feature",
      "geometry": {
        "type": "LineString",
        "coordinates": [
          [
            77.15231,
            28.655817
          ],
          [
            77.153261,
            28.657072
          ],
          [
            77.153481,
            28.657478
          ],
          [
            77.154028,
            28.658558
          ],
          [
            77.15437,
            28.65904
          ],
          [
            77.156017,
            28.660888
          ],
          [
            77.1564,
            28.661252
          ],
          [
            77.157026,
            28.661722
          ],
          [
            77.157342,
            28.661943
          ],
          [
            77.157553,
            28.662079
          ],
          [
            77.159175,
            28.66307
          ],
          [
            77.160837,
            28.664001
          ],
          [
            77.161438,
            28.664352
          ],
          [
            77.162758,
            28.664985
          ],
          [
            77.163195,
            28.665223
          ],
          [
            77.163623,
            28.665566
          ],
          [
            77.163972,
            28.665952
          ],
          [
            77.164188,
            28.666419
          ],
          [
            77.164313,
            28.666923
          ],
          [
            77.164293,
            28.667335
          ],
          [
            77.164251,
            28.667623
          ],
          [
            77.164142,
            28.667998
          ],
          [
            77.164039,
            28.668216
          ],
          [
            77.16383,
            28.668548
          ],
          [
            77.16355,
            28.668815
          ],
          [
            77.163201,
            28.66908
          ],
          [
            77.162839,
            28.66926
          ],
          [
            77.161866,
            28.669691
          ],
          [
            77.160235,
            28.670371
          ],
          [
            77.159777,
            28.670563
          ],
          [
            77.159401,
            28.670707
          ],
          [
            77.159102,
            28.670808
          ],
          [
            77.158789,
            28.670908
          ],
          [
            77.15855,
            28.670968
          ],
          [
            77.158323,
            28.671022
          ],
          [
            77.15807,
            28.671077
          ],
          [
            77.157592,
            28.671176
          ],
          [
            77.157248,
            28.671241
          ],
          [
            77.156901,
            28.671297
          ]
        ]
      },
      "properties": {
        "id": 77852923,
        "name": "Delhi Metro Green Line Branch",
        "color": "#00b050",
        "total_points": 39,
        "opening_year": 2010
      }
    },
    {
      "type": "Feature",
      "geometry": {
        "type": "LineString",
        "coordinates": [
          [
            77.125784,
            28.480716
          ],
          [
            77.126844,
            28.481547
          ],
          [
            77.127544,
            28.482022
          ],
          [
            77.130349,
            28.483982
          ],
          [
            77.131463,
            28.485101
          ],
          [
            77.133407,
            28.486663
          ],
          [
            77.135253,
            28.487621
          ],
          [
            77.13902,
            28.48937
          ],
          [
            77.141357,
            28.490532
          ],
          [
            77.142172,
            28.490979
          ],
          [
            77.145225,
            28.492047
          ],
          [
            77.14657,
            28.492589
          ],
          [
            77.149198,
            28.493728
          ],
          [
            77.150464,
            28.494317
          ],
          [
            77.156011,
            28.496864
          ],
          [
            77.156815,
            28.497214
          ],
          [
            77.157814,
            28.497646
          ],
          [
            77.158262,
            28.497838
          ],
          [
            77.158627,
            28.497999
          ],
          [
            77.159063,
            28.498192
          ],
          [
            77.160011,
            28.498606
          ],
          [
            77.16091,
            28.498971
          ],
          [
            77.162425,
            28.49958
          ],
          [
            77.162928,
            28.499784
          ],
          [
            77.163226,
            28.499914
          ],
          [
            77.163962,
            28.500257
          ],
          [
            77.164311,
            28.500428
          ],
          [
            77.166405,
            28.501436
          ],
          [
            77.166661,
            28.501553
          ],
          [
            77.166857,
            28.501635
          ],
          [
            77.167108,
            28.501732
          ],
          [
            77.168076,
            28.502091
          ],
          [
            77.168348,
            28.502197
          ],
          [
            77.168606,
            28.502305
          ],
          [
            77.168779,
            28.502385
          ],
          [
            77.169447,
            28.502717
          ],
          [
            77.169675,
            28.502822
          ],
          [
            77.171459,
            28.503521
          ],
          [
            77.171626,
            28.503591
          ],
          [
            77.171811,
            28.503675
          ],
          [
            77.172017,
            28.50378
          ],
          [
            77.172256,
            28.503915
          ],
          [
            77.172485,
            28.504059
          ],
          [
            77.172652,
            28.504177
          ],
          [
            77.1728,
            28.50429
          ],
          [
            77.173013,
            28.504466
          ],
          [
            77.173222,
            28.504663
          ],
          [
            77.173422,
            28.504879
          ],
          [
            77.174936,
            28.506755
          ],
          [
            77.175686,
            28.507705
          ],
          [
            77.176135,
            28.508177
          ],
          [
            77.176302,
            28.508336
          ],
          [
            77.176471,
            28.508461
          ],
          [
            77.176599,
            28.50854
          ],
          [
            77.176758,
            28.508631
          ],
          [
            77.176968,
            28.50873
          ],
          [
            77.177148,
            28.508814
          ],
          [
            77.177335,
            28.508878
          ],
          [
            77.177475,
            28.508918
          ],
          [
            77.177689,
            28.508975
          ],
          [
            77.178187,
            28.509025
          ],
          [
            77.178948,
            28.509113
          ],
          [
            77.179507,
            28.509217
          ],
          [
            77.179895,
            28.509325
          ],
          [
            77.180268,
            28.509491
          ],
          [
            77.18228,
            28.510483
          ],
          [
            77.184338,
            28.511499
          ],
          [
            77.186472,
            28.51293
          ],
          [
            77.18785,
            28.513875
          ],
          [
            77.188442,
            28.514281
          ],
          [
            77.18883,
            28.514516
          ],
          [
            77.189081,
            28.514628
          ],
          [
            77.189385,
            28.514731
          ],
          [
            77.189801,
            28.51483
          ],
          [
            77.190193,
            28.514895
          ],
          [
            77.190587,
            28.514917
          ],
          [
            77.191868,
            28.514855
          ]
        ]
      },
      "properties": {
        "id": 78734045,
        "name": "Delhi Metro Yellow Line",
        "color": "#ffcc00",
        "total_points": 77,
        "opening_year": 2015
      }
    },
    {
      "type": "Feature",
      "geometry": {
        "type": "LineString",
        "coordinates": [
          [
            77.133092,
            28.559397
          ],
          [
            77.133199,
            28.560162
          ],
          [
            77.133207,
            28.560925
          ],
          [
            77.133179,
            28.561256
          ],
          [
            77.133151,
            28.561578
          ],
          [
            77.133075,
            28.56201
          ],
          [
            77.133062,
            28.562079
          ],
          [
            77.132717,
            28.563388
          ],
          [
            77.132498,
            28.564041
          ],
          [
            77.132345,
            28.564706
          ],
          [
            77.132266,
            28.565375
          ],
          [
            77.132238,
            28.565993
          ],
          [
            77.132273,
            28.566636
          ],
          [
            77.132391,
            28.567307
          ],
          [
            77.132567,
            28.567943
          ],
          [
            77.132768,
            28.568503
          ],
          [
            77.133019,
            28.569015
          ],
          [
            77.133309,
            28.569508
          ],
          [
            77.133425,
            28.56969
          ],
          [
            77.133534,
            28.569846
          ],
          [
            77.13369,
            28.57005
          ],
          [
            77.133856,
            28.570259
          ],
          [
            77.134051,
            28.570477
          ],
          [
            77.134254,
            28.570683
          ],
          [
            77.134425,
            28.57086
          ],
          [
            77.134658,
            28.571072
          ],
          [
            77.134904,
            28.571279
          ],
          [
            77.135379,
            28.571624
          ],
          [
            77.136609,
            28.572409
          ],
          [
            77.137566,
            28.573057
          ],
          [
            77.138676,
            28.573666
          ],
          [
            77.13948,
            28.574034
          ],
          [
            77.140326,
            28.574402
          ],
          [
            77.141078,
            28.574768
          ],
          [
            77.141743,
            28.575208
          ],
          [
            77.142286,
            28.575629
          ],
          [
            77.142758,
            28.576099
          ],
          [
            77.143105,
            28.576503
          ],
          [
            77.143377,
            28.576857
          ],
          [
            77.143584,
            28.577189
          ],
          [
            77.14395,
            28.577903
          ],
          [
            77.144224,
            28.578667
          ],
          [
            77.144926,
            28.580721
          ],
          [
            77.145583,
            28.582943
          ],
          [
            77.145866,
            28.583634
          ],
          [
            77.146181,
            28.584212
          ],
          [
            77.146555,
            28.584762
          ],
          [
            77.14695,
            28.585261
          ],
          [
            77.147407,
            28.585741
          ],
          [
            77.147881,
            28.586139
          ],
          [
            77.148723,
            28.586727
          ],
          [
            77.149678,
            28.58723
          ],
          [
            77.151667,
            28.588086
          ],
          [
            77.155725,
            28.589739
          ],
          [
            77.156557,
            28.590045
          ],
          [
            77.1569,
            28.590152
          ],
          [
            77.157381,
            28.590302
          ],
          [
            77.158617,
            28.590706
          ],
          [
            77.159057,
            28.590861
          ],
          [
            77.159441,
            28.591016
          ],
          [
            77.160176,
            28.5913
          ],
          [
            77.160652,
            28.591497
          ],
          [
            77.161683,
            28.591914
          ]
        ]
      },
      "properties": {
        "id": 79482955,
        "name": "Airport Express Line",
        "color": "#ff6600",
        "total_points": 63,
        "opening_year": 2011
      }
    },
    {
      "type": "Feature",
      "geometry": {
        "type": "LineString",
        "coordinates": [
          [
            77.161683,
            28.591914
          ],
          [
            77.163117,
            28.592513
          ],
          [
            77.163606,
            28.59277
          ],
          [
            77.163984,
            28.593009
          ],
          [
            77.164388,
            28.593297
          ],
          [
            77.164707,
            28.593552
          ],
          [
            77.165024,
            28.593861
          ],
          [
            77.16559,
            28.594517
          ],
          [
            77.166004,
            28.595189
          ],
          [
            77.16619,
            28.595577
          ],
          [
            77.166348,
            28.595958
          ],
          [
            77.166489,
            28.596523
          ],
          [
            77.166629,
            28.597149
          ],
          [
            77.166916,
            28.598423
          ],
          [
            77.16714,
            28.599224
          ],
          [
            77.167288,
            28.599625
          ],
          [
            77.167463,
            28.600035
          ],
          [
            77.16771,
            28.600451
          ],
          [
            77.169265,
            28.603022
          ],
          [
            77.169987,
            28.604239
          ],
          [
            77.170723,
            28.605604
          ],
          [
            77.170982,
            28.606242
          ],
          [
            77.17107,
            28.606502
          ],
          [
            77.171475,
            28.607692
          ],
          [
            77.171674,
            28.6081
          ],
          [
            77.172067,
            28.608824
          ],
          [
            77.17252,
            28.609478
          ],
          [
            77.173495,
            28.610645
          ],
          [
            77.174096,
            28.611425
          ]
        ]
      },
      "properties": {
        "id": 79482956,
        "name": "Airport Express Line",
        "color": "#ff6600",
        "total_points": 29,
        "opening_year": 2011
      }
    },
    {
      "type": "Feature",
      "geometry": {
        "type": "LineString",
        "coordinates": [
          [
            77.222771,
            28.643471
          ],
          [
            77.222782,
            28.643487
          ],
          [
            77.226544,
            28.649251
          ],
          [
            77.230117,
            28.656103
          ],
          [
            77.230239,
            28.656482
          ],
          [
            77.230366,
            28.658421
          ],
          [
            77.2304,
            28.659256
          ],
          [
            77.230069,
            28.663405
          ],
          [
            77.229367,
            28.665273
          ],
          [
            77.228217,
            28.667526
          ],
          [
            77.227632,
            28.668619
          ],
          [
            77.227352,
            28.669376
          ],
          [
            77.227184,
            28.669828
          ],
          [
            77.22628,
            28.671965
          ],
          [
            77.226073,
            28.672503
          ],
          [
            77.226014,
            28.672817
          ],
          [
            77.225925,
            28.673355
          ],
          [
            77.225799,
            28.674199
          ],
          [
            77.225599,
            28.675129
          ],
          [
            77.225516,
            28.675461
          ],
          [
            77.225461,
            28.67568
          ],
          [
            77.225286,
            28.676187
          ],
          [
            77.225056,
            28.676857
          ],
          [
            77.224746,
            28.677795
          ],
          [
            77.224432,
            28.678786
          ],
          [
            77.224237,
            28.679299
          ],
          [
            77.223967,
            28.679747
          ],
          [
            77.223734,
            28.680096
          ],
          [
            77.223366,
            28.680677
          ],
          [
            77.223095,
            28.681083
          ],
          [
            77.22277,
            28.681598
          ],
          [
            77.222624,
            28.681915
          ],
          [
            77.222599,
            28.682184
          ],
          [
            77.222571,
            28.682688
          ],
          [
            77.221758,
            28.686327
          ],
          [
            77.221359,
            28.688812
          ],
          [
            77.221291,
            28.689243
          ],
          [
            77.221283,
            28.689603
          ],
          [
            77.221257,
            28.690439
          ],
          [
            77.221015,
            28.69176
          ],
          [
            77.220796,
            28.69221
          ],
          [
            77.22055,
            28.692615
          ],
          [
            77.220343,
            28.692884
          ],
          [
            77.220047,
            28.6931
          ],
          [
            77.219793,
            28.693231
          ],
          [
            77.219119,
            28.693451
          ],
          [
            77.218489,
            28.693687
          ],
          [
            77.214748,
            28.695099
          ],
          [
            77.209569,
            28.697014
          ],
          [
            77.206423,
            28.698156
          ],
          [
            77.20109,
            28.700127
          ]
        ]
      },
      "properties": {
        "id": 79482957,
        "name": "Delhi Metro Yellow Line",
        "color": "#ffcc00",
        "total_points": 51,
        "opening_year": 2015
      }
    },
    {
      "type": "Feature",
      "geometry": {
        "type": "LineString",
        "coordinates": [
          [
            77.056325,
            28.549069
          ],
          [
            77.056428,
            28.54918
          ],
          [
            77.057539,
            28.550479
          ],
          [
            77.058649,
            28.551838
          ],
          [
            77.060479,
            28.554078
          ],
          [
            77.062059,
            28.555729
          ],
          [
            77.063854,
            28.557346
          ],
          [
            77.06543,
            28.558217
          ],
          [
            77.067076,
            28.558765
          ],
          [
            77.069148,
            28.559064
          ],
          [
            77.071055,
            28.559142
          ],
          [
            77.076263,
            28.558557
          ],
          [
            77.081635,
            28.557588
          ],
          [
            77.086724,
            28.55649
          ],
          [
            77.100218,
            28.553528
          ],
          [
            77.119846,
            28.548945
          ],
          [
            77.120809,
            28.5488
          ]
        ]
      },
      "properties": {
        "id": 80677193,
        "name": "Airport Express Line",
        "color": "#ff6600",
        "total_points": 17,
        "opening_year": 2011
      }
    },
    {
      "type": "Feature",
      "geometry": {
        "type": "LineString",
        "coordinates": [
          [
            77.323392,
            28.675953
          ],
          [
            77.322376,
            28.675862
          ],
          [
            77.321515,
            28.675824
          ],
          [
            77.320729,
            28.675835
          ],
          [
            77.32017,
            28.675856
          ],
          [
            77.318618,
            28.675979
          ],
          [
            77.317772,
            28.675999
          ],
          [
            77.317254,
            28.675981
          ],
          [
            77.316818,
            28.675944
          ],
          [
            77.316045,
            28.675857
          ],
          [
            77.315435,
            28.675804
          ],
          [
            77.312396,
            28.67569
          ],
          [
            77.309871,
            28.675647
          ],
          [
            77.308464,
            28.675675
          ],
          [
            77.305122,
            28.675517
          ],
          [
            77.303564,
            28.67546
          ],
          [
            77.302594,
            28.675373
          ],
          [
            77.300869,
            28.675354
          ],
          [
            77.299739,
            28.675366
          ],
          [
            77.299478,
            28.675344
          ],
          [
            77.299205,
            28.675305
          ],
          [
            77.298912,
            28.675228
          ],
          [
            77.298566,
            28.675113
          ],
          [
            77.297791,
            28.674724
          ],
          [
            77.297349,
            28.674503
          ],
          [
            77.2969,
            28.674318
          ],
          [
            77.296678,
            28.674246
          ],
          [
            77.294674,
            28.673946
          ],
          [
            77.293363,
            28.673813
          ],
          [
            77.291185,
            28.67358
          ],
          [
            77.289891,
            28.673399
          ],
          [
            77.288586,
            28.673249
          ],
          [
            77.287225,
            28.673089
          ],
          [
            77.285646,
            28.672922
          ]
        ]
      },
      "properties": {
        "id": 80799488,
        "name": "Delhi Metro Red Line",
        "color": "#e61919",
        "total_points": 34,
        "opening_year": 2008
      }
    },
    {
      "type": "Feature",
      "geometry": {
        "type": "LineString",
        "coordinates": [
          [
            77.120809,
            28.5488
          ],
          [
            77.122108,
            28.548737
          ],
          [
            77.123428,
            28.548911
          ],
          [
            77.125277,
            28.54935
          ],
          [
            77.127178,
            28.550181
          ],
          [
            77.128782,
            28.551225
          ],
          [
            77.130337,
            28.552863
          ],
          [
            77.130694,
            28.553253
          ],
          [
            77.131028,
            28.553718
          ],
          [
            77.131482,
            28.554585
          ],
          [
            77.131936,
            28.555759
          ],
          [
            77.13294,
            28.558853
          ],
          [
            77.133092,
            28.559397
          ]
        ]
      },
      "properties": {
        "id": 103170729,
        "name": "Airport Express Line",
        "color": "#ff6600",
        "total_points": 13,
        "opening_year": 2011
      }
    },
    {
      "type": "Feature",
      "geometry": {
        "type": "LineString",
        "coordinates": [
          [
            77.269679,
            28.623889
          ],
          [
            77.268912,
            28.623608
          ]
        ]
      },
      "properties": {
        "id": 139071669,
        "name": "Delhi Metro Line",
        "color": "#00e5ff",
        "total_points": 2,
        "opening_year": 2015
      }
    },
    {
      "type": "Feature",
      "geometry": {
        "type": "LineString",
        "coordinates": [
          [
            77.266961,
            28.623078
          ],
          [
            77.267151,
            28.623165
          ],
          [
            77.267319,
            28.623234
          ],
          [
            77.267531,
            28.623316
          ],
          [
            77.267662,
            28.623363
          ],
          [
            77.268726,
            28.623745
          ],
          [
            77.270432,
            28.624365
          ],
          [
            77.270895,
            28.624531
          ]
        ]
      },
      "properties": {
        "id": 139071674,
        "name": "Delhi Metro Line",
        "color": "#00e5ff",
        "total_points": 8,
        "opening_year": 2015
      }
    },
    {
      "type": "Feature",
      "geometry": {
        "type": "LineString",
        "coordinates": [
          [
            77.271898,
            28.624846
          ],
          [
            77.27209,
            28.62488
          ],
          [
            77.272265,
            28.624905
          ],
          [
            77.272437,
            28.624921
          ],
          [
            77.272665,
            28.624929
          ],
          [
            77.272931,
            28.624917
          ],
          [
            77.273202,
            28.62488
          ],
          [
            77.273442,
            28.62483
          ],
          [
            77.273674,
            28.624765
          ],
          [
            77.273885,
            28.624696
          ],
          [
            77.274089,
            28.624617
          ],
          [
            77.274316,
            28.624499
          ],
          [
            77.274516,
            28.624378
          ],
          [
            77.274723,
            28.624221
          ],
          [
            77.274885,
            28.624092
          ]
        ]
      },
      "properties": {
        "id": 139071686,
        "name": "Blue Line",
        "color": "#0070c0",
        "total_points": 15,
        "opening_year": 2010
      }
    },
    {
      "type": "Feature",
      "geometry": {
        "type": "LineString",
        "coordinates": [
          [
            77.274885,
            28.624092
          ],
          [
            77.275006,
            28.623973
          ],
          [
            77.275103,
            28.623869
          ],
          [
            77.2752,
            28.623753
          ],
          [
            77.275324,
            28.623592
          ],
          [
            77.275661,
            28.623126
          ],
          [
            77.275833,
            28.622886
          ],
          [
            77.276136,
            28.622456
          ],
          [
            77.278906,
            28.618716
          ],
          [
            77.279565,
            28.617892
          ]
        ]
      },
      "properties": {
        "id": 139071687,
        "name": "Blue Line",
        "color": "#0070c0",
        "total_points": 10,
        "opening_year": 2010
      }
    },
    {
      "type": "Feature",
      "geometry": {
        "type": "LineString",
        "coordinates": [
          [
            77.191868,
            28.514855
          ],
          [
            77.192469,
            28.514875
          ],
          [
            77.193312,
            28.514967
          ],
          [
            77.194033,
            28.515076
          ],
          [
            77.19526,
            28.515551
          ],
          [
            77.196476,
            28.516194
          ],
          [
            77.200309,
            28.519644
          ],
          [
            77.201591,
            28.520687
          ],
          [
            77.201898,
            28.520873
          ],
          [
            77.203031,
            28.521566
          ],
          [
            77.203175,
            28.52173
          ],
          [
            77.203276,
            28.521938
          ],
          [
            77.203395,
            28.522211
          ],
          [
            77.203485,
            28.522485
          ],
          [
            77.20497,
            28.528116
          ],
          [
            77.204987,
            28.528459
          ],
          [
            77.204854,
            28.529067
          ],
          [
            77.204677,
            28.529781
          ],
          [
            77.204649,
            28.530116
          ],
          [
            77.205408,
            28.532841
          ],
          [
            77.206173,
            28.535553
          ],
          [
            77.206757,
            28.538403
          ],
          [
            77.206458,
            28.542468
          ],
          [
            77.20674,
            28.544258
          ],
          [
            77.20681,
            28.546016
          ],
          [
            77.206832,
            28.546588
          ],
          [
            77.206697,
            28.547422
          ],
          [
            77.206031,
            28.548558
          ],
          [
            77.205969,
            28.5491
          ],
          [
            77.205748,
            28.551858
          ],
          [
            77.206027,
            28.554051
          ],
          [
            77.206173,
            28.555198
          ],
          [
            77.206504,
            28.556473
          ],
          [
            77.206821,
            28.558002
          ],
          [
            77.207418,
            28.561651
          ],
          [
            77.207594,
            28.563556
          ],
          [
            77.20761,
            28.566027
          ],
          [
            77.207832,
            28.566854
          ]
        ]
      },
      "properties": {
        "id": 154708919,
        "name": "Delhi Metro Yellow Line",
        "color": "#ffcc00",
        "total_points": 38,
        "opening_year": 2015
      }
    },
    {
      "type": "Feature",
      "geometry": {
        "type": "LineString",
        "coordinates": [
          [
            77.213477,
            28.636416
          ],
          [
            77.208568,
            28.639225
          ],
          [
            77.206607,
            28.640389
          ],
          [
            77.205467,
            28.64094
          ],
          [
            77.204741,
            28.641369
          ],
          [
            77.204243,
            28.641829
          ],
          [
            77.203843,
            28.642248
          ],
          [
            77.20349,
            28.642573
          ],
          [
            77.203191,
            28.642782
          ],
          [
            77.203142,
            28.642816
          ],
          [
            77.202652,
            28.643095
          ],
          [
            77.201502,
            28.643562
          ],
          [
            77.199905,
            28.6443
          ],
          [
            77.198592,
            28.644917
          ],
          [
            77.197897,
            28.645151
          ],
          [
            77.197227,
            28.645219
          ],
          [
            77.196553,
            28.645151
          ],
          [
            77.192275,
            28.644489
          ],
          [
            77.188528,
            28.643991
          ],
          [
            77.178279,
            28.642477
          ],
          [
            77.176045,
            28.642128
          ],
          [
            77.175621,
            28.642082
          ],
          [
            77.175204,
            28.642052
          ],
          [
            77.174915,
            28.642057
          ],
          [
            77.174655,
            28.642075
          ],
          [
            77.17438,
            28.642139
          ],
          [
            77.174131,
            28.642203
          ],
          [
            77.173883,
            28.642293
          ],
          [
            77.173642,
            28.642391
          ],
          [
            77.173101,
            28.642685
          ],
          [
            77.171371,
            28.643784
          ],
          [
            77.169266,
            28.644995
          ],
          [
            77.167762,
            28.645902
          ],
          [
            77.158243,
            28.651566
          ],
          [
            77.155585,
            28.653162
          ],
          [
            77.155208,
            28.653391
          ],
          [
            77.15464,
            28.653667
          ],
          [
            77.153308,
            28.654184
          ],
          [
            77.152973,
            28.654347
          ],
          [
            77.151873,
            28.654985
          ],
          [
            77.15065,
            28.655729
          ],
          [
            77.149911,
            28.65618
          ],
          [
            77.149154,
            28.656659
          ],
          [
            77.148635,
            28.656948
          ],
          [
            77.148061,
            28.657322
          ],
          [
            77.147185,
            28.657887
          ],
          [
            77.146615,
            28.658276
          ],
          [
            77.146101,
            28.658512
          ],
          [
            77.145536,
            28.658634
          ],
          [
            77.145092,
            28.658687
          ],
          [
            77.144773,
            28.658686
          ],
          [
            77.144458,
            28.658637
          ],
          [
            77.144078,
            28.658548
          ],
          [
            77.143699,
            28.658441
          ],
          [
            77.142443,
            28.657842
          ],
          [
            77.137261,
            28.65491
          ],
          [
            77.135789,
            28.654188
          ],
          [
            77.135096,
            28.653725
          ],
          [
            77.134747,
            28.653583
          ],
          [
            77.134391,
            28.65345
          ],
          [
            77.134009,
            28.65334
          ],
          [
            77.133248,
            28.653136
          ],
          [
            77.131657,
            28.652725
          ],
          [
            77.130708,
            28.652479
          ],
          [
            77.128275,
            28.651862
          ],
          [
            77.127743,
            28.651711
          ],
          [
            77.127202,
            28.651482
          ],
          [
            77.125595,
            28.650531
          ],
          [
            77.123721,
            28.64951
          ],
          [
            77.123391,
            28.649347
          ],
          [
            77.122743,
            28.649037
          ],
          [
            77.119271,
            28.647644
          ],
          [
            77.118585,
            28.647342
          ],
          [
            77.117941,
            28.646988
          ],
          [
            77.117174,
            28.646513
          ],
          [
            77.116637,
            28.64613
          ],
          [
            77.115791,
            28.645513
          ],
          [
            77.114903,
            28.644921
          ],
          [
            77.113899,
            28.644334
          ],
          [
            77.11287,
            28.643729
          ],
          [
            77.112268,
            28.643422
          ],
          [
            77.11165,
            28.643121
          ],
          [
            77.110834,
            28.642812
          ],
          [
            77.109667,
            28.642383
          ],
          [
            77.108362,
            28.64181
          ],
          [
            77.106405,
            28.640936
          ],
          [
            77.105235,
            28.640463
          ],
          [
            77.102508,
            28.639444
          ],
          [
            77.101316,
            28.639007
          ],
          [
            77.100763,
            28.638786
          ],
          [
            77.099643,
            28.63812
          ],
          [
            77.09887,
            28.637675
          ],
          [
            77.097712,
            28.637091
          ],
          [
            77.097044,
            28.636778
          ],
          [
            77.096482,
            28.636526
          ],
          [
            77.095607,
            28.636203
          ],
          [
            77.094681,
            28.635919
          ],
          [
            77.093771,
            28.635611
          ],
          [
            77.093033,
            28.635272
          ],
          [
            77.092072,
            28.634812
          ],
          [
            77.091205,
            28.634488
          ],
          [
            77.0893,
            28.633968
          ],
          [
            77.086727,
            28.632989
          ],
          [
            77.085833,
            28.632666
          ],
          [
            77.084048,
            28.631963
          ],
          [
            77.082209,
            28.631224
          ],
          [
            77.080744,
            28.630708
          ],
          [
            77.079872,
            28.630339
          ],
          [
            77.078094,
            28.629565
          ],
          [
            77.077067,
            28.629185
          ],
          [
            77.076704,
            28.62905
          ],
          [
            77.075981,
            28.628752
          ],
          [
            77.075799,
            28.628677
          ],
          [
            77.075173,
            28.62844
          ],
          [
            77.074654,
            28.628289
          ],
          [
            77.074179,
            28.628171
          ],
          [
            77.073668,
            28.62802
          ],
          [
            77.073056,
            28.627779
          ],
          [
            77.07126,
            28.627093
          ],
          [
            77.071041,
            28.627014
          ],
          [
            77.069113,
            28.626251
          ],
          [
            77.068099,
            28.625877
          ],
          [
            77.067354,
            28.625605
          ],
          [
            77.065297,
            28.62483
          ],
          [
            77.063956,
            28.624299
          ],
          [
            77.063061,
            28.623935
          ],
          [
            77.061437,
            28.623287
          ],
          [
            77.060323,
            28.622894
          ],
          [
            77.059678,
            28.622705
          ],
          [
            77.058388,
            28.622361
          ],
          [
            77.05781,
            28.622219
          ],
          [
            77.056672,
            28.621976
          ],
          [
            77.055719,
            28.621737
          ],
          [
            77.053802,
            28.621404
          ],
          [
            77.052911,
            28.621249
          ],
          [
            77.051935,
            28.621114
          ],
          [
            77.051017,
            28.620987
          ],
          [
            77.049426,
            28.620811
          ],
          [
            77.047933,
            28.620625
          ],
          [
            77.04698,
            28.62052
          ],
          [
            77.045084,
            28.620256
          ],
          [
            77.044614,
            28.620219
          ],
          [
            77.043978,
            28.620172
          ],
          [
            77.043886,
            28.620169
          ],
          [
            77.043386,
            28.620157
          ],
          [
            77.043003,
            28.620171
          ],
          [
            77.04191,
            28.62025
          ],
          [
            77.041225,
            28.620287
          ],
          [
            77.04029,
            28.620286
          ],
          [
            77.038899,
            28.620152
          ],
          [
            77.037884,
            28.62001
          ],
          [
            77.033283,
            28.619291
          ],
          [
            77.03211,
            28.619145
          ],
          [
            77.031477,
            28.619073
          ],
          [
            77.030931,
            28.619044
          ],
          [
            77.030542,
            28.619037
          ],
          [
            77.030244,
            28.619046
          ],
          [
            77.029724,
            28.619085
          ],
          [
            77.027264,
            28.619268
          ],
          [
            77.026548,
            28.619327
          ],
          [
            77.026055,
            28.619312
          ],
          [
            77.025484,
            28.619199
          ],
          [
            77.025008,
            28.61901
          ],
          [
            77.024661,
            28.618816
          ],
          [
            77.024311,
            28.618569
          ],
          [
            77.023968,
            28.618223
          ],
          [
            77.023674,
            28.617813
          ],
          [
            77.023447,
            28.617318
          ],
          [
            77.023282,
            28.616661
          ],
          [
            77.023167,
            28.616259
          ],
          [
            77.023092,
            28.615997
          ],
          [
            77.022786,
            28.614932
          ],
          [
            77.022516,
            28.614067
          ],
          [
            77.022435,
            28.613795
          ],
          [
            77.02236,
            28.613544
          ],
          [
            77.022281,
            28.613281
          ],
          [
            77.022117,
            28.612732
          ],
          [
            77.021927,
            28.612063
          ],
          [
            77.021836,
            28.611438
          ],
          [
            77.02181,
            28.610394
          ],
          [
            77.021821,
            28.609301
          ],
          [
            77.022049,
            28.60788
          ],
          [
            77.022361,
            28.606912
          ],
          [
            77.022912,
            28.605838
          ],
          [
            77.023401,
            28.605085
          ],
          [
            77.024241,
            28.60408
          ],
          [
            77.02512,
            28.603075
          ],
          [
            77.025586,
            28.602585
          ],
          [
            77.025993,
            28.602234
          ],
          [
            77.027196,
            28.601298
          ],
          [
            77.029813,
            28.599535
          ],
          [
            77.033556,
            28.597025
          ],
          [
            77.040746,
            28.592251
          ]
        ]
      },
      "properties": {
        "id": 164931219,
        "name": "Blue Line",
        "color": "#0070c0",
        "total_points": 193,
        "opening_year": 2010
      }
    },
    {
      "type": "Feature",
      "geometry": {
        "type": "LineString",
        "coordinates": [
          [
            77.149642,
            28.652429
          ],
          [
            77.151336,
            28.654555
          ]
        ]
      },
      "properties": {
        "id": 171440669,
        "name": "Delhi Metro Green Line Branch",
        "color": "#00b050",
        "total_points": 2,
        "opening_year": 2010
      }
    },
    {
      "type": "Feature",
      "geometry": {
        "type": "LineString",
        "coordinates": [
          [
            77.281112,
            28.672286
          ],
          [
            77.280034,
            28.672106
          ]
        ]
      },
      "properties": {
        "id": 175774698,
        "name": "Delhi Metro Red Line",
        "color": "#e61919",
        "total_points": 2,
        "opening_year": 2008
      }
    },
    {
      "type": "Feature",
      "geometry": {
        "type": "LineString",
        "coordinates": [
          [
            77.285646,
            28.672922
          ],
          [
            77.283673,
            28.672713
          ],
          [
            77.281112,
            28.672286
          ]
        ]
      },
      "properties": {
        "id": 175774700,
        "name": "Delhi Metro Red Line",
        "color": "#e61919",
        "total_points": 3,
        "opening_year": 2008
      }
    },
    {
      "type": "Feature",
      "geometry": {
        "type": "LineString",
        "coordinates": [
          [
            77.174096,
            28.611425
          ],
          [
            77.175786,
            28.612771
          ],
          [
            77.178239,
            28.614251
          ],
          [
            77.181611,
            28.615776
          ],
          [
            77.194425,
            28.621348
          ],
          [
            77.206697,
            28.626847
          ],
          [
            77.207558,
            28.627233
          ],
          [
            77.208341,
            28.627583
          ],
          [
            77.211311,
            28.628914
          ],
          [
            77.214655,
            28.630419
          ],
          [
            77.215478,
            28.631058
          ],
          [
            77.215865,
            28.631543
          ],
          [
            77.218504,
            28.635539
          ],
          [
            77.223095,
            28.64249
          ]
        ]
      },
      "properties": {
        "id": 188216912,
        "name": "Airport Express Line",
        "color": "#ff6600",
        "total_points": 14,
        "opening_year": 2011
      }
    },
    {
      "type": "Feature",
      "geometry": {
        "type": "LineString",
        "coordinates": [
          [
            77.268897,
            28.623646
          ],
          [
            77.269677,
            28.623941
          ],
          [
            77.269853,
            28.624003
          ],
          [
            77.270269,
            28.624147
          ]
        ]
      },
      "properties": {
        "id": 188216913,
        "name": "Delhi Metro Line",
        "color": "#00e5ff",
        "total_points": 4,
        "opening_year": 2015
      }
    },
    {
      "type": "Feature",
      "geometry": {
        "type": "LineString",
        "coordinates": [
          [
            77.064532,
            28.559537
          ],
          [
            77.063068,
            28.557622
          ],
          [
            77.061455,
            28.555648
          ],
          [
            77.060977,
            28.555062
          ]
        ]
      },
      "properties": {
        "id": 188240586,
        "name": "Blue Line",
        "color": "#0070c0",
        "total_points": 4,
        "opening_year": 2010
      }
    },
    {
      "type": "Feature",
      "geometry": {
        "type": "LineString",
        "coordinates": [
          [
            77.228075,
            28.668686
          ],
          [
            77.229766,
            28.666401
          ],
          [
            77.231383,
            28.663985
          ],
          [
            77.231563,
            28.663781
          ],
          [
            77.23335,
            28.662567
          ],
          [
            77.233399,
            28.662536
          ],
          [
            77.233467,
            28.66249
          ],
          [
            77.23544,
            28.661147
          ],
          [
            77.235691,
            28.660932
          ],
          [
            77.236019,
            28.660418
          ],
          [
            77.236551,
            28.659609
          ],
          [
            77.236751,
            28.658244
          ],
          [
            77.236728,
            28.65748
          ],
          [
            77.236698,
            28.656778
          ],
          [
            77.236523,
            28.655855
          ],
          [
            77.236478,
            28.65533
          ],
          [
            77.236414,
            28.654582
          ],
          [
            77.236316,
            28.653422
          ],
          [
            77.236369,
            28.652577
          ],
          [
            77.236532,
            28.651981
          ],
          [
            77.236758,
            28.651302
          ],
          [
            77.2369,
            28.651094
          ],
          [
            77.237686,
            28.650045
          ],
          [
            77.238299,
            28.649232
          ],
          [
            77.239163,
            28.648329
          ],
          [
            77.239244,
            28.648128
          ],
          [
            77.239455,
            28.647609
          ],
          [
            77.240333,
            28.640823
          ],
          [
            77.240559,
            28.64012
          ],
          [
            77.24081,
            28.639221
          ],
          [
            77.24103,
            28.638541
          ],
          [
            77.241225,
            28.637865
          ],
          [
            77.241303,
            28.637211
          ],
          [
            77.241277,
            28.636001
          ],
          [
            77.241073,
            28.628191
          ],
          [
            77.241035,
            28.627918
          ],
          [
            77.240847,
            28.627496
          ],
          [
            77.240435,
            28.627054
          ],
          [
            77.239664,
            28.626485
          ],
          [
            77.239076,
            28.626122
          ],
          [
            77.23832,
            28.625708
          ],
          [
            77.237621,
            28.625474
          ],
          [
            77.236678,
            28.625365
          ],
          [
            77.234191,
            28.625493
          ],
          [
            77.230888,
            28.625708
          ],
          [
            77.220108,
            28.626207
          ],
          [
            77.219894,
            28.626192
          ],
          [
            77.219722,
            28.626159
          ],
          [
            77.219652,
            28.626124
          ],
          [
            77.219599,
            28.626072
          ],
          [
            77.2195,
            28.625937
          ],
          [
            77.219369,
            28.625605
          ],
          [
            77.219288,
            28.624047
          ],
          [
            77.219034,
            28.620592
          ],
          [
            77.218911,
            28.620192
          ],
          [
            77.218807,
            28.620005
          ],
          [
            77.218666,
            28.619839
          ],
          [
            77.218278,
            28.619631
          ],
          [
            77.21334,
            28.617494
          ],
          [
            77.212975,
            28.617215
          ],
          [
            77.212771,
            28.616812
          ],
          [
            77.212478,
            28.616366
          ],
          [
            77.21239,
            28.615873
          ],
          [
            77.212392,
            28.615283
          ],
          [
            77.212457,
            28.614806
          ],
          [
            77.212558,
            28.61453
          ],
          [
            77.21276,
            28.614251
          ],
          [
            77.22459,
            28.605152
          ],
          [
            77.227605,
            28.603239
          ],
          [
            77.229141,
            28.602264
          ],
          [
            77.229844,
            28.601819
          ],
          [
            77.230186,
            28.601533
          ],
          [
            77.230284,
            28.60112
          ],
          [
            77.230491,
            28.600285
          ],
          [
            77.230561,
            28.599998
          ],
          [
            77.230829,
            28.598915
          ],
          [
            77.231707,
            28.595357
          ],
          [
            77.233148,
            28.590891
          ],
          [
            77.233808,
            28.588249
          ],
          [
            77.234155,
            28.587803
          ],
          [
            77.234392,
            28.587498
          ],
          [
            77.237964,
            28.58494
          ],
          [
            77.238312,
            28.584526
          ],
          [
            77.239247,
            28.583355
          ],
          [
            77.239346,
            28.583041
          ]
        ]
      },
      "properties": {
        "id": 188245893,
        "name": "Delhi Metro Violet Line",
        "color": "#7030a0",
        "total_points": 85,
        "opening_year": 2011
      }
    },
    {
      "type": "Feature",
      "geometry": {
        "type": "LineString",
        "coordinates": [
          [
            77.251739,
            28.551441
          ],
          [
            77.252256,
            28.551454
          ],
          [
            77.252612,
            28.551492
          ],
          [
            77.253048,
            28.55154
          ],
          [
            77.254066,
            28.551713
          ],
          [
            77.254418,
            28.551794
          ],
          [
            77.254957,
            28.551899
          ],
          [
            77.255505,
            28.551962
          ],
          [
            77.256035,
            28.551941
          ],
          [
            77.256458,
            28.551866
          ],
          [
            77.256886,
            28.551758
          ],
          [
            77.257307,
            28.551544
          ],
          [
            77.2576,
            28.551337
          ],
          [
            77.257876,
            28.551141
          ],
          [
            77.258171,
            28.550849
          ],
          [
            77.258719,
            28.550037
          ],
          [
            77.259112,
            28.549496
          ],
          [
            77.259545,
            28.54905
          ],
          [
            77.260312,
            28.548327
          ],
          [
            77.260938,
            28.547911
          ],
          [
            77.261676,
            28.547418
          ],
          [
            77.262858,
            28.546706
          ],
          [
            77.263347,
            28.546323
          ],
          [
            77.263663,
            28.545923
          ],
          [
            77.264266,
            28.544377
          ],
          [
            77.265226,
            28.542243
          ],
          [
            77.265487,
            28.541687
          ],
          [
            77.265644,
            28.541428
          ],
          [
            77.26592,
            28.541115
          ],
          [
            77.266154,
            28.540911
          ],
          [
            77.266436,
            28.540717
          ],
          [
            77.266789,
            28.54053
          ],
          [
            77.267161,
            28.540391
          ],
          [
            77.267558,
            28.540292
          ],
          [
            77.268035,
            28.540231
          ],
          [
            77.268552,
            28.54023
          ],
          [
            77.268961,
            28.540288
          ],
          [
            77.269333,
            28.540397
          ],
          [
            77.270687,
            28.541003
          ],
          [
            77.273025,
            28.541927
          ],
          [
            77.273533,
            28.542153
          ],
          [
            77.274148,
            28.542482
          ],
          [
            77.275668,
            28.543282
          ],
          [
            77.276154,
            28.543529
          ],
          [
            77.276476,
            28.543664
          ],
          [
            77.276926,
            28.543782
          ],
          [
            77.277312,
            28.543843
          ],
          [
            77.277665,
            28.543853
          ],
          [
            77.27804,
            28.543815
          ],
          [
            77.278414,
            28.543749
          ],
          [
            77.27884,
            28.543622
          ],
          [
            77.279201,
            28.543468
          ],
          [
            77.279559,
            28.543227
          ],
          [
            77.279923,
            28.542888
          ],
          [
            77.280214,
            28.542572
          ],
          [
            77.281062,
            28.541432
          ],
          [
            77.281981,
            28.540283
          ],
          [
            77.282392,
            28.539512
          ],
          [
            77.283038,
            28.538425
          ],
          [
            77.284179,
            28.536478
          ],
          [
            77.285461,
            28.534328
          ],
          [
            77.285674,
            28.533982
          ],
          [
            77.285786,
            28.533776
          ],
          [
            77.285891,
            28.533582
          ],
          [
            77.285982,
            28.533409
          ],
          [
            77.286098,
            28.533158
          ],
          [
            77.286297,
            28.532703
          ],
          [
            77.286639,
            28.531918
          ],
          [
            77.286747,
            28.531678
          ],
          [
            77.286925,
            28.531261
          ],
          [
            77.287027,
            28.531027
          ],
          [
            77.287096,
            28.530867
          ],
          [
            77.287431,
            28.530103
          ],
          [
            77.287505,
            28.529942
          ],
          [
            77.287611,
            28.529726
          ],
          [
            77.287826,
            28.529337
          ],
          [
            77.287933,
            28.529163
          ],
          [
            77.288315,
            28.528588
          ]
        ]
      },
      "properties": {
        "id": 191231985,
        "name": "Delhi Metro Violet Line",
        "color": "#7030a0",
        "total_points": 78,
        "opening_year": 2011
      }
    },
    {
      "type": "Feature",
      "geometry": {
        "type": "LineString",
        "coordinates": [
          [
            77.279565,
            28.617892
          ],
          [
            77.279777,
            28.617586
          ],
          [
            77.28002,
            28.617234
          ],
          [
            77.28031,
            28.616875
          ],
          [
            77.280601,
            28.616584
          ],
          [
            77.280936,
            28.616315
          ],
          [
            77.281369,
            28.616017
          ],
          [
            77.281768,
            28.615755
          ],
          [
            77.28209,
            28.615469
          ],
          [
            77.282338,
            28.615215
          ],
          [
            77.282578,
            28.614903
          ],
          [
            77.28364,
            28.613407
          ],
          [
            77.284212,
            28.612598
          ],
          [
            77.284753,
            28.61188
          ],
          [
            77.286068,
            28.610304
          ],
          [
            77.286577,
            28.609717
          ],
          [
            77.286755,
            28.609462
          ],
          [
            77.287103,
            28.608959
          ],
          [
            77.287437,
            28.608437
          ],
          [
            77.287732,
            28.607795
          ],
          [
            77.288386,
            28.606443
          ],
          [
            77.288587,
            28.60606
          ],
          [
            77.288773,
            28.605761
          ],
          [
            77.289006,
            28.605384
          ],
          [
            77.289125,
            28.605149
          ]
        ]
      },
      "properties": {
        "id": 210933925,
        "name": "Blue Line",
        "color": "#0070c0",
        "total_points": 25,
        "opening_year": 2010
      }
    },
    {
      "type": "Feature",
      "geometry": {
        "type": "LineString",
        "coordinates": [
          [
            77.010452,
            28.617278
          ],
          [
            77.013907,
            28.618474
          ],
          [
            77.016578,
            28.619459
          ],
          [
            77.017195,
            28.61968
          ],
          [
            77.017775,
            28.619935
          ],
          [
            77.018295,
            28.620187
          ],
          [
            77.018723,
            28.620381
          ],
          [
            77.019223,
            28.620495
          ],
          [
            77.019804,
            28.620525
          ],
          [
            77.020308,
            28.620479
          ],
          [
            77.020769,
            28.620333
          ],
          [
            77.020949,
            28.620255
          ],
          [
            77.021377,
            28.620023
          ],
          [
            77.021752,
            28.619709
          ],
          [
            77.021968,
            28.619448
          ],
          [
            77.022115,
            28.619196
          ],
          [
            77.022234,
            28.618942
          ],
          [
            77.022313,
            28.618698
          ],
          [
            77.022381,
            28.618419
          ],
          [
            77.022399,
            28.61825
          ],
          [
            77.022397,
            28.617984
          ],
          [
            77.022362,
            28.617158
          ],
          [
            77.022381,
            28.616809
          ],
          [
            77.022381,
            28.61621
          ],
          [
            77.022366,
            28.615913
          ]
        ]
      },
      "properties": {
        "id": 251754097,
        "name": "Delhi Metro Grey Line",
        "color": "#808080",
        "total_points": 25,
        "opening_year": 2019
      }
    },
    {
      "type": "Feature",
      "geometry": {
        "type": "LineString",
        "coordinates": [
          [
            77.098164,
            28.580836
          ],
          [
            77.097039,
            28.581163
          ],
          [
            77.093418,
            28.582807
          ],
          [
            77.089017,
            28.585029
          ],
          [
            77.084422,
            28.587354
          ],
          [
            77.083584,
            28.588149
          ],
          [
            77.083049,
            28.58891
          ],
          [
            77.082344,
            28.589889
          ],
          [
            77.081696,
            28.590892
          ],
          [
            77.081489,
            28.591938
          ],
          [
            77.081092,
            28.595866
          ],
          [
            77.082092,
            28.600623
          ],
          [
            77.082356,
            28.601875
          ],
          [
            77.082583,
            28.602817
          ],
          [
            77.08379,
            28.610823
          ],
          [
            77.084205,
            28.613577
          ],
          [
            77.084315,
            28.613822
          ],
          [
            77.085178,
            28.615755
          ],
          [
            77.085443,
            28.616533
          ],
          [
            77.08564,
            28.617381
          ],
          [
            77.085162,
            28.618795
          ],
          [
            77.084217,
            28.620255
          ],
          [
            77.083032,
            28.622038
          ],
          [
            77.07958,
            28.625585
          ],
          [
            77.077923,
            28.62895
          ],
          [
            77.077814,
            28.629169
          ]
        ]
      },
      "properties": {
        "id": 279029821,
        "name": "Delhi Metro Magenta Line",
        "color": "#c00060",
        "total_points": 26,
        "opening_year": 2018
      }
    },
    {
      "type": "Feature",
      "geometry": {
        "type": "LineString",
        "coordinates": [
          [
            77.118415,
            28.575221
          ],
          [
            77.119195,
            28.57502
          ],
          [
            77.120025,
            28.574805
          ],
          [
            77.120857,
            28.5744
          ],
          [
            77.121304,
            28.573875
          ],
          [
            77.121549,
            28.573101
          ],
          [
            77.121944,
            28.57115
          ],
          [
            77.121991,
            28.569685
          ],
          [
            77.121874,
            28.568891
          ],
          [
            77.122066,
            28.567592
          ],
          [
            77.122621,
            28.56486
          ],
          [
            77.123075,
            28.562707
          ],
          [
            77.123277,
            28.562111
          ],
          [
            77.123758,
            28.561503
          ],
          [
            77.124605,
            28.560756
          ],
          [
            77.126182,
            28.560538
          ],
          [
            77.12881,
            28.560864
          ],
          [
            77.131711,
            28.561679
          ],
          [
            77.132491,
            28.561873
          ],
          [
            77.13336,
            28.561972
          ],
          [
            77.134476,
            28.56197
          ],
          [
            77.135639,
            28.561779
          ]
        ]
      },
      "properties": {
        "id": 279029822,
        "name": "Delhi Metro Magenta Line",
        "color": "#c00060",
        "total_points": 22,
        "opening_year": 2018
      }
    },
    {
      "type": "Feature",
      "geometry": {
        "type": "LineString",
        "coordinates": [
          [
            77.118415,
            28.575221
          ],
          [
            77.117763,
            28.57536
          ],
          [
            77.115451,
            28.575827
          ],
          [
            77.11426,
            28.576064
          ],
          [
            77.113478,
            28.576328
          ],
          [
            77.112124,
            28.57678
          ],
          [
            77.111125,
            28.57709
          ],
          [
            77.110355,
            28.577278
          ],
          [
            77.109485,
            28.577508
          ],
          [
            77.108565,
            28.577754
          ],
          [
            77.10722,
            28.578187
          ],
          [
            77.106119,
            28.578543
          ],
          [
            77.105375,
            28.578735
          ],
          [
            77.104904,
            28.578806
          ],
          [
            77.104311,
            28.578915
          ],
          [
            77.104052,
            28.578983
          ],
          [
            77.102546,
            28.579591
          ],
          [
            77.101432,
            28.57993
          ],
          [
            77.100252,
            28.580266
          ]
        ]
      },
      "properties": {
        "id": 279029823,
        "name": "Delhi Metro Magenta Line",
        "color": "#c00060",
        "total_points": 19,
        "opening_year": 2018
      }
    },
    {
      "type": "Feature",
      "geometry": {
        "type": "LineString",
        "coordinates": [
          [
            77.264837,
            28.554448
          ],
          [
            77.2656,
            28.555127
          ],
          [
            77.265852,
            28.555315
          ],
          [
            77.266033,
            28.555432
          ],
          [
            77.266247,
            28.555553
          ],
          [
            77.2674,
            28.556136
          ],
          [
            77.269469,
            28.557173
          ],
          [
            77.269915,
            28.55739
          ],
          [
            77.270679,
            28.557769
          ],
          [
            77.271638,
            28.558238
          ],
          [
            77.272019,
            28.558426
          ],
          [
            77.272664,
            28.558744
          ],
          [
            77.273455,
            28.559092
          ],
          [
            77.274107,
            28.559363
          ],
          [
            77.274969,
            28.559784
          ]
        ]
      },
      "properties": {
        "id": 279029824,
        "name": "Delhi Metro Magenta Line",
        "color": "#c00060",
        "total_points": 15,
        "opening_year": 2018
      }
    },
    {
      "type": "Feature",
      "geometry": {
        "type": "LineString",
        "coordinates": [
          [
            77.132922,
            28.630978
          ],
          [
            77.133464,
            28.629556
          ],
          [
            77.133722,
            28.628677
          ],
          [
            77.13391,
            28.628168
          ]
        ]
      },
      "properties": {
        "id": 279102623,
        "name": "Delhi Metro Pink Line",
        "color": "#ff66cc",
        "total_points": 4,
        "opening_year": 2018
      }
    },
    {
      "type": "Feature",
      "geometry": {
        "type": "LineString",
        "coordinates": [
          [
            77.181576,
            28.57117
          ],
          [
            77.181902,
            28.571004
          ],
          [
            77.182402,
            28.57077
          ],
          [
            77.182841,
            28.57063
          ],
          [
            77.184358,
            28.570397
          ],
          [
            77.186736,
            28.570286
          ],
          [
            77.18786,
            28.570239
          ],
          [
            77.190288,
            28.57005
          ],
          [
            77.192803,
            28.570622
          ],
          [
            77.193686,
            28.571864
          ],
          [
            77.194551,
            28.574548
          ],
          [
            77.195177,
            28.575264
          ],
          [
            77.196376,
            28.575731
          ],
          [
            77.198077,
            28.575794
          ],
          [
            77.200611,
            28.575862
          ],
          [
            77.201366,
            28.575718
          ],
          [
            77.203086,
            28.574957
          ],
          [
            77.205081,
            28.574073
          ],
          [
            77.205917,
            28.573886
          ],
          [
            77.2067,
            28.573773
          ],
          [
            77.207579,
            28.573627
          ],
          [
            77.209353,
            28.573456
          ],
          [
            77.212039,
            28.57338
          ],
          [
            77.214154,
            28.572372
          ],
          [
            77.215843,
            28.57009
          ],
          [
            77.216323,
            28.569711
          ],
          [
            77.216728,
            28.569391
          ],
          [
            77.217414,
            28.568849
          ],
          [
            77.218747,
            28.568632
          ],
          [
            77.22056,
            28.568543
          ],
          [
            77.221517,
            28.568501
          ],
          [
            77.223776,
            28.568321
          ],
          [
            77.225026,
            28.568727
          ],
          [
            77.230815,
            28.570606
          ],
          [
            77.234146,
            28.571031
          ],
          [
            77.235092,
            28.57074
          ],
          [
            77.235863,
            28.570541
          ],
          [
            77.237011,
            28.570062
          ],
          [
            77.23765,
            28.569793
          ],
          [
            77.238266,
            28.56954
          ],
          [
            77.239039,
            28.569232
          ]
        ]
      },
      "properties": {
        "id": 279102625,
        "name": "Delhi Metro Pink Line",
        "color": "#ff66cc",
        "total_points": 41,
        "opening_year": 2018
      }
    },
    {
      "type": "Feature",
      "geometry": {
        "type": "LineString",
        "coordinates": [
          [
            77.137862,
            28.61183
          ],
          [
            77.138199,
            28.6114
          ],
          [
            77.139217,
            28.610181
          ],
          [
            77.139935,
            28.609152
          ],
          [
            77.140377,
            28.6086
          ],
          [
            77.140763,
            28.608117
          ],
          [
            77.141494,
            28.607369
          ],
          [
            77.142196,
            28.606792
          ],
          [
            77.142662,
            28.60646
          ],
          [
            77.143542,
            28.606005
          ],
          [
            77.144596,
            28.60566
          ],
          [
            77.145901,
            28.605432
          ],
          [
            77.148232,
            28.605097
          ],
          [
            77.150009,
            28.604792
          ],
          [
            77.153582,
            28.604268
          ],
          [
            77.155298,
            28.604006
          ],
          [
            77.156069,
            28.603854
          ],
          [
            77.156562,
            28.60369
          ],
          [
            77.157027,
            28.603422
          ],
          [
            77.157832,
            28.60282
          ],
          [
            77.15861,
            28.602265
          ],
          [
            77.159282,
            28.601746
          ],
          [
            77.160733,
            28.600647
          ],
          [
            77.162415,
            28.599112
          ],
          [
            77.163279,
            28.598327
          ],
          [
            77.1636,
            28.597751
          ],
          [
            77.164229,
            28.596631
          ],
          [
            77.164784,
            28.595658
          ]
        ]
      },
      "properties": {
        "id": 279102627,
        "name": "Delhi Metro Pink Line",
        "color": "#ff66cc",
        "total_points": 28,
        "opening_year": 2018
      }
    },
    {
      "type": "Feature",
      "geometry": {
        "type": "LineString",
        "coordinates": [
          [
            77.144645,
            28.729192
          ],
          [
            77.141457,
            28.731111
          ],
          [
            77.141159,
            28.73132
          ],
          [
            77.140909,
            28.731506
          ],
          [
            77.14063,
            28.73174
          ],
          [
            77.13964,
            28.732746
          ],
          [
            77.138646,
            28.73385
          ],
          [
            77.138476,
            28.734082
          ],
          [
            77.138353,
            28.734285
          ],
          [
            77.138251,
            28.734506
          ],
          [
            77.138167,
            28.734747
          ],
          [
            77.138108,
            28.73499
          ],
          [
            77.138083,
            28.735207
          ],
          [
            77.138072,
            28.735468
          ],
          [
            77.138081,
            28.73568
          ],
          [
            77.138097,
            28.735853
          ],
          [
            77.138139,
            28.736047
          ],
          [
            77.138203,
            28.736242
          ],
          [
            77.138288,
            28.736454
          ],
          [
            77.138379,
            28.736636
          ],
          [
            77.138519,
            28.736869
          ],
          [
            77.138712,
            28.737119
          ],
          [
            77.139816,
            28.738375
          ],
          [
            77.140478,
            28.739088
          ],
          [
            77.140621,
            28.739278
          ],
          [
            77.140752,
            28.739502
          ],
          [
            77.140856,
            28.739729
          ],
          [
            77.140939,
            28.739967
          ],
          [
            77.140984,
            28.740138
          ],
          [
            77.141013,
            28.740311
          ],
          [
            77.141028,
            28.740495
          ],
          [
            77.141023,
            28.740866
          ],
          [
            77.140983,
            28.741149
          ],
          [
            77.14089,
            28.741488
          ],
          [
            77.140794,
            28.741708
          ],
          [
            77.140611,
            28.742021
          ],
          [
            77.140444,
            28.742244
          ],
          [
            77.140259,
            28.742462
          ],
          [
            77.139413,
            28.743372
          ],
          [
            77.138864,
            28.743959
          ],
          [
            77.138265,
            28.744616
          ]
        ]
      },
      "properties": {
        "id": 321073007,
        "name": "Delhi Metro Yellow Line",
        "color": "#ffcc00",
        "total_points": 41,
        "opening_year": 2015
      }
    },
    {
      "type": "Feature",
      "geometry": {
        "type": "LineString",
        "coordinates": [
          [
            77.207832,
            28.566854
          ],
          [
            77.207926,
            28.56717
          ],
          [
            77.208022,
            28.567578
          ],
          [
            77.208105,
            28.567929
          ],
          [
            77.209331,
            28.574159
          ],
          [
            77.20952,
            28.574938
          ],
          [
            77.212365,
            28.583429
          ],
          [
            77.212564,
            28.586594
          ],
          [
            77.21283,
            28.589631
          ],
          [
            77.212699,
            28.591277
          ],
          [
            77.211127,
            28.597355
          ],
          [
            77.21102,
            28.598128
          ],
          [
            77.211825,
            28.609512
          ],
          [
            77.211837,
            28.609582
          ],
          [
            77.212313,
            28.615878
          ],
          [
            77.212411,
            28.616919
          ],
          [
            77.212653,
            28.619781
          ],
          [
            77.212767,
            28.621122
          ],
          [
            77.212946,
            28.621462
          ],
          [
            77.214059,
            28.622954
          ],
          [
            77.215689,
            28.625483
          ],
          [
            77.215802,
            28.625822
          ],
          [
            77.215837,
            28.627271
          ],
          [
            77.216118,
            28.627839
          ],
          [
            77.218491,
            28.631116
          ],
          [
            77.218945,
            28.631742
          ]
        ]
      },
      "properties": {
        "id": 343626950,
        "name": "Delhi Metro Yellow Line",
        "color": "#ffcc00",
        "total_points": 26,
        "opening_year": 2015
      }
    },
    {
      "type": "Feature",
      "geometry": {
        "type": "LineString",
        "coordinates": [
          [
            77.072686,
            28.459331
          ],
          [
            77.073389,
            28.460139
          ],
          [
            77.073506,
            28.46029
          ],
          [
            77.073623,
            28.460463
          ],
          [
            77.073706,
            28.460624
          ],
          [
            77.073784,
            28.460805
          ],
          [
            77.073852,
            28.460999
          ],
          [
            77.073909,
            28.461255
          ],
          [
            77.073947,
            28.461541
          ],
          [
            77.073943,
            28.461839
          ],
          [
            77.073912,
            28.462114
          ],
          [
            77.072452,
            28.472331
          ],
          [
            77.071921,
            28.475867
          ],
          [
            77.071986,
            28.47653
          ],
          [
            77.072125,
            28.476985
          ],
          [
            77.072366,
            28.477438
          ],
          [
            77.072738,
            28.477854
          ],
          [
            77.073104,
            28.478139
          ],
          [
            77.073392,
            28.478303
          ],
          [
            77.073686,
            28.478421
          ],
          [
            77.07395,
            28.478513
          ],
          [
            77.074278,
            28.478584
          ],
          [
            77.079899,
            28.479524
          ],
          [
            77.086822,
            28.480553
          ],
          [
            77.087757,
            28.480641
          ],
          [
            77.0883,
            28.480585
          ],
          [
            77.088967,
            28.480534
          ],
          [
            77.089448,
            28.480598
          ],
          [
            77.090801,
            28.480799
          ],
          [
            77.091599,
            28.480971
          ],
          [
            77.093007,
            28.481244
          ],
          [
            77.094423,
            28.48159
          ]
        ]
      },
      "properties": {
        "id": 360422865,
        "name": "Delhi Metro Yellow Line",
        "color": "#ffcc00",
        "total_points": 32,
        "opening_year": 2015
      }
    },
    {
      "type": "Feature",
      "geometry": {
        "type": "LineString",
        "coordinates": [
          [
            77.091924,
            28.488308
          ],
          [
            77.091747,
            28.488486
          ],
          [
            77.091638,
            28.488677
          ],
          [
            77.09153,
            28.488891
          ],
          [
            77.091476,
            28.489197
          ],
          [
            77.091491,
            28.489424
          ],
          [
            77.091539,
            28.489687
          ],
          [
            77.091562,
            28.489753
          ],
          [
            77.091672,
            28.490006
          ],
          [
            77.092003,
            28.490638
          ],
          [
            77.092909,
            28.492348
          ],
          [
            77.093385,
            28.493102
          ],
          [
            77.093661,
            28.493568
          ],
          [
            77.09393,
            28.493996
          ],
          [
            77.094916,
            28.495566
          ],
          [
            77.095448,
            28.496439
          ],
          [
            77.095654,
            28.496742
          ],
          [
            77.096155,
            28.497595
          ],
          [
            77.096402,
            28.498021
          ],
          [
            77.096577,
            28.49837
          ],
          [
            77.096663,
            28.498622
          ],
          [
            77.096687,
            28.49889
          ],
          [
            77.096632,
            28.499191
          ],
          [
            77.09655,
            28.499373
          ],
          [
            77.096475,
            28.499492
          ],
          [
            77.096418,
            28.499554
          ],
          [
            77.096159,
            28.499829
          ],
          [
            77.095729,
            28.500102
          ],
          [
            77.095413,
            28.500296
          ],
          [
            77.094631,
            28.500778
          ],
          [
            77.09395,
            28.50119
          ],
          [
            77.093806,
            28.501278
          ],
          [
            77.093505,
            28.501387
          ],
          [
            77.093267,
            28.501441
          ],
          [
            77.092899,
            28.501449
          ],
          [
            77.09264,
            28.501401
          ],
          [
            77.092403,
            28.501337
          ],
          [
            77.092354,
            28.501323
          ],
          [
            77.092141,
            28.501211
          ],
          [
            77.091943,
            28.501048
          ],
          [
            77.091247,
            28.500324
          ],
          [
            77.090578,
            28.499602
          ],
          [
            77.089623,
            28.498573
          ],
          [
            77.089579,
            28.498521
          ],
          [
            77.08916,
            28.498061
          ],
          [
            77.087,
            28.495832
          ],
          [
            77.086799,
            28.495606
          ],
          [
            77.086683,
            28.495407
          ],
          [
            77.086601,
            28.495135
          ],
          [
            77.086575,
            28.494855
          ],
          [
            77.086592,
            28.494697
          ],
          [
            77.086657,
            28.494492
          ],
          [
            77.086864,
            28.494121
          ],
          [
            77.08705,
            28.493837
          ],
          [
            77.087543,
            28.49325
          ],
          [
            77.087727,
            28.493007
          ],
          [
            77.087821,
            28.492846
          ],
          [
            77.087898,
            28.492665
          ],
          [
            77.087987,
            28.492366
          ],
          [
            77.088132,
            28.491702
          ],
          [
            77.088263,
            28.491166
          ],
          [
            77.088383,
            28.490745
          ],
          [
            77.088491,
            28.490536
          ],
          [
            77.088683,
            28.49026
          ],
          [
            77.088949,
            28.490006
          ],
          [
            77.089674,
            28.489555
          ],
          [
            77.090526,
            28.489
          ],
          [
            77.09137,
            28.488481
          ],
          [
            77.091795,
            28.488233
          ]
        ]
      },
      "properties": {
        "id": 360422867,
        "name": "Rapid MetroRail Gurgaon",
        "color": "#003399",
        "total_points": 69,
        "opening_year": 2017
      }
    },
    {
      "type": "Feature",
      "geometry": {
        "type": "LineString",
        "coordinates": [
          [
            77.153166,
            28.69201
          ],
          [
            77.154236,
            28.694723
          ],
          [
            77.15503,
            28.696775
          ],
          [
            77.156262,
            28.699049
          ],
          [
            77.157096,
            28.699806
          ],
          [
            77.157344,
            28.700004
          ],
          [
            77.157657,
            28.700122
          ],
          [
            77.161474,
            28.700795
          ],
          [
            77.164557,
            28.701667
          ],
          [
            77.165429,
            28.701988
          ],
          [
            77.166674,
            28.702409
          ],
          [
            77.168221,
            28.702874
          ],
          [
            77.169733,
            28.703093
          ],
          [
            77.172126,
            28.703194
          ],
          [
            77.17439,
            28.702987
          ],
          [
            77.176512,
            28.703205
          ],
          [
            77.178639,
            28.703711
          ],
          [
            77.180756,
            28.704747
          ],
          [
            77.181944,
            28.705818
          ],
          [
            77.183045,
            28.706823
          ],
          [
            77.183389,
            28.708184
          ],
          [
            77.183066,
            28.709542
          ],
          [
            77.182476,
            28.710156
          ],
          [
            77.180599,
            28.711578
          ],
          [
            77.180323,
            28.712052
          ],
          [
            77.1803,
            28.712334
          ],
          [
            77.180222,
            28.712699
          ],
          [
            77.180239,
            28.713157
          ],
          [
            77.180341,
            28.714301
          ],
          [
            77.180457,
            28.715423
          ],
          [
            77.180671,
            28.716006
          ],
          [
            77.180913,
            28.71647
          ]
        ]
      },
      "properties": {
        "id": 364876206,
        "name": "Delhi Metro Pink Line",
        "color": "#ff66cc",
        "total_points": 32,
        "opening_year": 2018
      }
    },
    {
      "type": "Feature",
      "geometry": {
        "type": "LineString",
        "coordinates": [
          [
            77.181843,
            28.722376
          ],
          [
            77.181872,
            28.722979
          ],
          [
            77.181915,
            28.723495
          ],
          [
            77.182007,
            28.724956
          ],
          [
            77.182035,
            28.725444
          ],
          [
            77.182089,
            28.726159
          ]
        ]
      },
      "properties": {
        "id": 364876210,
        "name": "Delhi Metro Pink Line",
        "color": "#ff66cc",
        "total_points": 6,
        "opening_year": 2018
      }
    },
    {
      "type": "Feature",
      "geometry": {
        "type": "LineString",
        "coordinates": [
          [
            77.181532,
            28.718115
          ],
          [
            77.181565,
            28.718693
          ],
          [
            77.181629,
            28.720208
          ]
        ]
      },
      "properties": {
        "id": 364876211,
        "name": "Delhi Metro Pink Line",
        "color": "#ff66cc",
        "total_points": 3,
        "opening_year": 2018
      }
    },
    {
      "type": "Feature",
      "geometry": {
        "type": "LineString",
        "coordinates": [
          [
            77.258285,
            28.596889
          ],
          [
            77.258578,
            28.597308
          ],
          [
            77.258758,
            28.597535
          ],
          [
            77.258929,
            28.597718
          ],
          [
            77.259337,
            28.598057
          ],
          [
            77.259576,
            28.598245
          ],
          [
            77.260002,
            28.598495
          ],
          [
            77.260367,
            28.598677
          ],
          [
            77.261249,
            28.599063
          ],
          [
            77.263972,
            28.600286
          ],
          [
            77.266512,
            28.601437
          ],
          [
            77.268216,
            28.602198
          ],
          [
            77.26994,
            28.602988
          ],
          [
            77.27248,
            28.60413
          ],
          [
            77.273543,
            28.60459
          ],
          [
            77.274139,
            28.604772
          ],
          [
            77.274576,
            28.60488
          ],
          [
            77.275052,
            28.604961
          ],
          [
            77.275469,
            28.605011
          ],
          [
            77.275924,
            28.605034
          ],
          [
            77.276339,
            28.605039
          ],
          [
            77.276956,
            28.604992
          ],
          [
            77.277671,
            28.604899
          ],
          [
            77.278348,
            28.604714
          ],
          [
            77.282613,
            28.60329
          ],
          [
            77.28452,
            28.602646
          ],
          [
            77.285195,
            28.602436
          ],
          [
            77.285715,
            28.602332
          ],
          [
            77.286103,
            28.602296
          ],
          [
            77.286571,
            28.602278
          ],
          [
            77.287001,
            28.602301
          ],
          [
            77.287559,
            28.602377
          ],
          [
            77.288098,
            28.602499
          ],
          [
            77.288737,
            28.602718
          ],
          [
            77.289586,
            28.603063
          ],
          [
            77.289827,
            28.603155
          ],
          [
            77.289953,
            28.603207
          ],
          [
            77.290084,
            28.603257
          ],
          [
            77.290342,
            28.603365
          ],
          [
            77.290619,
            28.603482
          ],
          [
            77.290655,
            28.603497
          ],
          [
            77.290952,
            28.603617
          ],
          [
            77.291778,
            28.603937
          ],
          [
            77.292227,
            28.604096
          ],
          [
            77.292629,
            28.604195
          ],
          [
            77.293137,
            28.604274
          ],
          [
            77.293783,
            28.604362
          ],
          [
            77.29412,
            28.604452
          ],
          [
            77.294245,
            28.604486
          ],
          [
            77.29635,
            28.605123
          ],
          [
            77.298042,
            28.605631
          ]
        ]
      },
      "properties": {
        "id": 364896924,
        "name": "Delhi Metro Pink Line",
        "color": "#ff66cc",
        "total_points": 51,
        "opening_year": 2018
      }
    },
    {
      "type": "Feature",
      "geometry": {
        "type": "LineString",
        "coordinates": [
          [
            77.12723,
            28.658081
          ],
          [
            77.126735,
            28.657427
          ],
          [
            77.12619,
            28.656829
          ],
          [
            77.124965,
            28.655714
          ],
          [
            77.124486,
            28.655234
          ],
          [
            77.124117,
            28.654689
          ],
          [
            77.123896,
            28.654147
          ],
          [
            77.123739,
            28.653488
          ],
          [
            77.123728,
            28.653104
          ],
          [
            77.12378,
            28.652492
          ],
          [
            77.123941,
            28.651747
          ],
          [
            77.124224,
            28.651176
          ],
          [
            77.125044,
            28.649564
          ],
          [
            77.12558,
            28.648507
          ],
          [
            77.126013,
            28.647294
          ],
          [
            77.127463,
            28.643671
          ],
          [
            77.127933,
            28.642463
          ],
          [
            77.128563,
            28.640704
          ],
          [
            77.12917,
            28.639123
          ],
          [
            77.129308,
            28.638653
          ],
          [
            77.129701,
            28.637166
          ],
          [
            77.130227,
            28.635446
          ],
          [
            77.130665,
            28.63436
          ],
          [
            77.130808,
            28.634093
          ],
          [
            77.131104,
            28.633638
          ],
          [
            77.131727,
            28.632918
          ],
          [
            77.132271,
            28.632214
          ],
          [
            77.132626,
            28.631669
          ],
          [
            77.132922,
            28.630978
          ]
        ]
      },
      "properties": {
        "id": 364896925,
        "name": "Delhi Metro Pink Line",
        "color": "#ff66cc",
        "total_points": 29,
        "opening_year": 2018
      }
    },
    {
      "type": "Feature",
      "geometry": {
        "type": "LineString",
        "coordinates": [
          [
            77.29924,
            28.50236
          ],
          [
            77.298781,
            28.501144
          ],
          [
            77.29872,
            28.500701
          ],
          [
            77.29872,
            28.500293
          ],
          [
            77.298855,
            28.499783
          ],
          [
            77.298918,
            28.499608
          ],
          [
            77.29899,
            28.499462
          ],
          [
            77.299082,
            28.499318
          ],
          [
            77.299176,
            28.499178
          ],
          [
            77.299262,
            28.499061
          ],
          [
            77.299391,
            28.498914
          ],
          [
            77.29953,
            28.498772
          ],
          [
            77.29968,
            28.498638
          ],
          [
            77.299822,
            28.498531
          ],
          [
            77.300045,
            28.498384
          ],
          [
            77.300688,
            28.497968
          ],
          [
            77.301115,
            28.497696
          ],
          [
            77.301391,
            28.497502
          ],
          [
            77.301533,
            28.497393
          ],
          [
            77.301673,
            28.497255
          ],
          [
            77.301815,
            28.497105
          ],
          [
            77.301944,
            28.496935
          ],
          [
            77.302049,
            28.496765
          ],
          [
            77.302165,
            28.49658
          ],
          [
            77.30225,
            28.496401
          ],
          [
            77.302323,
            28.496233
          ],
          [
            77.30238,
            28.496053
          ],
          [
            77.302437,
            28.495821
          ],
          [
            77.302724,
            28.494498
          ],
          [
            77.303024,
            28.49317
          ],
          [
            77.30381,
            28.489719
          ],
          [
            77.303937,
            28.489133
          ],
          [
            77.304013,
            28.48857
          ],
          [
            77.304133,
            28.487258
          ],
          [
            77.304313,
            28.485497
          ],
          [
            77.304536,
            28.483876
          ],
          [
            77.3047,
            28.482006
          ],
          [
            77.304918,
            28.47797
          ],
          [
            77.305157,
            28.475882
          ],
          [
            77.305218,
            28.474549
          ],
          [
            77.305224,
            28.473827
          ],
          [
            77.305437,
            28.473209
          ],
          [
            77.305904,
            28.472383
          ],
          [
            77.306167,
            28.471875
          ],
          [
            77.306296,
            28.471394
          ],
          [
            77.3064,
            28.470031
          ],
          [
            77.306503,
            28.468036
          ],
          [
            77.307001,
            28.462366
          ],
          [
            77.307186,
            28.460262
          ],
          [
            77.307273,
            28.459082
          ],
          [
            77.307393,
            28.457779
          ],
          [
            77.307663,
            28.454413
          ],
          [
            77.307925,
            28.451059
          ],
          [
            77.308095,
            28.44862
          ],
          [
            77.308189,
            28.447619
          ],
          [
            77.308243,
            28.446818
          ],
          [
            77.308594,
            28.44351
          ],
          [
            77.308833,
            28.440472
          ],
          [
            77.309063,
            28.43816
          ],
          [
            77.309397,
            28.433649
          ],
          [
            77.3098,
            28.428846
          ],
          [
            77.310377,
            28.422714
          ],
          [
            77.310906,
            28.416557
          ],
          [
            77.311004,
            28.415285
          ],
          [
            77.311173,
            28.413998
          ],
          [
            77.31124,
            28.41337
          ],
          [
            77.311267,
            28.413036
          ],
          [
            77.311462,
            28.410836
          ],
          [
            77.311531,
            28.410058
          ],
          [
            77.31164,
            28.408438
          ],
          [
            77.311686,
            28.408019
          ],
          [
            77.311703,
            28.407822
          ],
          [
            77.311712,
            28.407661
          ],
          [
            77.311714,
            28.407503
          ],
          [
            77.311706,
            28.406505
          ],
          [
            77.311722,
            28.406056
          ],
          [
            77.311873,
            28.404234
          ],
          [
            77.312126,
            28.40145
          ],
          [
            77.312435,
            28.397488
          ],
          [
            77.312946,
            28.391284
          ],
          [
            77.313249,
            28.387962
          ],
          [
            77.313462,
            28.385836
          ],
          [
            77.313513,
            28.385105
          ],
          [
            77.313702,
            28.382426
          ],
          [
            77.313904,
            28.380469
          ],
          [
            77.314147,
            28.377476
          ],
          [
            77.314333,
            28.375655
          ],
          [
            77.314557,
            28.37443
          ],
          [
            77.314664,
            28.37318
          ],
          [
            77.314873,
            28.3708
          ],
          [
            77.31492,
            28.370234
          ],
          [
            77.315085,
            28.368083
          ],
          [
            77.315215,
            28.366821
          ],
          [
            77.315248,
            28.366422
          ]
        ]
      },
      "properties": {
        "id": 364909767,
        "name": "Delhi Metro Violet Line",
        "color": "#7030a0",
        "total_points": 94,
        "opening_year": 2018
      }
    },
    {
      "type": "Feature",
      "geometry": {
        "type": "LineString",
        "coordinates": [
          [
            77.144645,
            28.729192
          ],
          [
            77.144975,
            28.729016
          ],
          [
            77.145231,
            28.728907
          ],
          [
            77.145667,
            28.728775
          ],
          [
            77.146009,
            28.728725
          ],
          [
            77.146389,
            28.728686
          ],
          [
            77.146768,
            28.728702
          ],
          [
            77.147014,
            28.728736
          ],
          [
            77.147267,
            28.728792
          ],
          [
            77.147558,
            28.72888
          ],
          [
            77.147824,
            28.728981
          ],
          [
            77.148092,
            28.729119
          ],
          [
            77.148915,
            28.729672
          ],
          [
            77.150388,
            28.730616
          ],
          [
            77.150746,
            28.73089
          ],
          [
            77.15102,
            28.731101
          ],
          [
            77.151584,
            28.731645
          ],
          [
            77.151931,
            28.731886
          ]
        ]
      },
      "properties": {
        "id": 364909768,
        "name": "Delhi Metro Yellow Line",
        "color": "#ffcc00",
        "total_points": 18,
        "opening_year": 2015
      }
    },
    {
      "type": "Feature",
      "geometry": {
        "type": "LineString",
        "coordinates": [
          [
            77.074471,
            28.628004
          ],
          [
            77.075299,
            28.628333
          ],
          [
            77.076082,
            28.62867
          ],
          [
            77.076323,
            28.628802
          ],
          [
            77.076762,
            28.629023
          ],
          [
            77.077067,
            28.629185
          ]
        ]
      },
      "properties": {
        "id": 373882609,
        "name": "Delhi Metro Blue Line",
        "color": "#0070c0",
        "total_points": 6,
        "opening_year": 2010
      }
    },
    {
      "type": "Feature",
      "geometry": {
        "type": "LineString",
        "coordinates": [
          [
            77.144587,
            28.72928
          ],
          [
            77.141479,
            28.731145
          ],
          [
            77.141028,
            28.731469
          ],
          [
            77.140757,
            28.731686
          ],
          [
            77.140483,
            28.731936
          ],
          [
            77.138777,
            28.733752
          ],
          [
            77.138644,
            28.733919
          ],
          [
            77.138498,
            28.734119
          ],
          [
            77.138377,
            28.734323
          ],
          [
            77.13829,
            28.734515
          ],
          [
            77.138219,
            28.734715
          ],
          [
            77.138179,
            28.73486
          ],
          [
            77.138148,
            28.735005
          ],
          [
            77.13813,
            28.735161
          ],
          [
            77.138118,
            28.735289
          ],
          [
            77.138114,
            28.735447
          ],
          [
            77.13812,
            28.735711
          ],
          [
            77.138141,
            28.735855
          ],
          [
            77.138181,
            28.736039
          ],
          [
            77.138265,
            28.736296
          ],
          [
            77.138376,
            28.736544
          ],
          [
            77.138484,
            28.736735
          ],
          [
            77.138561,
            28.736853
          ],
          [
            77.138743,
            28.7371
          ],
          [
            77.139864,
            28.738344
          ],
          [
            77.140332,
            28.738862
          ],
          [
            77.140523,
            28.739084
          ],
          [
            77.140649,
            28.739257
          ],
          [
            77.140738,
            28.7394
          ],
          [
            77.140839,
            28.739584
          ],
          [
            77.140957,
            28.739868
          ],
          [
            77.14101,
            28.740046
          ],
          [
            77.141042,
            28.740202
          ],
          [
            77.141062,
            28.740327
          ],
          [
            77.141074,
            28.740469
          ],
          [
            77.141081,
            28.7407
          ],
          [
            77.141072,
            28.740872
          ],
          [
            77.141035,
            28.741111
          ],
          [
            77.140931,
            28.741494
          ],
          [
            77.14084,
            28.741712
          ],
          [
            77.140756,
            28.741865
          ],
          [
            77.14064,
            28.74207
          ],
          [
            77.14048,
            28.742274
          ],
          [
            77.140299,
            28.742482
          ],
          [
            77.139089,
            28.743788
          ],
          [
            77.138898,
            28.743995
          ],
          [
            77.138299,
            28.744639
          ]
        ]
      },
      "properties": {
        "id": 379815254,
        "name": "Delhi Metro Yellow Line",
        "color": "#ffcc00",
        "total_points": 47,
        "opening_year": 2015
      }
    },
    {
      "type": "Feature",
      "geometry": {
        "type": "LineString",
        "coordinates": [
          [
            77.162683,
            28.725987
          ],
          [
            77.161027,
            28.728175
          ],
          [
            77.159637,
            28.730011
          ],
          [
            77.159146,
            28.730681
          ],
          [
            77.158891,
            28.73103
          ],
          [
            77.158557,
            28.731368
          ],
          [
            77.158145,
            28.731655
          ],
          [
            77.157767,
            28.731856
          ],
          [
            77.157298,
            28.732039
          ],
          [
            77.156761,
            28.732145
          ],
          [
            77.155387,
            28.732463
          ],
          [
            77.154845,
            28.732587
          ],
          [
            77.154293,
            28.732635
          ],
          [
            77.153938,
            28.732647
          ],
          [
            77.153588,
            28.732615
          ],
          [
            77.153305,
            28.732567
          ],
          [
            77.152996,
            28.73249
          ],
          [
            77.152398,
            28.732238
          ],
          [
            77.151897,
            28.731931
          ]
        ]
      },
      "properties": {
        "id": 379815255,
        "name": "Delhi Metro Yellow Line",
        "color": "#ffcc00",
        "total_points": 19,
        "opening_year": 2015
      }
    },
    {
      "type": "Feature",
      "geometry": {
        "type": "LineString",
        "coordinates": [
          [
            77.145338,
            28.55976
          ],
          [
            77.15029,
            28.558778
          ],
          [
            77.152951,
            28.558536
          ],
          [
            77.159645,
            28.557927
          ],
          [
            77.16109,
            28.557808
          ],
          [
            77.162597,
            28.557669
          ],
          [
            77.165863,
            28.557821
          ],
          [
            77.168318,
            28.558455
          ],
          [
            77.169144,
            28.558668
          ],
          [
            77.170302,
            28.558967
          ],
          [
            77.171985,
            28.558984
          ],
          [
            77.173023,
            28.558628
          ],
          [
            77.173765,
            28.55817
          ],
          [
            77.174323,
            28.557533
          ],
          [
            77.175041,
            28.556881
          ],
          [
            77.183987,
            28.551091
          ],
          [
            77.185505,
            28.550363
          ],
          [
            77.188456,
            28.549139
          ],
          [
            77.19001,
            28.548556
          ],
          [
            77.192349,
            28.547679
          ],
          [
            77.193109,
            28.547394
          ],
          [
            77.194515,
            28.547003
          ],
          [
            77.195851,
            28.546584
          ],
          [
            77.197963,
            28.545827
          ],
          [
            77.201735,
            28.544087
          ],
          [
            77.20392,
            28.543476
          ],
          [
            77.205019,
            28.543351
          ],
          [
            77.206214,
            28.543166
          ],
          [
            77.221092,
            28.542353
          ],
          [
            77.222546,
            28.542275
          ],
          [
            77.226596,
            28.541925
          ],
          [
            77.228931,
            28.541275
          ],
          [
            77.230291,
            28.541091
          ],
          [
            77.234322,
            28.540731
          ],
          [
            77.236172,
            28.540932
          ],
          [
            77.237229,
            28.54137
          ],
          [
            77.238464,
            28.541872
          ],
          [
            77.246134,
            28.544198
          ],
          [
            77.249354,
            28.545163
          ],
          [
            77.251518,
            28.546037
          ],
          [
            77.252464,
            28.54649
          ],
          [
            77.252945,
            28.54672
          ],
          [
            77.254575,
            28.54796
          ],
          [
            77.254665,
            28.548028
          ],
          [
            77.25491,
            28.548337
          ],
          [
            77.255604,
            28.549046
          ],
          [
            77.256382,
            28.549804
          ],
          [
            77.256681,
            28.550077
          ]
        ]
      },
      "properties": {
        "id": 379883518,
        "name": "Delhi Metro Magenta Line",
        "color": "#c00060",
        "total_points": 48,
        "opening_year": 2018
      }
    },
    {
      "type": "Feature",
      "geometry": {
        "type": "LineString",
        "coordinates": [
          [
            77.135639,
            28.561779
          ],
          [
            77.138655,
            28.561162
          ],
          [
            77.140254,
            28.560827
          ],
          [
            77.140929,
            28.560736
          ],
          [
            77.141886,
            28.560631
          ],
          [
            77.142649,
            28.560493
          ],
          [
            77.142853,
            28.560456
          ],
          [
            77.145338,
            28.55976
          ]
        ]
      },
      "properties": {
        "id": 379883519,
        "name": "Delhi Metro Magenta Line",
        "color": "#c00060",
        "total_points": 8,
        "opening_year": 2018
      }
    },
    {
      "type": "Feature",
      "geometry": {
        "type": "LineString",
        "coordinates": [
          [
            77.415372,
            28.670647
          ],
          [
            77.414803,
            28.670834
          ],
          [
            77.414717,
            28.670862
          ],
          [
            77.414333,
            28.670961
          ],
          [
            77.413745,
            28.671113
          ],
          [
            77.412642,
            28.671397
          ],
          [
            77.411233,
            28.671785
          ],
          [
            77.410673,
            28.671935
          ],
          [
            77.408963,
            28.672413
          ],
          [
            77.407681,
            28.672961
          ],
          [
            77.407231,
            28.673159
          ],
          [
            77.406525,
            28.673399
          ],
          [
            77.401813,
            28.674712
          ],
          [
            77.400844,
            28.674935
          ],
          [
            77.400278,
            28.675008
          ],
          [
            77.399246,
            28.675093
          ],
          [
            77.398472,
            28.675223
          ],
          [
            77.395909,
            28.675887
          ],
          [
            77.393218,
            28.676609
          ],
          [
            77.391882,
            28.676967
          ],
          [
            77.38921,
            28.677683
          ],
          [
            77.388115,
            28.677964
          ],
          [
            77.387252,
            28.678194
          ],
          [
            77.386712,
            28.678307
          ],
          [
            77.386219,
            28.678377
          ],
          [
            77.385239,
            28.678443
          ],
          [
            77.383896,
            28.678502
          ],
          [
            77.380965,
            28.678632
          ],
          [
            77.380295,
            28.678632
          ],
          [
            77.379027,
            28.678571
          ],
          [
            77.375262,
            28.678404
          ],
          [
            77.372344,
            28.678257
          ],
          [
            77.370489,
            28.678178
          ],
          [
            77.368994,
            28.678113
          ],
          [
            77.365621,
            28.677969
          ],
          [
            77.362463,
            28.677811
          ],
          [
            77.358145,
            28.67758
          ],
          [
            77.35531,
            28.677428
          ],
          [
            77.346863,
            28.677058
          ],
          [
            77.344268,
            28.676945
          ],
          [
            77.340908,
            28.676859
          ],
          [
            77.337462,
            28.676731
          ],
          [
            77.333917,
            28.67663
          ],
          [
            77.332411,
            28.676587
          ],
          [
            77.331849,
            28.676578
          ],
          [
            77.330626,
            28.676532
          ],
          [
            77.327869,
            28.676462
          ],
          [
            77.326954,
            28.676378
          ],
          [
            77.324982,
            28.676094
          ],
          [
            77.324165,
            28.676025
          ],
          [
            77.323392,
            28.675953
          ]
        ]
      },
      "properties": {
        "id": 379891675,
        "name": "Delhi Metro Red Line",
        "color": "#e61919",
        "total_points": 51,
        "opening_year": 2019
      }
    },
    {
      "type": "Feature",
      "geometry": {
        "type": "LineString",
        "coordinates": [
          [
            77.37306,
            28.593232
          ],
          [
            77.372281,
            28.595504
          ],
          [
            77.372228,
            28.59582
          ],
          [
            77.37219,
            28.596142
          ],
          [
            77.372174,
            28.596278
          ],
          [
            77.372184,
            28.596879
          ],
          [
            77.37223,
            28.597586
          ],
          [
            77.372394,
            28.60104
          ],
          [
            77.372487,
            28.602981
          ],
          [
            77.372605,
            28.605687
          ],
          [
            77.372642,
            28.606529
          ],
          [
            77.37278,
            28.609029
          ],
          [
            77.372805,
            28.609509
          ],
          [
            77.372873,
            28.61018
          ],
          [
            77.373376,
            28.615296
          ],
          [
            77.373555,
            28.616988
          ],
          [
            77.373615,
            28.61789
          ],
          [
            77.374069,
            28.622627
          ],
          [
            77.374239,
            28.623231
          ],
          [
            77.374522,
            28.623907
          ],
          [
            77.374645,
            28.624395
          ],
          [
            77.374804,
            28.625641
          ],
          [
            77.374836,
            28.625978
          ],
          [
            77.374872,
            28.626325
          ],
          [
            77.374922,
            28.626866
          ],
          [
            77.375044,
            28.628262
          ]
        ]
      },
      "properties": {
        "id": 383657723,
        "name": "Blue Line",
        "color": "#0070c0",
        "total_points": 26,
        "opening_year": 2019
      }
    },
    {
      "type": "Feature",
      "geometry": {
        "type": "LineString",
        "coordinates": [
          [
            77.360049,
            28.577686
          ],
          [
            77.36348,
            28.580275
          ],
          [
            77.366407,
            28.582446
          ],
          [
            77.370545,
            28.585568
          ],
          [
            77.370949,
            28.585818
          ],
          [
            77.371254,
            28.585985
          ],
          [
            77.371443,
            28.586102
          ],
          [
            77.371728,
            28.586249
          ],
          [
            77.372775,
            28.586782
          ],
          [
            77.373552,
            28.587167
          ],
          [
            77.37384,
            28.58733
          ],
          [
            77.374065,
            28.587473
          ],
          [
            77.374228,
            28.5876
          ],
          [
            77.374355,
            28.587718
          ],
          [
            77.374474,
            28.587841
          ],
          [
            77.374584,
            28.587971
          ],
          [
            77.374685,
            28.588106
          ],
          [
            77.374776,
            28.588246
          ],
          [
            77.374858,
            28.588391
          ],
          [
            77.374929,
            28.58854
          ],
          [
            77.374991,
            28.588693
          ],
          [
            77.375042,
            28.588848
          ],
          [
            77.375082,
            28.589006
          ],
          [
            77.375111,
            28.589165
          ],
          [
            77.375129,
            28.58932
          ],
          [
            77.375137,
            28.589475
          ],
          [
            77.375134,
            28.58963
          ],
          [
            77.375122,
            28.589784
          ],
          [
            77.375099,
            28.589938
          ],
          [
            77.375066,
            28.59009
          ],
          [
            77.375024,
            28.590241
          ],
          [
            77.374971,
            28.590389
          ],
          [
            77.374909,
            28.590534
          ],
          [
            77.374838,
            28.590676
          ],
          [
            77.374757,
            28.590814
          ],
          [
            77.374508,
            28.591182
          ],
          [
            77.374389,
            28.591325
          ],
          [
            77.374025,
            28.591756
          ],
          [
            77.373548,
            28.592364
          ],
          [
            77.373366,
            28.592636
          ],
          [
            77.373204,
            28.592905
          ],
          [
            77.37306,
            28.593232
          ]
        ]
      },
      "properties": {
        "id": 427589714,
        "name": "Blue Line",
        "color": "#0070c0",
        "total_points": 42,
        "opening_year": 2019
      }
    },
    {
      "type": "Feature",
      "geometry": {
        "type": "LineString",
        "coordinates": [
          [
            77.261725,
            28.552678
          ],
          [
            77.263096,
            28.553226
          ]
        ]
      },
      "properties": {
        "id": 454514566,
        "name": "Delhi Metro Magenta Line",
        "color": "#c00060",
        "total_points": 2,
        "opening_year": 2018
      }
    },
    {
      "type": "Feature",
      "geometry": {
        "type": "LineString",
        "coordinates": [
          [
            77.238736,
            28.576842
          ],
          [
            77.23882,
            28.575199
          ],
          [
            77.238751,
            28.574772
          ],
          [
            77.238626,
            28.574385
          ],
          [
            77.238493,
            28.574059
          ],
          [
            77.2368,
            28.571242
          ],
          [
            77.236418,
            28.57057
          ],
          [
            77.236118,
            28.570045
          ],
          [
            77.235709,
            28.56938
          ],
          [
            77.235208,
            28.568566
          ],
          [
            77.234936,
            28.567904
          ],
          [
            77.234706,
            28.567251
          ],
          [
            77.234587,
            28.566675
          ],
          [
            77.234466,
            28.566043
          ],
          [
            77.234415,
            28.565766
          ],
          [
            77.234365,
            28.565481
          ],
          [
            77.234316,
            28.565064
          ],
          [
            77.234306,
            28.564914
          ],
          [
            77.234289,
            28.564674
          ],
          [
            77.234278,
            28.564404
          ],
          [
            77.234312,
            28.563275
          ],
          [
            77.234332,
            28.563052
          ],
          [
            77.234378,
            28.562684
          ],
          [
            77.234432,
            28.562257
          ],
          [
            77.234513,
            28.561832
          ],
          [
            77.234646,
            28.561372
          ],
          [
            77.234736,
            28.561148
          ],
          [
            77.234846,
            28.560938
          ],
          [
            77.235072,
            28.560593
          ],
          [
            77.235349,
            28.560241
          ],
          [
            77.235599,
            28.559959
          ],
          [
            77.235923,
            28.559681
          ],
          [
            77.236278,
            28.55942
          ],
          [
            77.236613,
            28.559226
          ],
          [
            77.237062,
            28.559016
          ],
          [
            77.237577,
            28.558797
          ],
          [
            77.238589,
            28.558509
          ],
          [
            77.23911,
            28.55829
          ],
          [
            77.239331,
            28.55814
          ],
          [
            77.239594,
            28.557944
          ],
          [
            77.23988,
            28.55769
          ],
          [
            77.241641,
            28.555658
          ],
          [
            77.241984,
            28.555344
          ],
          [
            77.242312,
            28.555065
          ],
          [
            77.245052,
            28.553107
          ],
          [
            77.245569,
            28.552794
          ],
          [
            77.247162,
            28.551992
          ],
          [
            77.247213,
            28.551958
          ],
          [
            77.247673,
            28.551762
          ],
          [
            77.248247,
            28.551621
          ],
          [
            77.248718,
            28.551544
          ],
          [
            77.249111,
            28.551517
          ],
          [
            77.250196,
            28.551479
          ],
          [
            77.251021,
            28.55145
          ],
          [
            77.251739,
            28.551441
          ]
        ]
      },
      "properties": {
        "id": 454517223,
        "name": "Delhi Metro Violet Line",
        "color": "#7030a0",
        "total_points": 55,
        "opening_year": 2011
      }
    },
    {
      "type": "Feature",
      "geometry": {
        "type": "LineString",
        "coordinates": [
          [
            77.257465,
            28.595382
          ],
          [
            77.257725,
            28.595882
          ],
          [
            77.258124,
            28.596571
          ],
          [
            77.258285,
            28.596889
          ]
        ]
      },
      "properties": {
        "id": 473617055,
        "name": "Delhi Metro Pink Line",
        "color": "#ff66cc",
        "total_points": 4,
        "opening_year": 2018
      }
    },
    {
      "type": "Feature",
      "geometry": {
        "type": "LineString",
        "coordinates": [
          [
            77.10509,
            28.420103
          ],
          [
            77.105119,
            28.421876
          ],
          [
            77.105128,
            28.422421
          ],
          [
            77.105138,
            28.423301
          ],
          [
            77.105148,
            28.42372
          ],
          [
            77.105159,
            28.424438
          ],
          [
            77.105163,
            28.424676
          ],
          [
            77.105212,
            28.427357
          ],
          [
            77.105239,
            28.429199
          ],
          [
            77.105252,
            28.430144
          ],
          [
            77.105258,
            28.430561
          ],
          [
            77.105263,
            28.430824
          ],
          [
            77.105254,
            28.431051
          ],
          [
            77.105237,
            28.431296
          ],
          [
            77.105217,
            28.431471
          ],
          [
            77.105183,
            28.431661
          ],
          [
            77.105123,
            28.431946
          ],
          [
            77.105087,
            28.432092
          ],
          [
            77.104855,
            28.432974
          ],
          [
            77.103574,
            28.437522
          ],
          [
            77.10278,
            28.439676
          ],
          [
            77.10275,
            28.439758
          ],
          [
            77.102347,
            28.440852
          ],
          [
            77.101248,
            28.443742
          ],
          [
            77.100485,
            28.446387
          ],
          [
            77.100075,
            28.447783
          ],
          [
            77.098745,
            28.451628
          ],
          [
            77.098116,
            28.453427
          ],
          [
            77.097545,
            28.455384
          ],
          [
            77.097184,
            28.456708
          ],
          [
            77.096975,
            28.457429
          ],
          [
            77.096735,
            28.458218
          ],
          [
            77.096135,
            28.460279
          ],
          [
            77.095566,
            28.462157
          ],
          [
            77.095437,
            28.462654
          ],
          [
            77.095207,
            28.463593
          ],
          [
            77.094588,
            28.466866
          ],
          [
            77.09415,
            28.469291
          ],
          [
            77.094054,
            28.469861
          ],
          [
            77.093979,
            28.470414
          ],
          [
            77.093982,
            28.470967
          ],
          [
            77.093985,
            28.471428
          ],
          [
            77.093953,
            28.472817
          ],
          [
            77.093857,
            28.478158
          ],
          [
            77.093874,
            28.478874
          ],
          [
            77.093986,
            28.47933
          ],
          [
            77.094305,
            28.480453
          ],
          [
            77.094454,
            28.480994
          ],
          [
            77.094749,
            28.482063
          ],
          [
            77.09488,
            28.482517
          ],
          [
            77.09511,
            28.484055
          ],
          [
            77.095256,
            28.485039
          ]
        ]
      },
      "properties": {
        "id": 483037274,
        "name": "Rapid MetroRail Gurgaon",
        "color": "#003399",
        "total_points": 52,
        "opening_year": 2017
      }
    },
    {
      "type": "Feature",
      "geometry": {
        "type": "LineString",
        "coordinates": [
          [
            77.095214,
            28.485049
          ],
          [
            77.095071,
            28.484065
          ],
          [
            77.094859,
            28.482705
          ],
          [
            77.094826,
            28.482527
          ],
          [
            77.094698,
            28.482069
          ],
          [
            77.09462,
            28.48177
          ],
          [
            77.09442,
            28.480999
          ],
          [
            77.09426,
            28.480458
          ],
          [
            77.093941,
            28.479344
          ],
          [
            77.093835,
            28.478853
          ],
          [
            77.093807,
            28.478155
          ],
          [
            77.093922,
            28.472815
          ],
          [
            77.093937,
            28.471426
          ],
          [
            77.09393,
            28.470965
          ],
          [
            77.093938,
            28.47042
          ],
          [
            77.094001,
            28.469863
          ],
          [
            77.094092,
            28.469281
          ],
          [
            77.094537,
            28.466848
          ],
          [
            77.095142,
            28.46359
          ],
          [
            77.095399,
            28.462643
          ],
          [
            77.09552,
            28.462145
          ],
          [
            77.096073,
            28.460264
          ],
          [
            77.096929,
            28.457423
          ],
          [
            77.097135,
            28.456694
          ],
          [
            77.097503,
            28.455385
          ],
          [
            77.098071,
            28.453399
          ],
          [
            77.098697,
            28.451606
          ],
          [
            77.10003,
            28.44777
          ],
          [
            77.100441,
            28.446379
          ],
          [
            77.10054,
            28.446043
          ],
          [
            77.101211,
            28.443752
          ],
          [
            77.101421,
            28.44316
          ],
          [
            77.102289,
            28.440841
          ],
          [
            77.103527,
            28.437499
          ],
          [
            77.103859,
            28.436382
          ],
          [
            77.10481,
            28.432964
          ],
          [
            77.105049,
            28.432074
          ],
          [
            77.105085,
            28.431937
          ],
          [
            77.105144,
            28.431645
          ],
          [
            77.105172,
            28.431465
          ],
          [
            77.105194,
            28.431288
          ],
          [
            77.105214,
            28.431048
          ],
          [
            77.105221,
            28.430823
          ],
          [
            77.105219,
            28.430573
          ],
          [
            77.105211,
            28.430138
          ],
          [
            77.105192,
            28.429178
          ],
          [
            77.105171,
            28.427353
          ],
          [
            77.105121,
            28.424671
          ],
          [
            77.105103,
            28.4239
          ],
          [
            77.105099,
            28.423712
          ],
          [
            77.105089,
            28.423299
          ],
          [
            77.105087,
            28.422424
          ],
          [
            77.105043,
            28.420102
          ]
        ]
      },
      "properties": {
        "id": 483037276,
        "name": "Rapid MetroRail Gurgaon",
        "color": "#003399",
        "total_points": 53,
        "opening_year": 2017
      }
    },
    {
      "type": "Feature",
      "geometry": {
        "type": "LineString",
        "coordinates": [
          [
            77.094227,
            28.494378
          ],
          [
            77.09393,
            28.493996
          ]
        ]
      },
      "properties": {
        "id": 519588972,
        "name": "Rapid MetroRail Gurgaon",
        "color": "#003399",
        "total_points": 2,
        "opening_year": 2017
      }
    },
    {
      "type": "Feature",
      "geometry": {
        "type": "LineString",
        "coordinates": [
          [
            77.119309,
            28.69842
          ],
          [
            77.121262,
            28.698978
          ],
          [
            77.123063,
            28.699601
          ],
          [
            77.124547,
            28.700145
          ],
          [
            77.12543,
            28.700576
          ],
          [
            77.127449,
            28.701725
          ],
          [
            77.127831,
            28.701943
          ],
          [
            77.128749,
            28.702584
          ],
          [
            77.130056,
            28.703582
          ],
          [
            77.130363,
            28.703816
          ],
          [
            77.131067,
            28.704418
          ],
          [
            77.131565,
            28.70493
          ],
          [
            77.132217,
            28.705688
          ],
          [
            77.132818,
            28.706332
          ],
          [
            77.133707,
            28.707256
          ],
          [
            77.134151,
            28.70764
          ],
          [
            77.134873,
            28.708216
          ],
          [
            77.135225,
            28.708524
          ],
          [
            77.135524,
            28.708841
          ],
          [
            77.136156,
            28.709587
          ],
          [
            77.136444,
            28.709899
          ],
          [
            77.136961,
            28.710433
          ],
          [
            77.137287,
            28.710818
          ],
          [
            77.137564,
            28.711168
          ],
          [
            77.138014,
            28.711823
          ],
          [
            77.138407,
            28.712535
          ],
          [
            77.13865,
            28.713088
          ],
          [
            77.138772,
            28.713365
          ],
          [
            77.139064,
            28.714167
          ],
          [
            77.139317,
            28.715055
          ],
          [
            77.140119,
            28.718773
          ],
          [
            77.140377,
            28.719891
          ],
          [
            77.14052,
            28.720696
          ],
          [
            77.140671,
            28.721259
          ],
          [
            77.140895,
            28.721957
          ],
          [
            77.141395,
            28.723173
          ],
          [
            77.141731,
            28.723851
          ],
          [
            77.142112,
            28.724464
          ],
          [
            77.142419,
            28.724895
          ],
          [
            77.142723,
            28.72532
          ],
          [
            77.143082,
            28.725711
          ],
          [
            77.14348,
            28.726172
          ],
          [
            77.144104,
            28.726745
          ],
          [
            77.144464,
            28.727058
          ],
          [
            77.144866,
            28.727397
          ],
          [
            77.145766,
            28.728095
          ],
          [
            77.146477,
            28.728554
          ],
          [
            77.14722,
            28.728906
          ],
          [
            77.148078,
            28.729361
          ],
          [
            77.148805,
            28.729844
          ],
          [
            77.149844,
            28.730533
          ],
          [
            77.150751,
            28.731137
          ],
          [
            77.151536,
            28.73176
          ],
          [
            77.151908,
            28.732126
          ],
          [
            77.152166,
            28.732312
          ],
          [
            77.153477,
            28.733115
          ],
          [
            77.155925,
            28.73462
          ],
          [
            77.157276,
            28.735383
          ],
          [
            77.159572,
            28.736499
          ],
          [
            77.16042,
            28.736944
          ],
          [
            77.160606,
            28.737018
          ],
          [
            77.160795,
            28.737085
          ],
          [
            77.160987,
            28.737146
          ],
          [
            77.161182,
            28.737199
          ],
          [
            77.16138,
            28.737244
          ],
          [
            77.16158,
            28.737283
          ],
          [
            77.161777,
            28.737314
          ],
          [
            77.161976,
            28.737337
          ],
          [
            77.162176,
            28.737353
          ],
          [
            77.162376,
            28.737362
          ],
          [
            77.165604,
            28.737383
          ],
          [
            77.165797,
            28.737383
          ],
          [
            77.165989,
            28.737375
          ],
          [
            77.166176,
            28.73736
          ],
          [
            77.166362,
            28.737337
          ],
          [
            77.166546,
            28.737306
          ],
          [
            77.166729,
            28.737268
          ],
          [
            77.168077,
            28.736938
          ],
          [
            77.169813,
            28.736514
          ],
          [
            77.170439,
            28.736351
          ],
          [
            77.171839,
            28.735918
          ],
          [
            77.172487,
            28.735697
          ],
          [
            77.172842,
            28.735573
          ],
          [
            77.176326,
            28.734258
          ],
          [
            77.177086,
            28.733987
          ],
          [
            77.179804,
            28.732831
          ],
          [
            77.180226,
            28.732654
          ],
          [
            77.180378,
            28.732585
          ],
          [
            77.180525,
            28.732509
          ],
          [
            77.180667,
            28.732426
          ],
          [
            77.180804,
            28.732336
          ],
          [
            77.180935,
            28.73224
          ],
          [
            77.18106,
            28.732138
          ],
          [
            77.181179,
            28.73203
          ],
          [
            77.18129,
            28.731916
          ],
          [
            77.181395,
            28.731797
          ],
          [
            77.181491,
            28.731674
          ],
          [
            77.181581,
            28.731544
          ],
          [
            77.181663,
            28.73141
          ],
          [
            77.181736,
            28.731272
          ],
          [
            77.181801,
            28.731131
          ],
          [
            77.181856,
            28.730987
          ],
          [
            77.181903,
            28.730841
          ],
          [
            77.181939,
            28.730692
          ],
          [
            77.181967,
            28.730542
          ],
          [
            77.181985,
            28.730391
          ],
          [
            77.181993,
            28.730239
          ],
          [
            77.18189,
            28.729088
          ],
          [
            77.181745,
            28.725995
          ],
          [
            77.181734,
            28.725185
          ],
          [
            77.181639,
            28.724089
          ]
        ]
      },
      "properties": {
        "id": 538930432,
        "name": "R K Ashram Marg to Krishna Park Extension (Phase-4)",
        "color": "#00e5ff",
        "total_points": 111,
        "opening_year": 2015
      }
    },
    {
      "type": "Feature",
      "geometry": {
        "type": "LineString",
        "coordinates": [
          [
            77.254836,
            28.705109
          ],
          [
            77.255872,
            28.704829
          ],
          [
            77.257134,
            28.704551
          ],
          [
            77.258391,
            28.704173
          ],
          [
            77.258879,
            28.704045
          ],
          [
            77.260495,
            28.703752
          ],
          [
            77.262644,
            28.70362
          ],
          [
            77.263128,
            28.70359
          ],
          [
            77.265879,
            28.703371
          ],
          [
            77.268652,
            28.703137
          ],
          [
            77.270786,
            28.70295
          ],
          [
            77.275917,
            28.702528
          ],
          [
            77.277308,
            28.7024
          ],
          [
            77.278635,
            28.702279
          ],
          [
            77.280288,
            28.702275
          ],
          [
            77.280971,
            28.702259
          ],
          [
            77.281304,
            28.702322
          ],
          [
            77.28177,
            28.702372
          ],
          [
            77.282027,
            28.702376
          ],
          [
            77.282308,
            28.702369
          ],
          [
            77.282613,
            28.70233
          ],
          [
            77.283217,
            28.702153
          ],
          [
            77.283542,
            28.701989
          ],
          [
            77.283891,
            28.701667
          ],
          [
            77.284065,
            28.701359
          ],
          [
            77.284171,
            28.700861
          ],
          [
            77.284167,
            28.700409
          ],
          [
            77.284083,
            28.700047
          ],
          [
            77.283895,
            28.699671
          ],
          [
            77.283497,
            28.699129
          ],
          [
            77.283058,
            28.698795
          ],
          [
            77.282624,
            28.698242
          ],
          [
            77.281312,
            28.695743
          ]
        ]
      },
      "properties": {
        "id": 538930434,
        "name": "Yamuna Vihar to Mukundpur (Phase-4)",
        "color": "#00e5ff",
        "total_points": 33,
        "opening_year": 2015
      }
    },
    {
      "type": "Feature",
      "geometry": {
        "type": "LineString",
        "coordinates": [
          [
            77.256681,
            28.550077
          ],
          [
            77.257672,
            28.550936
          ],
          [
            77.258249,
            28.551287
          ],
          [
            77.259451,
            28.551862
          ],
          [
            77.261725,
            28.552678
          ]
        ]
      },
      "properties": {
        "id": 552413422,
        "name": "Delhi Metro Magenta Line",
        "color": "#c00060",
        "total_points": 5,
        "opening_year": 2018
      }
    },
    {
      "type": "Feature",
      "geometry": {
        "type": "LineString",
        "coordinates": [
          [
            77.169138,
            28.672632
          ],
          [
            77.168006,
            28.671702
          ],
          [
            77.166599,
            28.670896
          ],
          [
            77.166147,
            28.670677
          ],
          [
            77.165717,
            28.670571
          ],
          [
            77.165216,
            28.670531
          ],
          [
            77.164942,
            28.67052
          ],
          [
            77.164701,
            28.670528
          ],
          [
            77.164083,
            28.670661
          ],
          [
            77.163348,
            28.670951
          ],
          [
            77.162527,
            28.671306
          ],
          [
            77.161714,
            28.671603
          ],
          [
            77.161303,
            28.671673
          ],
          [
            77.160892,
            28.671702
          ],
          [
            77.160617,
            28.671692
          ],
          [
            77.160434,
            28.671685
          ],
          [
            77.159864,
            28.671591
          ],
          [
            77.159192,
            28.671453
          ],
          [
            77.1586,
            28.671349
          ],
          [
            77.15829,
            28.671305
          ],
          [
            77.158043,
            28.671276
          ],
          [
            77.157837,
            28.671263
          ],
          [
            77.157697,
            28.671259
          ],
          [
            77.157567,
            28.671261
          ],
          [
            77.157421,
            28.671271
          ],
          [
            77.157284,
            28.671287
          ],
          [
            77.156926,
            28.671335
          ]
        ]
      },
      "properties": {
        "id": 562646668,
        "name": "Delhi Metro Green Line",
        "color": "#00b050",
        "total_points": 27,
        "opening_year": 2010
      }
    },
    {
      "type": "Feature",
      "geometry": {
        "type": "LineString",
        "coordinates": [
          [
            77.263096,
            28.553226
          ],
          [
            77.263426,
            28.553382
          ],
          [
            77.263874,
            28.55365
          ],
          [
            77.264837,
            28.554448
          ]
        ]
      },
      "properties": {
        "id": 563894910,
        "name": "Delhi Metro Magenta Line",
        "color": "#c00060",
        "total_points": 4,
        "opening_year": 2018
      }
    },
    {
      "type": "Feature",
      "geometry": {
        "type": "LineString",
        "coordinates": [
          [
            77.286359,
            28.563034
          ],
          [
            77.285753,
            28.562356
          ],
          [
            77.285547,
            28.562126
          ],
          [
            77.285156,
            28.56182
          ],
          [
            77.284528,
            28.561515
          ],
          [
            77.28384,
            28.561245
          ],
          [
            77.283771,
            28.561218
          ],
          [
            77.283165,
            28.561059
          ],
          [
            77.282625,
            28.56101
          ],
          [
            77.281511,
            28.561033
          ],
          [
            77.278459,
            28.560997
          ],
          [
            77.278058,
            28.560964
          ],
          [
            77.277692,
            28.560906
          ],
          [
            77.277436,
            28.560845
          ],
          [
            77.276917,
            28.560719
          ],
          [
            77.276446,
            28.560502
          ],
          [
            77.275837,
            28.560191
          ],
          [
            77.274969,
            28.559784
          ]
        ]
      },
      "properties": {
        "id": 563894911,
        "name": "Delhi Metro Magenta Line",
        "color": "#c00060",
        "total_points": 18,
        "opening_year": 2018
      }
    },
    {
      "type": "Feature",
      "geometry": {
        "type": "LineString",
        "coordinates": [
          [
            77.291848,
            28.561302
          ],
          [
            77.291867,
            28.561874
          ],
          [
            77.291928,
            28.562903
          ],
          [
            77.291786,
            28.563497
          ],
          [
            77.291462,
            28.564049
          ],
          [
            77.290951,
            28.564515
          ],
          [
            77.290422,
            28.564767
          ],
          [
            77.29006,
            28.564891
          ],
          [
            77.289624,
            28.564983
          ],
          [
            77.289163,
            28.56498
          ],
          [
            77.288714,
            28.564893
          ],
          [
            77.288281,
            28.564731
          ],
          [
            77.287922,
            28.564493
          ],
          [
            77.287263,
            28.564003
          ],
          [
            77.286828,
            28.563603
          ],
          [
            77.286359,
            28.563034
          ]
        ]
      },
      "properties": {
        "id": 563894912,
        "name": "Delhi Metro Magenta Line",
        "color": "#c00060",
        "total_points": 16,
        "opening_year": 2018
      }
    },
    {
      "type": "Feature",
      "geometry": {
        "type": "LineString",
        "coordinates": [
          [
            77.291848,
            28.561302
          ],
          [
            77.291809,
            28.559877
          ],
          [
            77.291759,
            28.559471
          ],
          [
            77.291647,
            28.559043
          ],
          [
            77.291461,
            28.558484
          ],
          [
            77.291339,
            28.558022
          ],
          [
            77.291322,
            28.557451
          ],
          [
            77.29141,
            28.556827
          ],
          [
            77.29161,
            28.556213
          ],
          [
            77.291934,
            28.555585
          ],
          [
            77.292599,
            28.55416
          ],
          [
            77.292873,
            28.553498
          ],
          [
            77.292951,
            28.553302
          ],
          [
            77.293002,
            28.55314
          ],
          [
            77.293033,
            28.553026
          ],
          [
            77.293126,
            28.55263
          ],
          [
            77.293319,
            28.55182
          ],
          [
            77.293386,
            28.551592
          ],
          [
            77.293427,
            28.551482
          ],
          [
            77.293539,
            28.551205
          ],
          [
            77.293629,
            28.551025
          ],
          [
            77.29414,
            28.550133
          ],
          [
            77.29504,
            28.548557
          ],
          [
            77.295155,
            28.548393
          ],
          [
            77.295365,
            28.548005
          ],
          [
            77.296014,
            28.546898
          ],
          [
            77.296096,
            28.546762
          ],
          [
            77.296185,
            28.546606
          ],
          [
            77.296602,
            28.545876
          ],
          [
            77.296635,
            28.545819
          ]
        ]
      },
      "properties": {
        "id": 563894913,
        "name": "Delhi Metro Magenta Line",
        "color": "#c00060",
        "total_points": 30,
        "opening_year": 2018
      }
    },
    {
      "type": "Feature",
      "geometry": {
        "type": "LineString",
        "coordinates": [
          [
            77.310131,
            28.542898
          ],
          [
            77.309425,
            28.542252
          ],
          [
            77.309147,
            28.541997
          ],
          [
            77.308522,
            28.541392
          ],
          [
            77.306567,
            28.539129
          ],
          [
            77.306056,
            28.538655
          ],
          [
            77.305603,
            28.538372
          ],
          [
            77.305045,
            28.538145
          ],
          [
            77.304635,
            28.538053
          ],
          [
            77.30421,
            28.53801
          ],
          [
            77.303776,
            28.538018
          ],
          [
            77.303244,
            28.538104
          ],
          [
            77.302712,
            28.538287
          ],
          [
            77.301783,
            28.538743
          ],
          [
            77.301118,
            28.539189
          ],
          [
            77.300492,
            28.539929
          ],
          [
            77.298994,
            28.54193
          ],
          [
            77.298799,
            28.542187
          ],
          [
            77.29866,
            28.542376
          ],
          [
            77.298491,
            28.542624
          ],
          [
            77.298316,
            28.542907
          ],
          [
            77.297963,
            28.543514
          ],
          [
            77.297099,
            28.545013
          ],
          [
            77.296635,
            28.545819
          ]
        ]
      },
      "properties": {
        "id": 563894914,
        "name": "Delhi Metro Magenta Line",
        "color": "#c00060",
        "total_points": 24,
        "opening_year": 2018
      }
    },
    {
      "type": "Feature",
      "geometry": {
        "type": "LineString",
        "coordinates": [
          [
            77.321614,
            28.552924
          ],
          [
            77.321004,
            28.55247
          ],
          [
            77.32061,
            28.552177
          ],
          [
            77.319658,
            28.551183
          ],
          [
            77.319346,
            28.550821
          ],
          [
            77.318541,
            28.550029
          ],
          [
            77.316443,
            28.548273
          ],
          [
            77.314328,
            28.546513
          ],
          [
            77.312982,
            28.545353
          ],
          [
            77.312227,
            28.544704
          ],
          [
            77.310131,
            28.542898
          ]
        ]
      },
      "properties": {
        "id": 563894915,
        "name": "Delhi Metro Magenta Line",
        "color": "#c00060",
        "total_points": 11,
        "opening_year": 2018
      }
    },
    {
      "type": "Feature",
      "geometry": {
        "type": "LineString",
        "coordinates": [
          [
            77.321614,
            28.552924
          ],
          [
            77.323531,
            28.554293
          ],
          [
            77.324954,
            28.555305
          ],
          [
            77.326359,
            28.556061
          ],
          [
            77.326928,
            28.556333
          ],
          [
            77.32759,
            28.556603
          ],
          [
            77.328181,
            28.556842
          ],
          [
            77.329419,
            28.557348
          ],
          [
            77.331134,
            28.55806
          ],
          [
            77.333771,
            28.559136
          ],
          [
            77.334448,
            28.559515
          ],
          [
            77.33484,
            28.559905
          ],
          [
            77.335125,
            28.560392
          ],
          [
            77.335264,
            28.560875
          ],
          [
            77.335327,
            28.561331
          ],
          [
            77.335302,
            28.561542
          ],
          [
            77.335275,
            28.561697
          ],
          [
            77.335169,
            28.562023
          ],
          [
            77.335064,
            28.562249
          ],
          [
            77.334941,
            28.562454
          ],
          [
            77.334386,
            28.563225
          ],
          [
            77.33431,
            28.56333
          ],
          [
            77.333862,
            28.56392
          ]
        ]
      },
      "properties": {
        "id": 563894916,
        "name": "Delhi Metro Magenta Line",
        "color": "#c00060",
        "total_points": 23,
        "opening_year": 2018
      }
    },
    {
      "type": "Feature",
      "geometry": {
        "type": "LineString",
        "coordinates": [
          [
            77.333862,
            28.56392
          ],
          [
            77.33331,
            28.564538
          ],
          [
            77.333007,
            28.564839
          ],
          [
            77.332712,
            28.56514
          ],
          [
            77.332315,
            28.565551
          ],
          [
            77.332153,
            28.565718
          ],
          [
            77.331979,
            28.565878
          ],
          [
            77.331758,
            28.566063
          ],
          [
            77.331513,
            28.566239
          ],
          [
            77.330707,
            28.566792
          ]
        ]
      },
      "properties": {
        "id": 563894918,
        "name": "Delhi Metro Magenta Line",
        "color": "#c00060",
        "total_points": 10,
        "opening_year": 2018
      }
    },
    {
      "type": "Feature",
      "geometry": {
        "type": "LineString",
        "coordinates": [
          [
            77.022366,
            28.615913
          ],
          [
            77.022342,
            28.615552
          ],
          [
            77.022319,
            28.615321
          ],
          [
            77.02228,
            28.615018
          ],
          [
            77.022208,
            28.614643
          ]
        ]
      },
      "properties": {
        "id": 563896853,
        "name": "Delhi Metro Grey Line",
        "color": "#808080",
        "total_points": 5,
        "opening_year": 2019
      }
    },
    {
      "type": "Feature",
      "geometry": {
        "type": "LineString",
        "coordinates": [
          [
            77.001655,
            28.61382
          ],
          [
            77.002366,
            28.614044
          ],
          [
            77.002699,
            28.614142
          ],
          [
            77.003075,
            28.614289
          ],
          [
            77.003656,
            28.614602
          ],
          [
            77.00465,
            28.615108
          ],
          [
            77.005345,
            28.61547
          ],
          [
            77.006118,
            28.615783
          ],
          [
            77.007432,
            28.616228
          ],
          [
            77.010452,
            28.617278
          ]
        ]
      },
      "properties": {
        "id": 563896854,
        "name": "Delhi Metro Grey Line",
        "color": "#808080",
        "total_points": 10,
        "opening_year": 2019
      }
    },
    {
      "type": "Feature",
      "geometry": {
        "type": "LineString",
        "coordinates": [
          [
            77.13391,
            28.628168
          ],
          [
            77.134403,
            28.627075
          ],
          [
            77.13481,
            28.626588
          ],
          [
            77.135167,
            28.626334
          ],
          [
            77.135413,
            28.626101
          ],
          [
            77.136413,
            28.624373
          ],
          [
            77.136962,
            28.622937
          ],
          [
            77.137132,
            28.622289
          ],
          [
            77.137157,
            28.621717
          ],
          [
            77.137064,
            28.620895
          ],
          [
            77.137052,
            28.620513
          ],
          [
            77.137045,
            28.620295
          ],
          [
            77.136885,
            28.616629
          ],
          [
            77.13682,
            28.615937
          ],
          [
            77.136531,
            28.615018
          ],
          [
            77.136461,
            28.614368
          ],
          [
            77.136679,
            28.613488
          ],
          [
            77.136979,
            28.612948
          ],
          [
            77.137357,
            28.612487
          ],
          [
            77.137862,
            28.61183
          ]
        ]
      },
      "properties": {
        "id": 570756008,
        "name": "Delhi Metro Pink Line",
        "color": "#ff66cc",
        "total_points": 20,
        "opening_year": 2018
      }
    },
    {
      "type": "Feature",
      "geometry": {
        "type": "LineString",
        "coordinates": [
          [
            77.170764,
            28.587248
          ],
          [
            77.17114,
            28.586696
          ],
          [
            77.171426,
            28.586286
          ],
          [
            77.171725,
            28.585842
          ],
          [
            77.171842,
            28.585654
          ],
          [
            77.172072,
            28.585261
          ],
          [
            77.172813,
            28.584156
          ],
          [
            77.172959,
            28.583906
          ],
          [
            77.173243,
            28.583409
          ],
          [
            77.173951,
            28.582178
          ],
          [
            77.174059,
            28.581982
          ],
          [
            77.174219,
            28.581657
          ],
          [
            77.174307,
            28.58146
          ],
          [
            77.174682,
            28.580551
          ],
          [
            77.174885,
            28.580055
          ],
          [
            77.175,
            28.579804
          ],
          [
            77.175161,
            28.579503
          ],
          [
            77.175709,
            28.578525
          ],
          [
            77.176426,
            28.577273
          ],
          [
            77.177067,
            28.576312
          ],
          [
            77.177678,
            28.57554
          ],
          [
            77.178494,
            28.574274
          ]
        ]
      },
      "properties": {
        "id": 570756009,
        "name": "Delhi Metro Pink Line",
        "color": "#ff66cc",
        "total_points": 22,
        "opening_year": 2018
      }
    },
    {
      "type": "Feature",
      "geometry": {
        "type": "LineString",
        "coordinates": [
          [
            77.169438,
            28.589282
          ],
          [
            77.169918,
            28.588545
          ],
          [
            77.170152,
            28.588164
          ],
          [
            77.170449,
            28.587758
          ],
          [
            77.170764,
            28.587248
          ]
        ]
      },
      "properties": {
        "id": 583105623,
        "name": "Delhi Metro Pink Line",
        "color": "#ff66cc",
        "total_points": 5,
        "opening_year": 2018
      }
    },
    {
      "type": "Feature",
      "geometry": {
        "type": "LineString",
        "coordinates": [
          [
            77.17413,
            28.611399
          ],
          [
            77.175813,
            28.61274
          ],
          [
            77.178262,
            28.614218
          ],
          [
            77.18163,
            28.615741
          ],
          [
            77.194445,
            28.621314
          ],
          [
            77.206717,
            28.626812
          ],
          [
            77.207569,
            28.627194
          ],
          [
            77.208382,
            28.627558
          ],
          [
            77.211331,
            28.62888
          ],
          [
            77.21468,
            28.630387
          ],
          [
            77.215511,
            28.631032
          ],
          [
            77.215902,
            28.631522
          ],
          [
            77.223133,
            28.642471
          ]
        ]
      },
      "properties": {
        "id": 604707698,
        "name": "Airport Express Line",
        "color": "#ff6600",
        "total_points": 13,
        "opening_year": 2011
      }
    },
    {
      "type": "Feature",
      "geometry": {
        "type": "LineString",
        "coordinates": [
          [
            77.161702,
            28.591879
          ],
          [
            77.163137,
            28.592479
          ],
          [
            77.163629,
            28.592738
          ],
          [
            77.16401,
            28.592978
          ],
          [
            77.164417,
            28.593267
          ],
          [
            77.164737,
            28.593524
          ],
          [
            77.165058,
            28.593836
          ],
          [
            77.165628,
            28.594496
          ],
          [
            77.166043,
            28.595171
          ],
          [
            77.166231,
            28.595562
          ],
          [
            77.16639,
            28.595946
          ],
          [
            77.166532,
            28.596516
          ],
          [
            77.166672,
            28.597144
          ],
          [
            77.16696,
            28.598416
          ],
          [
            77.167182,
            28.599213
          ],
          [
            77.167329,
            28.599612
          ],
          [
            77.167503,
            28.600019
          ],
          [
            77.167749,
            28.600433
          ],
          [
            77.169304,
            28.603004
          ],
          [
            77.170026,
            28.604222
          ],
          [
            77.170764,
            28.60559
          ],
          [
            77.171024,
            28.60623
          ],
          [
            77.171113,
            28.606491
          ],
          [
            77.171517,
            28.607679
          ],
          [
            77.171714,
            28.608084
          ],
          [
            77.172106,
            28.608806
          ],
          [
            77.172557,
            28.609456
          ],
          [
            77.173531,
            28.610622
          ],
          [
            77.17413,
            28.611399
          ]
        ]
      },
      "properties": {
        "id": 604707701,
        "name": "Airport Express Line",
        "color": "#ff6600",
        "total_points": 29,
        "opening_year": 2011
      }
    },
    {
      "type": "Feature",
      "geometry": {
        "type": "LineString",
        "coordinates": [
          [
            77.133136,
            28.55939
          ],
          [
            77.133242,
            28.56016
          ],
          [
            77.133252,
            28.560927
          ],
          [
            77.133223,
            28.561258
          ],
          [
            77.133195,
            28.561582
          ],
          [
            77.133118,
            28.562016
          ],
          [
            77.133106,
            28.562087
          ],
          [
            77.13276,
            28.563397
          ],
          [
            77.132543,
            28.564062
          ],
          [
            77.132394,
            28.564711
          ],
          [
            77.13231,
            28.565382
          ],
          [
            77.132289,
            28.565994
          ],
          [
            77.132328,
            28.566656
          ],
          [
            77.132444,
            28.567303
          ],
          [
            77.132611,
            28.56794
          ],
          [
            77.132817,
            28.568483
          ],
          [
            77.133063,
            28.568996
          ],
          [
            77.133346,
            28.569486
          ],
          [
            77.133471,
            28.569678
          ],
          [
            77.133587,
            28.569836
          ],
          [
            77.133729,
            28.570021
          ],
          [
            77.133912,
            28.570236
          ],
          [
            77.13405,
            28.570395
          ],
          [
            77.134298,
            28.570661
          ],
          [
            77.134494,
            28.570856
          ],
          [
            77.134696,
            28.571047
          ],
          [
            77.134932,
            28.571246
          ],
          [
            77.135385,
            28.571576
          ],
          [
            77.136636,
            28.572378
          ],
          [
            77.137591,
            28.573025
          ],
          [
            77.138698,
            28.573633
          ],
          [
            77.1395,
            28.574
          ],
          [
            77.140347,
            28.574367
          ],
          [
            77.141102,
            28.574735
          ],
          [
            77.141771,
            28.575178
          ],
          [
            77.142317,
            28.575602
          ],
          [
            77.142792,
            28.576075
          ],
          [
            77.143141,
            28.576481
          ],
          [
            77.143415,
            28.576837
          ],
          [
            77.143624,
            28.577171
          ],
          [
            77.143991,
            28.577889
          ],
          [
            77.144266,
            28.578656
          ],
          [
            77.144968,
            28.580711
          ],
          [
            77.145625,
            28.582932
          ],
          [
            77.145907,
            28.583619
          ],
          [
            77.14622,
            28.584194
          ],
          [
            77.146592,
            28.584741
          ],
          [
            77.146985,
            28.585237
          ],
          [
            77.147439,
            28.585715
          ],
          [
            77.14791,
            28.58611
          ],
          [
            77.148748,
            28.586695
          ],
          [
            77.149699,
            28.587196
          ],
          [
            77.151686,
            28.588051
          ],
          [
            77.155743,
            28.589704
          ],
          [
            77.156153,
            28.589855
          ],
          [
            77.156573,
            28.590009
          ],
          [
            77.156915,
            28.590116
          ],
          [
            77.157398,
            28.590262
          ],
          [
            77.158632,
            28.59066
          ],
          [
            77.159081,
            28.59081
          ],
          [
            77.159461,
            28.590958
          ],
          [
            77.160199,
            28.591263
          ],
          [
            77.160673,
            28.591461
          ],
          [
            77.161702,
            28.591879
          ]
        ]
      },
      "properties": {
        "id": 604707705,
        "name": "Airport Express Line",
        "color": "#ff6600",
        "total_points": 64,
        "opening_year": 2011
      }
    },
    {
      "type": "Feature",
      "geometry": {
        "type": "LineString",
        "coordinates": [
          [
            77.120804,
            28.54876
          ],
          [
            77.122111,
            28.548699
          ],
          [
            77.12344,
            28.548873
          ],
          [
            77.125299,
            28.549316
          ],
          [
            77.127204,
            28.55015
          ],
          [
            77.128804,
            28.551191
          ],
          [
            77.130369,
            28.552831
          ],
          [
            77.130736,
            28.553219
          ]
        ]
      },
      "properties": {
        "id": 604707710,
        "name": "Airport Express Line",
        "color": "#ff6600",
        "total_points": 8,
        "opening_year": 2011
      }
    },
    {
      "type": "Feature",
      "geometry": {
        "type": "LineString",
        "coordinates": [
          [
            77.056378,
            28.549015
          ],
          [
            77.056494,
            28.549129
          ],
          [
            77.057575,
            28.550456
          ],
          [
            77.058685,
            28.551815
          ],
          [
            77.060513,
            28.554055
          ],
          [
            77.062092,
            28.555703
          ],
          [
            77.063882,
            28.557316
          ],
          [
            77.065449,
            28.558182
          ],
          [
            77.067088,
            28.558728
          ],
          [
            77.069152,
            28.559026
          ],
          [
            77.071054,
            28.559103
          ],
          [
            77.076256,
            28.558519
          ],
          [
            77.081626,
            28.55755
          ],
          [
            77.08671,
            28.556424
          ],
          [
            77.100191,
            28.553427
          ],
          [
            77.119837,
            28.548907
          ],
          [
            77.120804,
            28.54876
          ]
        ]
      },
      "properties": {
        "id": 604707713,
        "name": "Airport Express Line",
        "color": "#ff6600",
        "total_points": 17,
        "opening_year": 2011
      }
    },
    {
      "type": "Feature",
      "geometry": {
        "type": "LineString",
        "coordinates": [
          [
            77.260806,
            28.621093
          ],
          [
            77.261459,
            28.621199
          ],
          [
            77.261842,
            28.621261
          ],
          [
            77.262934,
            28.621512
          ],
          [
            77.263262,
            28.621606
          ],
          [
            77.263587,
            28.621712
          ],
          [
            77.265354,
            28.622385
          ],
          [
            77.265926,
            28.622592
          ],
          [
            77.267003,
            28.622967
          ]
        ]
      },
      "properties": {
        "id": 604707717,
        "name": "Delhi Metro Line",
        "color": "#00e5ff",
        "total_points": 9,
        "opening_year": 2015
      }
    },
    {
      "type": "Feature",
      "geometry": {
        "type": "LineString",
        "coordinates": [
          [
            77.239771,
            28.62535
          ],
          [
            77.240125,
            28.62525
          ],
          [
            77.240604,
            28.625088
          ],
          [
            77.241288,
            28.624658
          ],
          [
            77.242546,
            28.623488
          ],
          [
            77.24363,
            28.622471
          ],
          [
            77.244333,
            28.621844
          ],
          [
            77.244894,
            28.621537
          ],
          [
            77.245348,
            28.621373
          ],
          [
            77.245745,
            28.621288
          ],
          [
            77.246179,
            28.621243
          ],
          [
            77.247275,
            28.62113
          ],
          [
            77.24785,
            28.621011
          ],
          [
            77.248738,
            28.620807
          ],
          [
            77.249556,
            28.620623
          ],
          [
            77.251318,
            28.620287
          ],
          [
            77.252183,
            28.620157
          ],
          [
            77.252685,
            28.620129
          ],
          [
            77.253546,
            28.6202
          ],
          [
            77.255547,
            28.620462
          ],
          [
            77.259587,
            28.620955
          ],
          [
            77.260445,
            28.621057
          ],
          [
            77.260806,
            28.621093
          ]
        ]
      },
      "properties": {
        "id": 604707724,
        "name": "Blue Line",
        "color": "#0070c0",
        "total_points": 23,
        "opening_year": 2010
      }
    },
    {
      "type": "Feature",
      "geometry": {
        "type": "LineString",
        "coordinates": [
          [
            77.045329,
            28.550852
          ],
          [
            77.047259,
            28.549532
          ],
          [
            77.048445,
            28.548712
          ],
          [
            77.049308,
            28.548296
          ],
          [
            77.049702,
            28.548147
          ],
          [
            77.05032,
            28.547938
          ],
          [
            77.050693,
            28.54786
          ],
          [
            77.051297,
            28.547765
          ],
          [
            77.051993,
            28.547731
          ],
          [
            77.052619,
            28.547759
          ],
          [
            77.053408,
            28.54787
          ],
          [
            77.054129,
            28.54802
          ],
          [
            77.054775,
            28.548232
          ],
          [
            77.055334,
            28.548469
          ],
          [
            77.055774,
            28.548656
          ],
          [
            77.056219,
            28.548983
          ],
          [
            77.056325,
            28.549069
          ]
        ]
      },
      "properties": {
        "id": 604707728,
        "name": "Airport Express Line",
        "color": "#ff6600",
        "total_points": 17,
        "opening_year": 2023
      }
    },
    {
      "type": "Feature",
      "geometry": {
        "type": "LineString",
        "coordinates": [
          [
            77.215922,
            28.635008
          ],
          [
            77.218228,
            28.633604
          ],
          [
            77.219711,
            28.632797
          ],
          [
            77.22065,
            28.632286
          ],
          [
            77.222253,
            28.631368
          ],
          [
            77.225021,
            28.629787
          ],
          [
            77.225855,
            28.629296
          ],
          [
            77.23142,
            28.626062
          ],
          [
            77.231988,
            28.625863
          ],
          [
            77.232259,
            28.625767
          ],
          [
            77.234198,
            28.625633
          ],
          [
            77.236146,
            28.62555
          ]
        ]
      },
      "properties": {
        "id": 604707732,
        "name": "Blue Line",
        "color": "#0070c0",
        "total_points": 12,
        "opening_year": 2010
      }
    },
    {
      "type": "Feature",
      "geometry": {
        "type": "LineString",
        "coordinates": [
          [
            77.040718,
            28.592219
          ],
          [
            77.033527,
            28.596992
          ],
          [
            77.029785,
            28.599502
          ],
          [
            77.027166,
            28.601266
          ],
          [
            77.025961,
            28.602204
          ],
          [
            77.025551,
            28.602557
          ],
          [
            77.025084,
            28.603049
          ],
          [
            77.024203,
            28.604055
          ],
          [
            77.023361,
            28.605063
          ],
          [
            77.02287,
            28.605819
          ],
          [
            77.022317,
            28.606898
          ],
          [
            77.022003,
            28.607872
          ],
          [
            77.021774,
            28.609298
          ],
          [
            77.021763,
            28.610395
          ],
          [
            77.021789,
            28.611441
          ],
          [
            77.02188,
            28.612069
          ],
          [
            77.022072,
            28.612746
          ],
          [
            77.02223,
            28.613291
          ],
          [
            77.022296,
            28.613517
          ],
          [
            77.022307,
            28.613554
          ],
          [
            77.022371,
            28.613776
          ],
          [
            77.022467,
            28.614074
          ],
          [
            77.022741,
            28.614943
          ],
          [
            77.023044,
            28.616011
          ],
          [
            77.023118,
            28.616271
          ],
          [
            77.023234,
            28.61668
          ],
          [
            77.023402,
            28.617331
          ],
          [
            77.023632,
            28.617832
          ],
          [
            77.02393,
            28.618247
          ],
          [
            77.024279,
            28.618599
          ],
          [
            77.024633,
            28.618849
          ],
          [
            77.024986,
            28.619046
          ],
          [
            77.025469,
            28.619238
          ],
          [
            77.026049,
            28.619354
          ],
          [
            77.026549,
            28.619368
          ],
          [
            77.027268,
            28.61931
          ],
          [
            77.029728,
            28.619127
          ],
          [
            77.030247,
            28.619087
          ],
          [
            77.030543,
            28.619079
          ],
          [
            77.030929,
            28.619085
          ],
          [
            77.031472,
            28.619114
          ],
          [
            77.032104,
            28.619186
          ],
          [
            77.033276,
            28.619332
          ],
          [
            77.035542,
            28.619707
          ],
          [
            77.037876,
            28.620051
          ],
          [
            77.038893,
            28.620193
          ],
          [
            77.040288,
            28.620327
          ],
          [
            77.041226,
            28.620328
          ],
          [
            77.041914,
            28.620291
          ],
          [
            77.043006,
            28.620212
          ],
          [
            77.043387,
            28.620199
          ],
          [
            77.043975,
            28.620213
          ],
          [
            77.04461,
            28.620261
          ],
          [
            77.045078,
            28.620297
          ],
          [
            77.046973,
            28.620561
          ],
          [
            77.047927,
            28.620666
          ],
          [
            77.04942,
            28.620853
          ],
          [
            77.051011,
            28.621028
          ],
          [
            77.051927,
            28.621155
          ],
          [
            77.052903,
            28.62129
          ],
          [
            77.053793,
            28.621444
          ],
          [
            77.055708,
            28.621777
          ],
          [
            77.05666,
            28.622015
          ],
          [
            77.057798,
            28.622259
          ],
          [
            77.058375,
            28.622401
          ],
          [
            77.059663,
            28.622745
          ],
          [
            77.060307,
            28.622933
          ],
          [
            77.061419,
            28.623325
          ],
          [
            77.063041,
            28.623972
          ],
          [
            77.063936,
            28.624337
          ],
          [
            77.065278,
            28.624868
          ],
          [
            77.067336,
            28.625643
          ],
          [
            77.068081,
            28.625916
          ],
          [
            77.069094,
            28.626289
          ],
          [
            77.071022,
            28.627052
          ],
          [
            77.071242,
            28.627131
          ],
          [
            77.073037,
            28.627817
          ],
          [
            77.073651,
            28.628058
          ],
          [
            77.074165,
            28.628211
          ],
          [
            77.07464,
            28.628328
          ],
          [
            77.075157,
            28.628478
          ],
          [
            77.075779,
            28.628714
          ],
          [
            77.075961,
            28.628789
          ],
          [
            77.076685,
            28.629088
          ],
          [
            77.077048,
            28.629223
          ],
          [
            77.078074,
            28.629603
          ],
          [
            77.079851,
            28.630377
          ],
          [
            77.080725,
            28.630746
          ],
          [
            77.08219,
            28.631262
          ],
          [
            77.084029,
            28.632001
          ],
          [
            77.085659,
            28.63264
          ],
          [
            77.085814,
            28.632704
          ],
          [
            77.086384,
            28.63291
          ],
          [
            77.086709,
            28.633027
          ],
          [
            77.089283,
            28.634007
          ],
          [
            77.091189,
            28.634527
          ],
          [
            77.092051,
            28.634849
          ],
          [
            77.093011,
            28.635308
          ],
          [
            77.093752,
            28.635648
          ],
          [
            77.094665,
            28.635958
          ],
          [
            77.09559,
            28.636242
          ],
          [
            77.096462,
            28.636564
          ],
          [
            77.097023,
            28.636815
          ],
          [
            77.097689,
            28.637127
          ],
          [
            77.098845,
            28.63771
          ],
          [
            77.099617,
            28.638154
          ],
          [
            77.10074,
            28.638823
          ],
          [
            77.101297,
            28.639045
          ],
          [
            77.102489,
            28.639482
          ],
          [
            77.105216,
            28.640501
          ],
          [
            77.106385,
            28.640974
          ],
          [
            77.108341,
            28.641847
          ],
          [
            77.109647,
            28.64242
          ],
          [
            77.110816,
            28.64285
          ],
          [
            77.111629,
            28.643158
          ],
          [
            77.112245,
            28.643458
          ],
          [
            77.112845,
            28.643764
          ],
          [
            77.113872,
            28.644368
          ],
          [
            77.114875,
            28.644955
          ],
          [
            77.115762,
            28.645545
          ],
          [
            77.116608,
            28.646161
          ],
          [
            77.117146,
            28.646546
          ],
          [
            77.117915,
            28.647023
          ],
          [
            77.118562,
            28.647378
          ],
          [
            77.119251,
            28.647681
          ],
          [
            77.122722,
            28.649074
          ],
          [
            77.123368,
            28.649383
          ],
          [
            77.123697,
            28.649546
          ],
          [
            77.125569,
            28.650566
          ],
          [
            77.127179,
            28.651518
          ],
          [
            77.127725,
            28.651749
          ],
          [
            77.128261,
            28.651901
          ],
          [
            77.130695,
            28.652519
          ],
          [
            77.131644,
            28.652765
          ],
          [
            77.133234,
            28.653175
          ],
          [
            77.133995,
            28.653379
          ],
          [
            77.134374,
            28.653489
          ],
          [
            77.134728,
            28.653621
          ],
          [
            77.135072,
            28.653761
          ],
          [
            77.135763,
            28.654222
          ],
          [
            77.137237,
            28.654946
          ],
          [
            77.142419,
            28.657878
          ],
          [
            77.143676,
            28.658478
          ],
          [
            77.14406,
            28.658587
          ],
          [
            77.144448,
            28.658677
          ],
          [
            77.144768,
            28.658728
          ],
          [
            77.145095,
            28.658728
          ],
          [
            77.145545,
            28.658675
          ],
          [
            77.146118,
            28.658551
          ],
          [
            77.14664,
            28.658312
          ],
          [
            77.147213,
            28.65792
          ],
          [
            77.148089,
            28.657355
          ],
          [
            77.148662,
            28.656982
          ],
          [
            77.149181,
            28.656693
          ],
          [
            77.149939,
            28.656213
          ],
          [
            77.150677,
            28.655763
          ],
          [
            77.1519,
            28.655018
          ],
          [
            77.152998,
            28.654383
          ],
          [
            77.153329,
            28.654222
          ],
          [
            77.154662,
            28.653704
          ],
          [
            77.155233,
            28.653426
          ],
          [
            77.155611,
            28.653196
          ],
          [
            77.158269,
            28.651601
          ],
          [
            77.167788,
            28.645936
          ],
          [
            77.169292,
            28.645029
          ],
          [
            77.171398,
            28.643818
          ],
          [
            77.173127,
            28.64272
          ],
          [
            77.173664,
            28.642428
          ],
          [
            77.173902,
            28.642331
          ],
          [
            77.174147,
            28.642242
          ],
          [
            77.174393,
            28.642178
          ],
          [
            77.174662,
            28.642116
          ],
          [
            77.174918,
            28.642098
          ],
          [
            77.175202,
            28.642094
          ],
          [
            77.175616,
            28.642123
          ],
          [
            77.176038,
            28.642169
          ],
          [
            77.178271,
            28.642517
          ],
          [
            77.187588,
            28.64387
          ],
          [
            77.18852,
            28.644031
          ],
          [
            77.189383,
            28.64414
          ],
          [
            77.192267,
            28.64453
          ],
          [
            77.196546,
            28.645191
          ],
          [
            77.197227,
            28.64526
          ],
          [
            77.197908,
            28.645191
          ],
          [
            77.198612,
            28.644955
          ],
          [
            77.199927,
            28.644336
          ],
          [
            77.201523,
            28.643599
          ],
          [
            77.202673,
            28.643132
          ],
          [
            77.203168,
            28.642851
          ],
          [
            77.203522,
            28.642603
          ],
          [
            77.203879,
            28.642274
          ],
          [
            77.204279,
            28.641856
          ],
          [
            77.204772,
            28.641401
          ],
          [
            77.205492,
            28.640975
          ],
          [
            77.206632,
            28.640424
          ],
          [
            77.208594,
            28.639259
          ],
          [
            77.213512,
            28.636448
          ]
        ]
      },
      "properties": {
        "id": 604707736,
        "name": "Blue Line",
        "color": "#0070c0",
        "total_points": 197,
        "opening_year": 2010
      }
    },
    {
      "type": "Feature",
      "geometry": {
        "type": "LineString",
        "coordinates": [
          [
            77.065567,
            28.561231
          ],
          [
            77.065875,
            28.561782
          ],
          [
            77.066161,
            28.562393
          ],
          [
            77.066394,
            28.563017
          ],
          [
            77.066624,
            28.56373
          ],
          [
            77.06677,
            28.564269
          ],
          [
            77.066868,
            28.56481
          ],
          [
            77.067015,
            28.565613
          ],
          [
            77.067106,
            28.566446
          ],
          [
            77.067209,
            28.568207
          ],
          [
            77.067209,
            28.568673
          ],
          [
            77.067175,
            28.569333
          ],
          [
            77.06709,
            28.569919
          ],
          [
            77.066979,
            28.570474
          ],
          [
            77.066774,
            28.571119
          ],
          [
            77.066552,
            28.571667
          ],
          [
            77.066243,
            28.572322
          ],
          [
            77.065822,
            28.573233
          ],
          [
            77.065309,
            28.574263
          ],
          [
            77.064641,
            28.575248
          ],
          [
            77.064196,
            28.575857
          ],
          [
            77.063786,
            28.57636
          ],
          [
            77.063265,
            28.576922
          ],
          [
            77.062769,
            28.577358
          ],
          [
            77.062007,
            28.57799
          ],
          [
            77.061365,
            28.578463
          ],
          [
            77.057486,
            28.58104
          ],
          [
            77.049427,
            28.586429
          ],
          [
            77.04547,
            28.589029
          ],
          [
            77.040718,
            28.592219
          ]
        ]
      },
      "properties": {
        "id": 604707748,
        "name": "Blue Line",
        "color": "#0070c0",
        "total_points": 30,
        "opening_year": 2010
      }
    },
    {
      "type": "Feature",
      "geometry": {
        "type": "LineString",
        "coordinates": [
          [
            77.156926,
            28.671335
          ],
          [
            77.1572,
            28.671285
          ],
          [
            77.157476,
            28.671239
          ],
          [
            77.157706,
            28.671194
          ],
          [
            77.158119,
            28.671111
          ],
          [
            77.158377,
            28.671056
          ],
          [
            77.158535,
            28.671018
          ],
          [
            77.158804,
            28.670944
          ],
          [
            77.159082,
            28.670855
          ],
          [
            77.159415,
            28.670747
          ],
          [
            77.159798,
            28.670597
          ],
          [
            77.160246,
            28.670408
          ],
          [
            77.161887,
            28.669729
          ],
          [
            77.162861,
            28.669297
          ],
          [
            77.163228,
            28.669115
          ],
          [
            77.163584,
            28.668845
          ],
          [
            77.163868,
            28.668573
          ],
          [
            77.164081,
            28.668235
          ],
          [
            77.164187,
            28.668011
          ],
          [
            77.164298,
            28.66763
          ],
          [
            77.164341,
            28.667339
          ],
          [
            77.164361,
            28.66692
          ],
          [
            77.164234,
            28.666407
          ],
          [
            77.164013,
            28.66593
          ],
          [
            77.163657,
            28.665538
          ],
          [
            77.163224,
            28.665189
          ],
          [
            77.162782,
            28.664949
          ],
          [
            77.161463,
            28.664316
          ],
          [
            77.160863,
            28.663965
          ],
          [
            77.159202,
            28.663036
          ],
          [
            77.157579,
            28.662046
          ],
          [
            77.15737,
            28.661909
          ],
          [
            77.157055,
            28.661689
          ],
          [
            77.156432,
            28.661221
          ],
          [
            77.156053,
            28.66086
          ],
          [
            77.154408,
            28.659015
          ],
          [
            77.15407,
            28.658539
          ],
          [
            77.153526,
            28.657463
          ],
          [
            77.153303,
            28.657052
          ],
          [
            77.15235,
            28.655794
          ]
        ]
      },
      "properties": {
        "id": 610022316,
        "name": "Delhi Metro Green Line Branch",
        "color": "#00b050",
        "total_points": 40,
        "opening_year": 2010
      }
    },
    {
      "type": "Feature",
      "geometry": {
        "type": "LineString",
        "coordinates": [
          [
            77.156518,
            28.671399
          ],
          [
            77.155944,
            28.671506
          ]
        ]
      },
      "properties": {
        "id": 610022321,
        "name": "Delhi Metro Green Line",
        "color": "#00b050",
        "total_points": 2,
        "opening_year": 2010
      }
    },
    {
      "type": "Feature",
      "geometry": {
        "type": "LineString",
        "coordinates": [
          [
            77.155944,
            28.671506
          ],
          [
            77.157039,
            28.671357
          ],
          [
            77.157363,
            28.671309
          ],
          [
            77.157566,
            28.671296
          ],
          [
            77.157708,
            28.671296
          ],
          [
            77.157826,
            28.671298
          ],
          [
            77.158033,
            28.671311
          ],
          [
            77.158273,
            28.671337
          ],
          [
            77.158595,
            28.671389
          ],
          [
            77.159197,
            28.671494
          ],
          [
            77.159829,
            28.671613
          ],
          [
            77.16062,
            28.671729
          ],
          [
            77.160891,
            28.671737
          ],
          [
            77.161318,
            28.671713
          ],
          [
            77.161756,
            28.671633
          ],
          [
            77.16216,
            28.6715
          ],
          [
            77.162537,
            28.671337
          ],
          [
            77.163295,
            28.671009
          ],
          [
            77.164082,
            28.670702
          ],
          [
            77.164386,
            28.670618
          ],
          [
            77.164699,
            28.670571
          ],
          [
            77.16492,
            28.67056
          ],
          [
            77.165194,
            28.670558
          ],
          [
            77.165704,
            28.670613
          ],
          [
            77.166121,
            28.670713
          ],
          [
            77.166564,
            28.670947
          ],
          [
            77.167964,
            28.671749
          ],
          [
            77.169092,
            28.672675
          ]
        ]
      },
      "properties": {
        "id": 610022330,
        "name": "Delhi Metro Green Line",
        "color": "#00b050",
        "total_points": 28,
        "opening_year": 2010
      }
    },
    {
      "type": "Feature",
      "geometry": {
        "type": "LineString",
        "coordinates": [
          [
            76.919179,
            28.697394
          ],
          [
            76.920228,
            28.696844
          ],
          [
            76.922309,
            28.695714
          ],
          [
            76.925438,
            28.694012
          ],
          [
            76.927976,
            28.692638
          ],
          [
            76.928983,
            28.692096
          ],
          [
            76.929485,
            28.691861
          ],
          [
            76.930109,
            28.691655
          ],
          [
            76.93114,
            28.691361
          ],
          [
            76.932054,
            28.691134
          ],
          [
            76.933207,
            28.690928
          ],
          [
            76.934898,
            28.690769
          ],
          [
            76.935447,
            28.690717
          ],
          [
            76.940931,
            28.690205
          ],
          [
            76.947606,
            28.689574
          ],
          [
            76.950529,
            28.689301
          ],
          [
            76.951167,
            28.68924
          ],
          [
            76.952343,
            28.68913
          ],
          [
            76.952929,
            28.689076
          ],
          [
            76.956311,
            28.688804
          ],
          [
            76.959565,
            28.688514
          ],
          [
            76.96303,
            28.688058
          ],
          [
            76.963172,
            28.688042
          ],
          [
            76.964076,
            28.687956
          ],
          [
            76.965975,
            28.687817
          ],
          [
            76.972812,
            28.687282
          ],
          [
            76.976142,
            28.686996
          ],
          [
            76.977202,
            28.68686
          ],
          [
            76.978159,
            28.68678
          ],
          [
            76.97874,
            28.686721
          ],
          [
            76.984545,
            28.686208
          ],
          [
            76.986228,
            28.686052
          ],
          [
            76.989558,
            28.685772
          ],
          [
            76.992691,
            28.685487
          ],
          [
            76.996129,
            28.685292
          ],
          [
            76.999484,
            28.68498
          ],
          [
            77.002362,
            28.684675
          ],
          [
            77.005469,
            28.6844
          ],
          [
            77.009153,
            28.684098
          ],
          [
            77.017117,
            28.683385
          ],
          [
            77.023977,
            28.68282
          ],
          [
            77.025143,
            28.682751
          ],
          [
            77.026261,
            28.682679
          ],
          [
            77.028785,
            28.682487
          ],
          [
            77.028971,
            28.682475
          ],
          [
            77.029743,
            28.682421
          ],
          [
            77.030056,
            28.682399
          ],
          [
            77.030573,
            28.682391
          ],
          [
            77.03127,
            28.682385
          ],
          [
            77.032808,
            28.682358
          ],
          [
            77.032921,
            28.682358
          ],
          [
            77.043937,
            28.6823
          ],
          [
            77.051996,
            28.68221
          ],
          [
            77.054017,
            28.682195
          ],
          [
            77.056237,
            28.682189
          ],
          [
            77.057001,
            28.682203
          ],
          [
            77.057692,
            28.682232
          ],
          [
            77.058181,
            28.682313
          ],
          [
            77.058692,
            28.682379
          ],
          [
            77.059128,
            28.682416
          ],
          [
            77.063924,
            28.682395
          ],
          [
            77.064727,
            28.682393
          ],
          [
            77.065698,
            28.682384
          ],
          [
            77.070862,
            28.682335
          ],
          [
            77.071379,
            28.682299
          ],
          [
            77.072348,
            28.682104
          ],
          [
            77.072626,
            28.682048
          ],
          [
            77.07331,
            28.681954
          ],
          [
            77.073999,
            28.681869
          ],
          [
            77.080851,
            28.681097
          ],
          [
            77.08941,
            28.68009
          ],
          [
            77.091964,
            28.679804
          ],
          [
            77.092659,
            28.679748
          ],
          [
            77.094003,
            28.679641
          ],
          [
            77.096601,
            28.679297
          ],
          [
            77.100581,
            28.678826
          ],
          [
            77.10078,
            28.678804
          ],
          [
            77.102218,
            28.678627
          ],
          [
            77.102952,
            28.678538
          ],
          [
            77.103609,
            28.678457
          ],
          [
            77.112287,
            28.677387
          ],
          [
            77.119355,
            28.676464
          ],
          [
            77.124762,
            28.675707
          ],
          [
            77.127692,
            28.675325
          ],
          [
            77.130466,
            28.675019
          ]
        ]
      },
      "properties": {
        "id": 610022335,
        "name": "Delhi Metro Green Line",
        "color": "#00b050",
        "total_points": 85,
        "opening_year": 2018
      }
    },
    {
      "type": "Feature",
      "geometry": {
        "type": "LineString",
        "coordinates": [
          [
            77.072638,
            28.459364
          ],
          [
            77.07334,
            28.460171
          ],
          [
            77.073454,
            28.460319
          ],
          [
            77.073569,
            28.460488
          ],
          [
            77.073649,
            28.460644
          ],
          [
            77.073726,
            28.460823
          ],
          [
            77.073792,
            28.461012
          ],
          [
            77.073848,
            28.461263
          ],
          [
            77.073886,
            28.461544
          ],
          [
            77.073882,
            28.461836
          ],
          [
            77.073851,
            28.462107
          ],
          [
            77.072391,
            28.472324
          ],
          [
            77.07186,
            28.475865
          ],
          [
            77.071939,
            28.476539
          ],
          [
            77.072079,
            28.477002
          ],
          [
            77.072322,
            28.477469
          ],
          [
            77.072706,
            28.477885
          ],
          [
            77.073072,
            28.478177
          ],
          [
            77.073417,
            28.478363
          ],
          [
            77.073678,
            28.478469
          ],
          [
            77.073961,
            28.47856
          ],
          [
            77.074248,
            28.478629
          ],
          [
            77.079878,
            28.479588
          ],
          [
            77.086814,
            28.480606
          ],
          [
            77.087758,
            28.480695
          ],
          [
            77.088307,
            28.480638
          ],
          [
            77.088965,
            28.480588
          ],
          [
            77.089439,
            28.480651
          ],
          [
            77.090789,
            28.480851
          ],
          [
            77.091585,
            28.481023
          ],
          [
            77.092993,
            28.481296
          ],
          [
            77.094408,
            28.481642
          ]
        ]
      },
      "properties": {
        "id": 610022365,
        "name": "Delhi Metro Yellow Line",
        "color": "#ffcc00",
        "total_points": 32,
        "opening_year": 2015
      }
    },
    {
      "type": "Feature",
      "geometry": {
        "type": "LineString",
        "coordinates": [
          [
            77.125745,
            28.480757
          ],
          [
            77.126828,
            28.481584
          ],
          [
            77.127505,
            28.482063
          ],
          [
            77.130307,
            28.48402
          ],
          [
            77.13142,
            28.485138
          ],
          [
            77.133371,
            28.486706
          ],
          [
            77.135223,
            28.487668
          ],
          [
            77.138991,
            28.489417
          ],
          [
            77.141326,
            28.490578
          ],
          [
            77.142144,
            28.491027
          ],
          [
            77.145201,
            28.492097
          ],
          [
            77.146544,
            28.492637
          ],
          [
            77.149171,
            28.493776
          ],
          [
            77.150436,
            28.494364
          ],
          [
            77.155993,
            28.496897
          ],
          [
            77.156792,
            28.497244
          ],
          [
            77.157074,
            28.497366
          ],
          [
            77.157345,
            28.497485
          ],
          [
            77.159566,
            28.498453
          ],
          [
            77.160339,
            28.498784
          ],
          [
            77.161845,
            28.499391
          ],
          [
            77.162393,
            28.499608
          ],
          [
            77.163007,
            28.499859
          ],
          [
            77.16342,
            28.500043
          ],
          [
            77.16382,
            28.500237
          ],
          [
            77.164767,
            28.500691
          ],
          [
            77.166381,
            28.501465
          ],
          [
            77.166627,
            28.501578
          ],
          [
            77.166838,
            28.501666
          ],
          [
            77.167084,
            28.501762
          ],
          [
            77.168052,
            28.502121
          ],
          [
            77.168315,
            28.502222
          ],
          [
            77.168587,
            28.502336
          ],
          [
            77.168769,
            28.502421
          ],
          [
            77.16943,
            28.502752
          ],
          [
            77.169654,
            28.502852
          ],
          [
            77.169878,
            28.502943
          ],
          [
            77.171437,
            28.503553
          ],
          [
            77.171612,
            28.503624
          ],
          [
            77.171785,
            28.503703
          ],
          [
            77.172001,
            28.503812
          ],
          [
            77.17223,
            28.503943
          ],
          [
            77.172455,
            28.504084
          ],
          [
            77.172611,
            28.504194
          ],
          [
            77.172771,
            28.504314
          ],
          [
            77.172979,
            28.504489
          ],
          [
            77.173184,
            28.50468
          ],
          [
            77.17339,
            28.504898
          ],
          [
            77.174902,
            28.506774
          ],
          [
            77.175649,
            28.507719
          ],
          [
            77.176092,
            28.508215
          ],
          [
            77.17626,
            28.508369
          ],
          [
            77.176433,
            28.508505
          ],
          [
            77.176538,
            28.508575
          ],
          [
            77.176721,
            28.508678
          ],
          [
            77.176922,
            28.508775
          ],
          [
            77.177124,
            28.508864
          ],
          [
            77.177289,
            28.508928
          ],
          [
            77.177453,
            28.508977
          ],
          [
            77.177674,
            28.509027
          ],
          [
            77.178178,
            28.509078
          ],
          [
            77.178938,
            28.509166
          ],
          [
            77.179494,
            28.509269
          ],
          [
            77.179874,
            28.509375
          ],
          [
            77.180238,
            28.509538
          ],
          [
            77.182249,
            28.510529
          ],
          [
            77.184304,
            28.511544
          ],
          [
            77.186435,
            28.512972
          ],
          [
            77.187563,
            28.51374
          ],
          [
            77.188038,
            28.514063
          ],
          [
            77.188411,
            28.514317
          ],
          [
            77.188736,
            28.514514
          ],
          [
            77.188998,
            28.514646
          ],
          [
            77.189366,
            28.514782
          ],
          [
            77.189788,
            28.514883
          ],
          [
            77.190185,
            28.514948
          ],
          [
            77.190586,
            28.514971
          ],
          [
            77.191865,
            28.514909
          ]
        ]
      },
      "properties": {
        "id": 610022371,
        "name": "Delhi Metro Yellow Line",
        "color": "#ffcc00",
        "total_points": 78,
        "opening_year": 2015
      }
    },
    {
      "type": "Feature",
      "geometry": {
        "type": "LineString",
        "coordinates": [
          [
            77.191865,
            28.514909
          ],
          [
            77.192462,
            28.514928
          ],
          [
            77.193305,
            28.51502
          ],
          [
            77.194015,
            28.515127
          ],
          [
            77.195232,
            28.515598
          ],
          [
            77.196324,
            28.516176
          ],
          [
            77.196438,
            28.516236
          ],
          [
            77.200266,
            28.519682
          ],
          [
            77.200882,
            28.520292
          ],
          [
            77.201204,
            28.520588
          ],
          [
            77.201494,
            28.520824
          ],
          [
            77.202633,
            28.521543
          ],
          [
            77.202909,
            28.521717
          ],
          [
            77.203017,
            28.521803
          ],
          [
            77.203155,
            28.521975
          ],
          [
            77.203311,
            28.522243
          ],
          [
            77.203427,
            28.522504
          ],
          [
            77.20491,
            28.528123
          ],
          [
            77.204925,
            28.528455
          ],
          [
            77.204796,
            28.529057
          ],
          [
            77.204616,
            28.529773
          ],
          [
            77.204587,
            28.53012
          ],
          [
            77.205348,
            28.532854
          ],
          [
            77.206114,
            28.535564
          ],
          [
            77.206696,
            28.538406
          ],
          [
            77.206397,
            28.54247
          ],
          [
            77.206679,
            28.544263
          ],
          [
            77.206749,
            28.546018
          ],
          [
            77.206771,
            28.546585
          ],
          [
            77.206638,
            28.547405
          ],
          [
            77.205972,
            28.548543
          ],
          [
            77.205909,
            28.549095
          ],
          [
            77.205765,
            28.550997
          ],
          [
            77.205687,
            28.551859
          ],
          [
            77.205724,
            28.552135
          ],
          [
            77.205967,
            28.554057
          ],
          [
            77.206113,
            28.555207
          ],
          [
            77.206444,
            28.556484
          ],
          [
            77.206567,
            28.557037
          ],
          [
            77.206672,
            28.557567
          ],
          [
            77.206717,
            28.557789
          ],
          [
            77.206761,
            28.558011
          ],
          [
            77.207358,
            28.561657
          ],
          [
            77.207533,
            28.563559
          ],
          [
            77.207531,
            28.563727
          ],
          [
            77.207549,
            28.566033
          ],
          [
            77.207774,
            28.566867
          ]
        ]
      },
      "properties": {
        "id": 610022378,
        "name": "Delhi Metro Yellow Line",
        "color": "#ffcc00",
        "total_points": 47,
        "opening_year": 2015
      }
    },
    {
      "type": "Feature",
      "geometry": {
        "type": "LineString",
        "coordinates": [
          [
            77.162632,
            28.725958
          ],
          [
            77.160976,
            28.728145
          ],
          [
            77.159586,
            28.729982
          ],
          [
            77.159095,
            28.730652
          ],
          [
            77.158842,
            28.730998
          ],
          [
            77.158514,
            28.73133
          ],
          [
            77.15811,
            28.731612
          ],
          [
            77.157738,
            28.731809
          ],
          [
            77.157279,
            28.731988
          ],
          [
            77.156747,
            28.732093
          ],
          [
            77.155372,
            28.732411
          ],
          [
            77.154835,
            28.732534
          ],
          [
            77.154289,
            28.732582
          ],
          [
            77.15394,
            28.732594
          ],
          [
            77.153597,
            28.732562
          ],
          [
            77.153319,
            28.732515
          ],
          [
            77.153018,
            28.73244
          ],
          [
            77.152429,
            28.732192
          ],
          [
            77.151931,
            28.731886
          ]
        ]
      },
      "properties": {
        "id": 610022383,
        "name": "Delhi Metro Yellow Line",
        "color": "#ffcc00",
        "total_points": 19,
        "opening_year": 2015
      }
    },
    {
      "type": "Feature",
      "geometry": {
        "type": "LineString",
        "coordinates": [
          [
            77.170091,
            28.716907
          ],
          [
            77.169753,
            28.717282
          ],
          [
            77.1669,
            28.720603
          ],
          [
            77.165781,
            28.721781
          ],
          [
            77.165039,
            28.72267
          ],
          [
            77.162632,
            28.725958
          ]
        ]
      },
      "properties": {
        "id": 610022388,
        "name": "Delhi Metro Yellow Line",
        "color": "#ffcc00",
        "total_points": 6,
        "opening_year": 2015
      }
    },
    {
      "type": "Feature",
      "geometry": {
        "type": "LineString",
        "coordinates": [
          [
            77.170654,
            28.716278
          ],
          [
            77.170399,
            28.716565
          ],
          [
            77.170091,
            28.716907
          ]
        ]
      },
      "properties": {
        "id": 610022394,
        "name": "Delhi Metro Yellow Line",
        "color": "#ffcc00",
        "total_points": 3,
        "opening_year": 2015
      }
    },
    {
      "type": "Feature",
      "geometry": {
        "type": "LineString",
        "coordinates": [
          [
            77.179581,
            28.707283
          ],
          [
            77.179219,
            28.707413
          ],
          [
            77.178608,
            28.707699
          ],
          [
            77.1782,
            28.707942
          ],
          [
            77.177798,
            28.708226
          ],
          [
            77.175901,
            28.710353
          ],
          [
            77.170654,
            28.716278
          ]
        ]
      },
      "properties": {
        "id": 610022400,
        "name": "Delhi Metro Yellow Line",
        "color": "#ffcc00",
        "total_points": 7,
        "opening_year": 2015
      }
    },
    {
      "type": "Feature",
      "geometry": {
        "type": "LineString",
        "coordinates": [
          [
            77.181475,
            28.706628
          ],
          [
            77.180361,
            28.707019
          ],
          [
            77.179581,
            28.707283
          ]
        ]
      },
      "properties": {
        "id": 610022407,
        "name": "Delhi Metro Yellow Line",
        "color": "#ffcc00",
        "total_points": 3,
        "opening_year": 2015
      }
    },
    {
      "type": "Feature",
      "geometry": {
        "type": "LineString",
        "coordinates": [
          [
            77.200218,
            28.700391
          ],
          [
            77.193982,
            28.70269
          ],
          [
            77.192515,
            28.703268
          ],
          [
            77.191753,
            28.703568
          ],
          [
            77.189768,
            28.704445
          ],
          [
            77.189159,
            28.704678
          ],
          [
            77.188464,
            28.704899
          ],
          [
            77.187252,
            28.705288
          ],
          [
            77.184948,
            28.706027
          ],
          [
            77.184619,
            28.706113
          ],
          [
            77.184306,
            28.706165
          ],
          [
            77.183634,
            28.706238
          ],
          [
            77.183186,
            28.706284
          ],
          [
            77.182736,
            28.706337
          ],
          [
            77.182486,
            28.706374
          ],
          [
            77.182259,
            28.70642
          ],
          [
            77.182004,
            28.706484
          ],
          [
            77.181475,
            28.706628
          ]
        ]
      },
      "properties": {
        "id": 610022413,
        "name": "Delhi Metro Yellow Line",
        "color": "#ffcc00",
        "total_points": 18,
        "opening_year": 2015
      }
    },
    {
      "type": "Feature",
      "geometry": {
        "type": "LineString",
        "coordinates": [
          [
            77.201067,
            28.700078
          ],
          [
            77.200218,
            28.700391
          ]
        ]
      },
      "properties": {
        "id": 610022422,
        "name": "Delhi Metro Yellow Line",
        "color": "#ffcc00",
        "total_points": 2,
        "opening_year": 2015
      }
    },
    {
      "type": "Feature",
      "geometry": {
        "type": "LineString",
        "coordinates": [
          [
            77.222714,
            28.643491
          ],
          [
            77.222791,
            28.643609
          ],
          [
            77.226489,
            28.649276
          ],
          [
            77.23006,
            28.656122
          ],
          [
            77.230179,
            28.656491
          ],
          [
            77.230296,
            28.658292
          ],
          [
            77.230305,
            28.658423
          ],
          [
            77.230339,
            28.659255
          ],
          [
            77.230009,
            28.663395
          ],
          [
            77.22931,
            28.665253
          ],
          [
            77.228162,
            28.667503
          ],
          [
            77.227575,
            28.668599
          ],
          [
            77.227289,
            28.669372
          ],
          [
            77.227127,
            28.669811
          ],
          [
            77.226223,
            28.671947
          ],
          [
            77.226014,
            28.67249
          ],
          [
            77.225954,
            28.672809
          ],
          [
            77.225865,
            28.673348
          ],
          [
            77.225739,
            28.67419
          ],
          [
            77.225539,
            28.675118
          ],
          [
            77.22545,
            28.675454
          ],
          [
            77.225402,
            28.675666
          ],
          [
            77.225228,
            28.676171
          ],
          [
            77.224998,
            28.676842
          ],
          [
            77.224373,
            28.67877
          ],
          [
            77.224181,
            28.679278
          ],
          [
            77.223914,
            28.679721
          ],
          [
            77.223681,
            28.680069
          ],
          [
            77.223313,
            28.68065
          ],
          [
            77.223042,
            28.681056
          ],
          [
            77.222715,
            28.681575
          ],
          [
            77.222564,
            28.681902
          ],
          [
            77.222538,
            28.682181
          ],
          [
            77.22251,
            28.682681
          ],
          [
            77.221698,
            28.686318
          ],
          [
            77.221298,
            28.688804
          ],
          [
            77.221231,
            28.689239
          ],
          [
            77.221222,
            28.689602
          ],
          [
            77.221196,
            28.690434
          ],
          [
            77.220956,
            28.691745
          ],
          [
            77.220741,
            28.692187
          ],
          [
            77.220498,
            28.692587
          ],
          [
            77.220297,
            28.692848
          ],
          [
            77.220012,
            28.693056
          ],
          [
            77.219767,
            28.693183
          ],
          [
            77.21969,
            28.693211
          ],
          [
            77.219097,
            28.693401
          ],
          [
            77.218466,
            28.693638
          ],
          [
            77.217756,
            28.693897
          ],
          [
            77.217343,
            28.694048
          ],
          [
            77.214733,
            28.695054
          ],
          [
            77.209546,
            28.696965
          ],
          [
            77.209319,
            28.697041
          ],
          [
            77.209251,
            28.697072
          ],
          [
            77.206399,
            28.698107
          ],
          [
            77.201067,
            28.700078
          ]
        ]
      },
      "properties": {
        "id": 610022426,
        "name": "Delhi Metro Yellow Line",
        "color": "#ffcc00",
        "total_points": 56,
        "opening_year": 2015
      }
    },
    {
      "type": "Feature",
      "geometry": {
        "type": "LineString",
        "coordinates": [
          [
            77.207774,
            28.566867
          ],
          [
            77.207866,
            28.567182
          ],
          [
            77.208045,
            28.567939
          ],
          [
            77.209053,
            28.573063
          ],
          [
            77.209117,
            28.573389
          ],
          [
            77.209271,
            28.574169
          ],
          [
            77.209461,
            28.574951
          ],
          [
            77.209577,
            28.575297
          ],
          [
            77.212304,
            28.583438
          ],
          [
            77.212329,
            28.583833
          ],
          [
            77.212317,
            28.584868
          ],
          [
            77.212382,
            28.585472
          ],
          [
            77.212503,
            28.586599
          ],
          [
            77.212769,
            28.589631
          ],
          [
            77.212638,
            28.591269
          ],
          [
            77.211067,
            28.597346
          ],
          [
            77.210958,
            28.598126
          ],
          [
            77.211764,
            28.609515
          ],
          [
            77.212211,
            28.615459
          ],
          [
            77.212252,
            28.615882
          ],
          [
            77.21235,
            28.616923
          ],
          [
            77.212454,
            28.61806
          ],
          [
            77.212603,
            28.619778
          ],
          [
            77.212707,
            28.621136
          ],
          [
            77.212892,
            28.621488
          ],
          [
            77.213208,
            28.621917
          ],
          [
            77.214007,
            28.622982
          ],
          [
            77.215632,
            28.625504
          ],
          [
            77.215741,
            28.62583
          ],
          [
            77.215777,
            28.627282
          ],
          [
            77.216064,
            28.627864
          ],
          [
            77.218759,
            28.631824
          ]
        ]
      },
      "properties": {
        "id": 610022433,
        "name": "Delhi Metro Yellow Line",
        "color": "#ffcc00",
        "total_points": 32,
        "opening_year": 2015
      }
    },
    {
      "type": "Feature",
      "geometry": {
        "type": "LineString",
        "coordinates": [
          [
            77.412093,
            28.499273
          ],
          [
            77.411911,
            28.499345
          ],
          [
            77.410853,
            28.499741
          ],
          [
            77.409859,
            28.500131
          ],
          [
            77.409567,
            28.500268
          ],
          [
            77.409327,
            28.500412
          ],
          [
            77.409106,
            28.500575
          ],
          [
            77.408884,
            28.500791
          ],
          [
            77.408727,
            28.500982
          ],
          [
            77.408573,
            28.501222
          ],
          [
            77.408474,
            28.50146
          ],
          [
            77.408396,
            28.501721
          ],
          [
            77.408352,
            28.502008
          ],
          [
            77.40834,
            28.502243
          ],
          [
            77.408352,
            28.50249
          ],
          [
            77.408393,
            28.503054
          ],
          [
            77.408385,
            28.50333
          ],
          [
            77.408349,
            28.503607
          ],
          [
            77.408242,
            28.503966
          ],
          [
            77.40812,
            28.504251
          ],
          [
            77.407964,
            28.504522
          ],
          [
            77.406587,
            28.506503
          ],
          [
            77.405139,
            28.508516
          ],
          [
            77.403577,
            28.51076
          ],
          [
            77.402761,
            28.511934
          ],
          [
            77.40175,
            28.513396
          ],
          [
            77.401361,
            28.514039
          ],
          [
            77.400798,
            28.515158
          ],
          [
            77.399775,
            28.517161
          ],
          [
            77.398743,
            28.51912
          ],
          [
            77.398241,
            28.519967
          ],
          [
            77.397853,
            28.520618
          ],
          [
            77.397496,
            28.521168
          ],
          [
            77.397171,
            28.521516
          ],
          [
            77.396414,
            28.522258
          ],
          [
            77.395688,
            28.522938
          ],
          [
            77.395236,
            28.523482
          ],
          [
            77.394983,
            28.523877
          ],
          [
            77.394817,
            28.524333
          ],
          [
            77.394861,
            28.525262
          ],
          [
            77.394939,
            28.525498
          ],
          [
            77.395128,
            28.526018
          ],
          [
            77.395286,
            28.526418
          ],
          [
            77.395376,
            28.526672
          ],
          [
            77.395432,
            28.526891
          ],
          [
            77.395381,
            28.527233
          ],
          [
            77.395068,
            28.529632
          ],
          [
            77.394722,
            28.53241
          ],
          [
            77.394526,
            28.534133
          ],
          [
            77.394461,
            28.538277
          ],
          [
            77.394383,
            28.540237
          ],
          [
            77.394347,
            28.540429
          ],
          [
            77.394308,
            28.540595
          ],
          [
            77.39422,
            28.540729
          ],
          [
            77.393039,
            28.542078
          ],
          [
            77.392764,
            28.542434
          ],
          [
            77.391818,
            28.544007
          ],
          [
            77.391581,
            28.544467
          ],
          [
            77.391435,
            28.544953
          ],
          [
            77.390978,
            28.546598
          ],
          [
            77.390848,
            28.547102
          ],
          [
            77.390787,
            28.547298
          ],
          [
            77.390701,
            28.547572
          ],
          [
            77.390648,
            28.547721
          ],
          [
            77.390597,
            28.547857
          ],
          [
            77.390469,
            28.548172
          ],
          [
            77.390307,
            28.54853
          ],
          [
            77.389911,
            28.549288
          ],
          [
            77.389754,
            28.549587
          ],
          [
            77.389427,
            28.550201
          ],
          [
            77.389217,
            28.550589
          ],
          [
            77.389045,
            28.55092
          ],
          [
            77.388928,
            28.551141
          ],
          [
            77.388849,
            28.551277
          ],
          [
            77.388782,
            28.551382
          ],
          [
            77.388672,
            28.551539
          ],
          [
            77.388567,
            28.551673
          ],
          [
            77.388499,
            28.551749
          ],
          [
            77.388338,
            28.55192
          ],
          [
            77.387408,
            28.552773
          ],
          [
            77.386844,
            28.553303
          ],
          [
            77.386351,
            28.553842
          ],
          [
            77.385894,
            28.554544
          ],
          [
            77.38563,
            28.554951
          ],
          [
            77.385493,
            28.555173
          ],
          [
            77.384917,
            28.556041
          ]
        ]
      },
      "properties": {
        "id": 610023996,
        "name": "Aqua Line",
        "color": "#00cccc",
        "total_points": 86,
        "opening_year": 2019
      }
    },
    {
      "type": "Feature",
      "geometry": {
        "type": "LineString",
        "coordinates": [
          [
            77.375096,
            28.62826
          ],
          [
            77.374968,
            28.626863
          ],
          [
            77.374915,
            28.626324
          ],
          [
            77.37487,
            28.625843
          ],
          [
            77.37485,
            28.625632
          ],
          [
            77.374704,
            28.624355
          ],
          [
            77.374584,
            28.623903
          ],
          [
            77.374271,
            28.62316
          ],
          [
            77.37413,
            28.622619
          ],
          [
            77.373678,
            28.61789
          ],
          [
            77.373622,
            28.616983
          ],
          [
            77.373442,
            28.615291
          ],
          [
            77.372927,
            28.610173
          ],
          [
            77.372869,
            28.609513
          ],
          [
            77.372835,
            28.609014
          ],
          [
            77.372721,
            28.606525
          ],
          [
            77.372568,
            28.602981
          ],
          [
            77.372309,
            28.597579
          ],
          [
            77.372259,
            28.596871
          ],
          [
            77.37225,
            28.59627
          ],
          [
            77.372302,
            28.59582
          ],
          [
            77.372353,
            28.595515
          ],
          [
            77.373113,
            28.593255
          ]
        ]
      },
      "properties": {
        "id": 610023998,
        "name": "Blue Line",
        "color": "#0070c0",
        "total_points": 23,
        "opening_year": 2019
      }
    },
    {
      "type": "Feature",
      "geometry": {
        "type": "LineString",
        "coordinates": [
          [
            77.373113,
            28.593255
          ],
          [
            77.37326,
            28.592925
          ],
          [
            77.373415,
            28.592655
          ],
          [
            77.373605,
            28.59238
          ],
          [
            77.374051,
            28.591799
          ],
          [
            77.374385,
            28.59141
          ],
          [
            77.374428,
            28.591359
          ],
          [
            77.374553,
            28.591213
          ],
          [
            77.374655,
            28.591086
          ],
          [
            77.374749,
            28.590954
          ],
          [
            77.374834,
            28.590818
          ],
          [
            77.374911,
            28.590678
          ],
          [
            77.374979,
            28.590535
          ],
          [
            77.375037,
            28.590388
          ],
          [
            77.375086,
            28.590239
          ],
          [
            77.375126,
            28.590087
          ],
          [
            77.375156,
            28.589934
          ],
          [
            77.375176,
            28.58978
          ],
          [
            77.375186,
            28.589625
          ],
          [
            77.375187,
            28.589469
          ],
          [
            77.375178,
            28.589314
          ],
          [
            77.375159,
            28.58916
          ],
          [
            77.375128,
            28.588998
          ],
          [
            77.375086,
            28.588837
          ],
          [
            77.375034,
            28.588679
          ],
          [
            77.374971,
            28.588525
          ],
          [
            77.374898,
            28.588373
          ],
          [
            77.374815,
            28.588226
          ],
          [
            77.374723,
            28.588083
          ],
          [
            77.37462,
            28.587945
          ],
          [
            77.374509,
            28.587813
          ],
          [
            77.374389,
            28.587687
          ],
          [
            77.374261,
            28.587567
          ],
          [
            77.374089,
            28.587433
          ],
          [
            77.373873,
            28.587295
          ],
          [
            77.373564,
            28.58712
          ],
          [
            77.372802,
            28.586735
          ],
          [
            77.37176,
            28.586213
          ],
          [
            77.371487,
            28.586064
          ],
          [
            77.371276,
            28.585946
          ],
          [
            77.370972,
            28.58578
          ],
          [
            77.370573,
            28.585532
          ],
          [
            77.366445,
            28.582401
          ],
          [
            77.363522,
            28.580227
          ],
          [
            77.360071,
            28.577648
          ]
        ]
      },
      "properties": {
        "id": 610024000,
        "name": "Blue Line",
        "color": "#0070c0",
        "total_points": 45,
        "opening_year": 2019
      }
    },
    {
      "type": "Feature",
      "geometry": {
        "type": "LineString",
        "coordinates": [
          [
            77.279526,
            28.617879
          ],
          [
            77.278859,
            28.618694
          ],
          [
            77.276326,
            28.622126
          ],
          [
            77.275797,
            28.622866
          ],
          [
            77.275423,
            28.623383
          ],
          [
            77.275319,
            28.623514
          ],
          [
            77.275226,
            28.623622
          ],
          [
            77.275131,
            28.623722
          ],
          [
            77.275029,
            28.62382
          ],
          [
            77.274917,
            28.623915
          ],
          [
            77.274771,
            28.624025
          ]
        ]
      },
      "properties": {
        "id": 610024003,
        "name": "Blue Line",
        "color": "#0070c0",
        "total_points": 11,
        "opening_year": 2010
      }
    },
    {
      "type": "Feature",
      "geometry": {
        "type": "LineString",
        "coordinates": [
          [
            77.333664,
            28.564595
          ],
          [
            77.332975,
            28.565281
          ],
          [
            77.331849,
            28.56618
          ],
          [
            77.329784,
            28.567585
          ],
          [
            77.328457,
            28.568638
          ],
          [
            77.32742,
            28.569573
          ],
          [
            77.326147,
            28.570789
          ],
          [
            77.323221,
            28.573542
          ],
          [
            77.322679,
            28.574014
          ],
          [
            77.322106,
            28.574426
          ],
          [
            77.31972,
            28.576509
          ],
          [
            77.318537,
            28.577493
          ],
          [
            77.317829,
            28.578107
          ],
          [
            77.31589,
            28.580042
          ],
          [
            77.315107,
            28.580793
          ],
          [
            77.314003,
            28.581848
          ],
          [
            77.313559,
            28.582292
          ],
          [
            77.313224,
            28.582708
          ],
          [
            77.311681,
            28.584926
          ],
          [
            77.310902,
            28.586094
          ],
          [
            77.309979,
            28.587738
          ],
          [
            77.309889,
            28.587876
          ],
          [
            77.309789,
            28.588009
          ],
          [
            77.30968,
            28.588136
          ],
          [
            77.309563,
            28.588258
          ],
          [
            77.309439,
            28.588373
          ],
          [
            77.309306,
            28.588481
          ],
          [
            77.309167,
            28.588583
          ],
          [
            77.309021,
            28.588677
          ],
          [
            77.308869,
            28.588763
          ],
          [
            77.308711,
            28.588842
          ],
          [
            77.308548,
            28.588911
          ],
          [
            77.308397,
            28.588967
          ],
          [
            77.308243,
            28.589016
          ],
          [
            77.308086,
            28.589058
          ],
          [
            77.307927,
            28.589092
          ],
          [
            77.307766,
            28.589118
          ],
          [
            77.307604,
            28.589137
          ],
          [
            77.30744,
            28.589149
          ],
          [
            77.307277,
            28.589152
          ],
          [
            77.306997,
            28.589161
          ],
          [
            77.303162,
            28.589114
          ],
          [
            77.301583,
            28.589105
          ],
          [
            77.299632,
            28.58911
          ],
          [
            77.299133,
            28.589129
          ],
          [
            77.298689,
            28.589208
          ],
          [
            77.298323,
            28.589317
          ],
          [
            77.298025,
            28.589438
          ],
          [
            77.297668,
            28.589644
          ],
          [
            77.297337,
            28.589879
          ],
          [
            77.297119,
            28.590083
          ],
          [
            77.296919,
            28.590333
          ],
          [
            77.296022,
            28.591668
          ],
          [
            77.295637,
            28.592272
          ],
          [
            77.29541,
            28.592633
          ],
          [
            77.295004,
            28.593389
          ],
          [
            77.294428,
            28.594467
          ],
          [
            77.294176,
            28.594963
          ],
          [
            77.293396,
            28.596475
          ],
          [
            77.293305,
            28.59667
          ],
          [
            77.293227,
            28.596819
          ],
          [
            77.292171,
            28.598859
          ],
          [
            77.291538,
            28.60017
          ],
          [
            77.290241,
            28.602559
          ],
          [
            77.29002,
            28.603016
          ],
          [
            77.289873,
            28.603292
          ],
          [
            77.289744,
            28.603591
          ],
          [
            77.289521,
            28.604056
          ],
          [
            77.289022,
            28.605046
          ],
          [
            77.288516,
            28.60605
          ],
          [
            77.287683,
            28.607785
          ],
          [
            77.287389,
            28.608425
          ],
          [
            77.287058,
            28.608942
          ],
          [
            77.286711,
            28.609445
          ],
          [
            77.286532,
            28.6097
          ],
          [
            77.286024,
            28.610284
          ],
          [
            77.28471,
            28.61186
          ],
          [
            77.284169,
            28.612581
          ],
          [
            77.283595,
            28.61339
          ],
          [
            77.282545,
            28.614875
          ],
          [
            77.2823,
            28.615177
          ],
          [
            77.282048,
            28.615441
          ],
          [
            77.28173,
            28.615711
          ],
          [
            77.281383,
            28.615959
          ],
          [
            77.280909,
            28.616284
          ],
          [
            77.280563,
            28.616571
          ],
          [
            77.280283,
            28.616853
          ],
          [
            77.279998,
            28.617206
          ],
          [
            77.279526,
            28.617879
          ]
        ]
      },
      "properties": {
        "id": 610024005,
        "name": "Blue Line",
        "color": "#0070c0",
        "total_points": 89,
        "opening_year": 2010
      }
    },
    {
      "type": "Feature",
      "geometry": {
        "type": "LineString",
        "coordinates": [
          [
            77.270828,
            28.624159
          ],
          [
            77.269531,
            28.623687
          ],
          [
            77.26886,
            28.623433
          ],
          [
            77.268044,
            28.623141
          ],
          [
            77.267656,
            28.623001
          ],
          [
            77.267456,
            28.622938
          ],
          [
            77.267265,
            28.622884
          ],
          [
            77.267071,
            28.622835
          ]
        ]
      },
      "properties": {
        "id": 610024029,
        "name": "Delhi Metro Line",
        "color": "#00e5ff",
        "total_points": 8,
        "opening_year": 2015
      }
    },
    {
      "type": "Feature",
      "geometry": {
        "type": "LineString",
        "coordinates": [
          [
            77.285917,
            28.636054
          ],
          [
            77.285453,
            28.635764
          ],
          [
            77.282398,
            28.633666
          ],
          [
            77.27755,
            28.630566
          ],
          [
            77.276578,
            28.629923
          ],
          [
            77.27577,
            28.629392
          ],
          [
            77.274894,
            28.628808
          ],
          [
            77.274719,
            28.628681
          ],
          [
            77.274545,
            28.628544
          ],
          [
            77.274421,
            28.628434
          ],
          [
            77.274313,
            28.628331
          ],
          [
            77.274164,
            28.628173
          ],
          [
            77.274069,
            28.628062
          ],
          [
            77.273908,
            28.627857
          ],
          [
            77.273811,
            28.627723
          ],
          [
            77.273536,
            28.627283
          ],
          [
            77.273083,
            28.626566
          ],
          [
            77.273,
            28.626426
          ],
          [
            77.272819,
            28.626125
          ],
          [
            77.272659,
            28.625859
          ],
          [
            77.272541,
            28.625668
          ],
          [
            77.272448,
            28.625529
          ],
          [
            77.272364,
            28.625414
          ],
          [
            77.272251,
            28.625277
          ],
          [
            77.272136,
            28.625154
          ]
        ]
      },
      "properties": {
        "id": 610024030,
        "name": "Delhi Metro Blue Line",
        "color": "#0070c0",
        "total_points": 25,
        "opening_year": 2010
      }
    },
    {
      "type": "Feature",
      "geometry": {
        "type": "LineString",
        "coordinates": [
          [
            77.339533,
            28.649724
          ],
          [
            77.338831,
            28.649313
          ],
          [
            77.33872,
            28.649247
          ],
          [
            77.337257,
            28.648365
          ],
          [
            77.335895,
            28.647515
          ],
          [
            77.334261,
            28.646529
          ],
          [
            77.333936,
            28.646346
          ],
          [
            77.333738,
            28.646251
          ],
          [
            77.333542,
            28.646166
          ],
          [
            77.333242,
            28.646061
          ],
          [
            77.332975,
            28.645986
          ],
          [
            77.332688,
            28.645922
          ],
          [
            77.332344,
            28.645871
          ],
          [
            77.331911,
            28.645836
          ],
          [
            77.328205,
            28.645611
          ],
          [
            77.32434,
            28.645366
          ],
          [
            77.322817,
            28.645315
          ],
          [
            77.32005,
            28.645208
          ],
          [
            77.319816,
            28.645212
          ],
          [
            77.319536,
            28.645236
          ],
          [
            77.319289,
            28.645273
          ],
          [
            77.319045,
            28.645332
          ],
          [
            77.318726,
            28.645426
          ],
          [
            77.318455,
            28.645529
          ],
          [
            77.318182,
            28.645653
          ],
          [
            77.317895,
            28.645812
          ],
          [
            77.31715,
            28.646246
          ],
          [
            77.316824,
            28.646436
          ],
          [
            77.316033,
            28.646841
          ],
          [
            77.315117,
            28.647222
          ],
          [
            77.31481,
            28.647323
          ],
          [
            77.314136,
            28.647514
          ],
          [
            77.31332,
            28.647721
          ],
          [
            77.311089,
            28.648277
          ],
          [
            77.310646,
            28.648376
          ],
          [
            77.310064,
            28.648528
          ],
          [
            77.309723,
            28.648598
          ],
          [
            77.309484,
            28.648633
          ],
          [
            77.309277,
            28.648651
          ],
          [
            77.309002,
            28.648663
          ],
          [
            77.307631,
            28.64863
          ],
          [
            77.3065,
            28.648517
          ],
          [
            77.305544,
            28.648374
          ],
          [
            77.304596,
            28.648159
          ],
          [
            77.303683,
            28.647757
          ]
        ]
      },
      "properties": {
        "id": 610024031,
        "name": "Blue Line",
        "color": "#0070c0",
        "total_points": 45,
        "opening_year": 2010
      }
    },
    {
      "type": "Feature",
      "geometry": {
        "type": "LineString",
        "coordinates": [
          [
            77.323382,
            28.676014
          ],
          [
            77.325348,
            28.676193
          ],
          [
            77.327107,
            28.676451
          ],
          [
            77.327907,
            28.676502
          ],
          [
            77.33062,
            28.676596
          ],
          [
            77.331923,
            28.676627
          ],
          [
            77.332413,
            28.676648
          ],
          [
            77.333915,
            28.676691
          ],
          [
            77.33746,
            28.676792
          ],
          [
            77.340905,
            28.67692
          ],
          [
            77.344266,
            28.677006
          ],
          [
            77.345869,
            28.677066
          ],
          [
            77.346032,
            28.677095
          ],
          [
            77.346863,
            28.677119
          ],
          [
            77.347784,
            28.677171
          ],
          [
            77.348162,
            28.677176
          ],
          [
            77.355306,
            28.677489
          ],
          [
            77.358137,
            28.67764
          ],
          [
            77.362459,
            28.677872
          ],
          [
            77.365617,
            28.67803
          ],
          [
            77.36899,
            28.678174
          ],
          [
            77.370485,
            28.678238
          ],
          [
            77.372341,
            28.678318
          ],
          [
            77.375259,
            28.678465
          ],
          [
            77.379023,
            28.678632
          ],
          [
            77.380293,
            28.678693
          ],
          [
            77.380967,
            28.678693
          ],
          [
            77.383902,
            28.678563
          ],
          [
            77.385243,
            28.678504
          ],
          [
            77.386227,
            28.678437
          ],
          [
            77.386725,
            28.678367
          ],
          [
            77.38727,
            28.678252
          ],
          [
            77.388135,
            28.678022
          ],
          [
            77.389229,
            28.677742
          ],
          [
            77.391894,
            28.677027
          ],
          [
            77.393239,
            28.676667
          ],
          [
            77.395929,
            28.675946
          ],
          [
            77.398488,
            28.675283
          ],
          [
            77.399255,
            28.675154
          ],
          [
            77.400287,
            28.675069
          ],
          [
            77.400858,
            28.674995
          ],
          [
            77.401832,
            28.674771
          ],
          [
            77.406548,
            28.673456
          ],
          [
            77.407259,
            28.673215
          ],
          [
            77.407712,
            28.673016
          ],
          [
            77.408989,
            28.672469
          ],
          [
            77.410694,
            28.671993
          ],
          [
            77.411253,
            28.671843
          ],
          [
            77.412662,
            28.671455
          ],
          [
            77.413744,
            28.671177
          ],
          [
            77.414739,
            28.67092
          ],
          [
            77.41539,
            28.670706
          ]
        ]
      },
      "properties": {
        "id": 610024032,
        "name": "Delhi Metro Red Line",
        "color": "#e61919",
        "total_points": 52,
        "opening_year": 2019
      }
    },
    {
      "type": "Feature",
      "geometry": {
        "type": "LineString",
        "coordinates": [
          [
            77.285637,
            28.672982
          ],
          [
            77.287754,
            28.673214
          ],
          [
            77.288096,
            28.673254
          ],
          [
            77.289882,
            28.67346
          ],
          [
            77.291176,
            28.673641
          ],
          [
            77.293355,
            28.673873
          ],
          [
            77.294666,
            28.674007
          ],
          [
            77.296656,
            28.674287
          ],
          [
            77.296882,
            28.674361
          ],
          [
            77.297325,
            28.674543
          ],
          [
            77.297763,
            28.674763
          ],
          [
            77.298544,
            28.675154
          ],
          [
            77.298897,
            28.675271
          ],
          [
            77.299196,
            28.67535
          ],
          [
            77.299476,
            28.67539
          ],
          [
            77.299744,
            28.675413
          ],
          [
            77.300869,
            28.675415
          ],
          [
            77.302596,
            28.675421
          ],
          [
            77.303553,
            28.675505
          ],
          [
            77.305119,
            28.675578
          ],
          [
            77.308463,
            28.675736
          ],
          [
            77.309871,
            28.675708
          ],
          [
            77.312394,
            28.67575
          ],
          [
            77.31543,
            28.675865
          ],
          [
            77.316037,
            28.675918
          ],
          [
            77.31681,
            28.676004
          ],
          [
            77.317249,
            28.676042
          ],
          [
            77.317772,
            28.67606
          ],
          [
            77.318622,
            28.67604
          ],
          [
            77.320176,
            28.675917
          ],
          [
            77.320733,
            28.675896
          ],
          [
            77.321513,
            28.675885
          ],
          [
            77.322372,
            28.675923
          ],
          [
            77.323382,
            28.676014
          ]
        ]
      },
      "properties": {
        "id": 610024033,
        "name": "Delhi Metro Red Line",
        "color": "#e61919",
        "total_points": 34,
        "opening_year": 2008
      }
    },
    {
      "type": "Feature",
      "geometry": {
        "type": "LineString",
        "coordinates": [
          [
            77.281094,
            28.672336
          ],
          [
            77.283662,
            28.672774
          ],
          [
            77.285637,
            28.672982
          ]
        ]
      },
      "properties": {
        "id": 610024034,
        "name": "Delhi Metro Red Line",
        "color": "#e61919",
        "total_points": 3,
        "opening_year": 2008
      }
    },
    {
      "type": "Feature",
      "geometry": {
        "type": "LineString",
        "coordinates": [
          [
            77.280014,
            28.672188
          ],
          [
            77.281094,
            28.672336
          ]
        ]
      },
      "properties": {
        "id": 610024035,
        "name": "Delhi Metro Red Line",
        "color": "#e61919",
        "total_points": 2,
        "opening_year": 2008
      }
    },
    {
      "type": "Feature",
      "geometry": {
        "type": "LineString",
        "coordinates": [
          [
            77.102362,
            28.72446
          ],
          [
            77.103918,
            28.723375
          ],
          [
            77.105334,
            28.722388
          ],
          [
            77.105411,
            28.722342
          ],
          [
            77.105801,
            28.722064
          ],
          [
            77.10599,
            28.721906
          ],
          [
            77.106219,
            28.721722
          ],
          [
            77.106509,
            28.721451
          ],
          [
            77.107161,
            28.720788
          ]
        ]
      },
      "properties": {
        "id": 610024036,
        "name": "Delhi Metro Red Line",
        "color": "#e61919",
        "total_points": 9,
        "opening_year": 2008
      }
    },
    {
      "type": "Feature",
      "geometry": {
        "type": "LineString",
        "coordinates": [
          [
            77.13163,
            28.703667
          ],
          [
            77.132261,
            28.703281
          ],
          [
            77.13319,
            28.702591
          ]
        ]
      },
      "properties": {
        "id": 610024037,
        "name": "Delhi Metro Red Line",
        "color": "#e61919",
        "total_points": 3,
        "opening_year": 2008
      }
    },
    {
      "type": "Feature",
      "geometry": {
        "type": "LineString",
        "coordinates": [
          [
            77.25524,
            28.66715
          ],
          [
            77.255868,
            28.66719
          ],
          [
            77.256364,
            28.667273
          ],
          [
            77.256864,
            28.667413
          ],
          [
            77.259095,
            28.668035
          ],
          [
            77.260684,
            28.668477
          ],
          [
            77.263533,
            28.669228
          ],
          [
            77.265236,
            28.669645
          ],
          [
            77.265641,
            28.669719
          ]
        ]
      },
      "properties": {
        "id": 610024038,
        "name": "Delhi Metro Red Line",
        "color": "#e61919",
        "total_points": 9,
        "opening_year": 2008
      }
    },
    {
      "type": "Feature",
      "geometry": {
        "type": "LineString",
        "coordinates": [
          [
            77.253982,
            28.667335
          ],
          [
            77.254412,
            28.667241
          ],
          [
            77.254527,
            28.667226
          ],
          [
            77.254814,
            28.667187
          ],
          [
            77.25524,
            28.66715
          ]
        ]
      },
      "properties": {
        "id": 610024039,
        "name": "Delhi Metro Red Line",
        "color": "#e61919",
        "total_points": 5,
        "opening_year": 2008
      }
    },
    {
      "type": "Feature",
      "geometry": {
        "type": "LineString",
        "coordinates": [
          [
            77.240071,
            28.67154
          ],
          [
            77.240292,
            28.67162
          ],
          [
            77.240584,
            28.671711
          ],
          [
            77.240845,
            28.671774
          ],
          [
            77.241112,
            28.671814
          ],
          [
            77.241384,
            28.671834
          ],
          [
            77.241656,
            28.671836
          ],
          [
            77.24193,
            28.671812
          ],
          [
            77.242251,
            28.67176
          ],
          [
            77.242484,
            28.671699
          ],
          [
            77.242716,
            28.671623
          ],
          [
            77.24297,
            28.671522
          ],
          [
            77.243221,
            28.671409
          ],
          [
            77.244649,
            28.670681
          ],
          [
            77.245447,
            28.670237
          ],
          [
            77.245733,
            28.670095
          ],
          [
            77.246032,
            28.669974
          ],
          [
            77.246753,
            28.669715
          ],
          [
            77.250539,
            28.668455
          ],
          [
            77.251485,
            28.668155
          ],
          [
            77.25254,
            28.667807
          ],
          [
            77.252599,
            28.667788
          ],
          [
            77.253372,
            28.667533
          ],
          [
            77.253982,
            28.667335
          ]
        ]
      },
      "properties": {
        "id": 610024041,
        "name": "Delhi Metro Red Line",
        "color": "#e61919",
        "total_points": 24,
        "opening_year": 2008
      }
    },
    {
      "type": "Feature",
      "geometry": {
        "type": "LineString",
        "coordinates": [
          [
            77.21761,
            28.66709
          ],
          [
            77.218454,
            28.667013
          ],
          [
            77.219381,
            28.666967
          ],
          [
            77.219817,
            28.666989
          ],
          [
            77.220186,
            28.667051
          ],
          [
            77.223059,
            28.667727
          ],
          [
            77.223383,
            28.667777
          ],
          [
            77.223676,
            28.667815
          ],
          [
            77.224137,
            28.667826
          ],
          [
            77.224616,
            28.667801
          ],
          [
            77.225536,
            28.667681
          ],
          [
            77.226435,
            28.667551
          ],
          [
            77.227144,
            28.667482
          ],
          [
            77.228247,
            28.667478
          ],
          [
            77.228864,
            28.667525
          ],
          [
            77.229388,
            28.667587
          ],
          [
            77.229782,
            28.667651
          ],
          [
            77.230058,
            28.667708
          ],
          [
            77.230486,
            28.66785
          ],
          [
            77.2309,
            28.668024
          ],
          [
            77.231303,
            28.668227
          ],
          [
            77.231714,
            28.668437
          ],
          [
            77.232132,
            28.668625
          ],
          [
            77.232485,
            28.66874
          ],
          [
            77.233419,
            28.669017
          ],
          [
            77.234174,
            28.669304
          ],
          [
            77.238913,
            28.671105
          ],
          [
            77.239305,
            28.671254
          ],
          [
            77.240071,
            28.67154
          ]
        ]
      },
      "properties": {
        "id": 610024042,
        "name": "Delhi Metro Red Line",
        "color": "#e61919",
        "total_points": 29,
        "opening_year": 2008
      }
    },
    {
      "type": "Feature",
      "geometry": {
        "type": "LineString",
        "coordinates": [
          [
            77.21564,
            28.667326
          ],
          [
            77.216635,
            28.667192
          ],
          [
            77.21761,
            28.66709
          ]
        ]
      },
      "properties": {
        "id": 610024043,
        "name": "Delhi Metro Red Line",
        "color": "#e61919",
        "total_points": 3,
        "opening_year": 2008
      }
    },
    {
      "type": "Feature",
      "geometry": {
        "type": "LineString",
        "coordinates": [
          [
            77.13319,
            28.702591
          ],
          [
            77.137748,
            28.699513
          ],
          [
            77.138659,
            28.69896
          ],
          [
            77.139197,
            28.69867
          ],
          [
            77.139704,
            28.698442
          ],
          [
            77.140554,
            28.698068
          ],
          [
            77.141467,
            28.697667
          ],
          [
            77.145382,
            28.695985
          ],
          [
            77.146127,
            28.695652
          ],
          [
            77.146662,
            28.695435
          ],
          [
            77.147198,
            28.695252
          ],
          [
            77.147676,
            28.695102
          ],
          [
            77.148166,
            28.694976
          ],
          [
            77.14851,
            28.694922
          ],
          [
            77.14885,
            28.694899
          ],
          [
            77.14893,
            28.6949
          ],
          [
            77.149344,
            28.694908
          ],
          [
            77.149649,
            28.694931
          ],
          [
            77.150068,
            28.695004
          ],
          [
            77.15044,
            28.695098
          ],
          [
            77.15102,
            28.69533
          ],
          [
            77.15155,
            28.695608
          ],
          [
            77.151718,
            28.695693
          ],
          [
            77.151721,
            28.695695
          ],
          [
            77.152133,
            28.695905
          ],
          [
            77.152467,
            28.696076
          ],
          [
            77.15338,
            28.696532
          ],
          [
            77.153443,
            28.696564
          ],
          [
            77.153978,
            28.696825
          ],
          [
            77.154324,
            28.69696
          ],
          [
            77.154598,
            28.697048
          ],
          [
            77.154899,
            28.697113
          ],
          [
            77.155187,
            28.69715
          ],
          [
            77.155436,
            28.697153
          ],
          [
            77.155734,
            28.697153
          ],
          [
            77.156019,
            28.69711
          ],
          [
            77.156307,
            28.697055
          ],
          [
            77.15658,
            28.696972
          ],
          [
            77.156811,
            28.696876
          ],
          [
            77.157084,
            28.696741
          ],
          [
            77.157307,
            28.696621
          ],
          [
            77.157536,
            28.696471
          ],
          [
            77.157724,
            28.69633
          ],
          [
            77.157904,
            28.696158
          ],
          [
            77.158111,
            28.695929
          ],
          [
            77.158274,
            28.695705
          ],
          [
            77.158417,
            28.695435
          ],
          [
            77.158929,
            28.694358
          ],
          [
            77.159905,
            28.692348
          ],
          [
            77.160427,
            28.691338
          ],
          [
            77.160579,
            28.691032
          ],
          [
            77.160961,
            28.690458
          ],
          [
            77.161112,
            28.690228
          ],
          [
            77.161385,
            28.689643
          ],
          [
            77.161558,
            28.689295
          ],
          [
            77.161716,
            28.688938
          ],
          [
            77.161963,
            28.68842
          ],
          [
            77.162132,
            28.688066
          ],
          [
            77.163593,
            28.685007
          ],
          [
            77.164211,
            28.68371
          ],
          [
            77.164807,
            28.682418
          ],
          [
            77.165182,
            28.68163
          ],
          [
            77.165868,
            28.680186
          ],
          [
            77.166557,
            28.678767
          ],
          [
            77.166699,
            28.678478
          ],
          [
            77.167025,
            28.677952
          ],
          [
            77.167385,
            28.67734
          ],
          [
            77.168662,
            28.675297
          ],
          [
            77.170371,
            28.673612
          ],
          [
            77.171433,
            28.672843
          ],
          [
            77.172138,
            28.672451
          ],
          [
            77.172933,
            28.672096
          ],
          [
            77.173611,
            28.671798
          ],
          [
            77.174165,
            28.67159
          ],
          [
            77.174838,
            28.671448
          ],
          [
            77.176767,
            28.671062
          ],
          [
            77.180806,
            28.670259
          ],
          [
            77.181388,
            28.670178
          ],
          [
            77.181861,
            28.670119
          ],
          [
            77.182772,
            28.670062
          ],
          [
            77.18539,
            28.669933
          ],
          [
            77.18701,
            28.669827
          ],
          [
            77.188417,
            28.66954
          ],
          [
            77.194401,
            28.667905
          ],
          [
            77.197713,
            28.667032
          ],
          [
            77.198906,
            28.666746
          ],
          [
            77.199411,
            28.666608
          ],
          [
            77.201646,
            28.665999
          ],
          [
            77.202572,
            28.665746
          ],
          [
            77.203387,
            28.665724
          ],
          [
            77.203938,
            28.665768
          ],
          [
            77.204643,
            28.665947
          ],
          [
            77.205581,
            28.666225
          ],
          [
            77.206104,
            28.666303
          ],
          [
            77.20741,
            28.666436
          ],
          [
            77.208356,
            28.666611
          ],
          [
            77.209331,
            28.666871
          ],
          [
            77.209927,
            28.667127
          ],
          [
            77.210537,
            28.667404
          ],
          [
            77.211033,
            28.667624
          ],
          [
            77.211486,
            28.667732
          ],
          [
            77.211894,
            28.667824
          ],
          [
            77.212148,
            28.667852
          ],
          [
            77.212447,
            28.667863
          ],
          [
            77.212891,
            28.667854
          ],
          [
            77.213225,
            28.667801
          ],
          [
            77.213922,
            28.667671
          ],
          [
            77.21564,
            28.667326
          ]
        ]
      },
      "properties": {
        "id": 610024044,
        "name": "Delhi Metro Red Line",
        "color": "#e61919",
        "total_points": 108,
        "opening_year": 2008
      }
    },
    {
      "type": "Feature",
      "geometry": {
        "type": "LineString",
        "coordinates": [
          [
            77.239288,
            28.583037
          ],
          [
            77.239195,
            28.583333
          ],
          [
            77.238266,
            28.584496
          ],
          [
            77.237922,
            28.584906
          ],
          [
            77.23435,
            28.587464
          ],
          [
            77.234083,
            28.587808
          ],
          [
            77.233755,
            28.588228
          ],
          [
            77.233093,
            28.590879
          ],
          [
            77.231652,
            28.595345
          ],
          [
            77.230772,
            28.59891
          ],
          [
            77.230507,
            28.599984
          ],
          [
            77.23044,
            28.600257
          ],
          [
            77.230229,
            28.60111
          ],
          [
            77.230134,
            28.601507
          ],
          [
            77.229808,
            28.601781
          ],
          [
            77.229108,
            28.602224
          ],
          [
            77.228882,
            28.602368
          ],
          [
            77.227578,
            28.603195
          ],
          [
            77.224554,
            28.605113
          ],
          [
            77.213532,
            28.61359
          ],
          [
            77.212716,
            28.614218
          ],
          [
            77.212506,
            28.614508
          ],
          [
            77.212401,
            28.614797
          ],
          [
            77.212334,
            28.615277
          ],
          [
            77.212345,
            28.615876
          ],
          [
            77.212421,
            28.616373
          ],
          [
            77.212718,
            28.616831
          ],
          [
            77.212929,
            28.617245
          ],
          [
            77.213308,
            28.617536
          ],
          [
            77.218251,
            28.619674
          ],
          [
            77.218625,
            28.619876
          ],
          [
            77.218759,
            28.620033
          ],
          [
            77.218858,
            28.620212
          ],
          [
            77.218977,
            28.6206
          ],
          [
            77.219231,
            28.62405
          ],
          [
            77.219313,
            28.625614
          ],
          [
            77.21945,
            28.625962
          ],
          [
            77.219548,
            28.626113
          ],
          [
            77.219616,
            28.626165
          ],
          [
            77.219693,
            28.626206
          ],
          [
            77.219877,
            28.62624
          ],
          [
            77.220106,
            28.626257
          ],
          [
            77.230891,
            28.625758
          ],
          [
            77.234195,
            28.625543
          ],
          [
            77.236676,
            28.625415
          ],
          [
            77.237607,
            28.625522
          ],
          [
            77.238294,
            28.625753
          ],
          [
            77.239045,
            28.626164
          ],
          [
            77.23963,
            28.626524
          ],
          [
            77.240394,
            28.627089
          ],
          [
            77.240797,
            28.627522
          ],
          [
            77.24098,
            28.627931
          ],
          [
            77.241016,
            28.628194
          ],
          [
            77.24122,
            28.636002
          ],
          [
            77.241246,
            28.637209
          ],
          [
            77.241169,
            28.637856
          ],
          [
            77.240975,
            28.638529
          ],
          [
            77.240755,
            28.639208
          ],
          [
            77.240505,
            28.640107
          ],
          [
            77.240277,
            28.640813
          ],
          [
            77.239904,
            28.643696
          ],
          [
            77.23988,
            28.644179
          ],
          [
            77.239399,
            28.647597
          ],
          [
            77.239184,
            28.648128
          ],
          [
            77.239113,
            28.648303
          ],
          [
            77.238254,
            28.649202
          ],
          [
            77.237638,
            28.650017
          ],
          [
            77.236852,
            28.651067
          ],
          [
            77.236706,
            28.651282
          ],
          [
            77.236477,
            28.651968
          ],
          [
            77.236313,
            28.652569
          ],
          [
            77.236259,
            28.653423
          ],
          [
            77.236358,
            28.654587
          ],
          [
            77.236412,
            28.65534
          ],
          [
            77.236466,
            28.65586
          ],
          [
            77.236498,
            28.656053
          ]
        ]
      },
      "properties": {
        "id": 610024711,
        "name": "Delhi Metro Violet Line",
        "color": "#7030a0",
        "total_points": 76,
        "opening_year": 2011
      }
    },
    {
      "type": "Feature",
      "geometry": {
        "type": "LineString",
        "coordinates": [
          [
            77.23868,
            28.576843
          ],
          [
            77.238728,
            28.579783
          ],
          [
            77.238849,
            28.580545
          ],
          [
            77.239073,
            28.581199
          ],
          [
            77.239288,
            28.583037
          ]
        ]
      },
      "properties": {
        "id": 610024713,
        "name": "Delhi Metro Violet Line",
        "color": "#7030a0",
        "total_points": 5,
        "opening_year": 2011
      }
    },
    {
      "type": "Feature",
      "geometry": {
        "type": "LineString",
        "coordinates": [
          [
            77.25174,
            28.551391
          ],
          [
            77.25102,
            28.5514
          ],
          [
            77.250194,
            28.551429
          ],
          [
            77.249108,
            28.551467
          ],
          [
            77.24871,
            28.551495
          ],
          [
            77.248234,
            28.551573
          ],
          [
            77.247653,
            28.551716
          ],
          [
            77.247182,
            28.551915
          ],
          [
            77.24713,
            28.551951
          ],
          [
            77.245539,
            28.552752
          ],
          [
            77.245018,
            28.553068
          ],
          [
            77.242626,
            28.554776
          ],
          [
            77.242274,
            28.555028
          ],
          [
            77.241944,
            28.555309
          ],
          [
            77.241598,
            28.555626
          ],
          [
            77.239837,
            28.557658
          ],
          [
            77.239556,
            28.557907
          ],
          [
            77.239296,
            28.558101
          ],
          [
            77.23908,
            28.558248
          ],
          [
            77.238568,
            28.558463
          ],
          [
            77.237558,
            28.55875
          ],
          [
            77.237053,
            28.558972
          ],
          [
            77.23659,
            28.55918
          ],
          [
            77.236248,
            28.559384
          ],
          [
            77.235902,
            28.559647
          ],
          [
            77.235735,
            28.55978
          ],
          [
            77.23556,
            28.559934
          ],
          [
            77.235309,
            28.560197
          ],
          [
            77.235023,
            28.560568
          ],
          [
            77.234813,
            28.560922
          ],
          [
            77.234705,
            28.561139
          ],
          [
            77.234616,
            28.561363
          ],
          [
            77.23448,
            28.561824
          ],
          [
            77.2344,
            28.562252
          ],
          [
            77.234349,
            28.562675
          ],
          [
            77.234296,
            28.563052
          ],
          [
            77.234272,
            28.563272
          ],
          [
            77.23423,
            28.564273
          ],
          [
            77.234233,
            28.564406
          ],
          [
            77.234239,
            28.564648
          ],
          [
            77.234268,
            28.565021
          ],
          [
            77.234309,
            28.565413
          ],
          [
            77.234343,
            28.565651
          ],
          [
            77.234413,
            28.566034
          ],
          [
            77.234521,
            28.566678
          ],
          [
            77.234632,
            28.567233
          ],
          [
            77.234881,
            28.567917
          ],
          [
            77.235156,
            28.568586
          ],
          [
            77.236083,
            28.570062
          ],
          [
            77.236367,
            28.570592
          ],
          [
            77.236765,
            28.571259
          ],
          [
            77.238435,
            28.574066
          ],
          [
            77.238589,
            28.574414
          ],
          [
            77.238696,
            28.574784
          ],
          [
            77.238764,
            28.575198
          ],
          [
            77.23868,
            28.576843
          ]
        ]
      },
      "properties": {
        "id": 610024714,
        "name": "Delhi Metro Violet Line",
        "color": "#7030a0",
        "total_points": 56,
        "opening_year": 2011
      }
    },
    {
      "type": "Feature",
      "geometry": {
        "type": "LineString",
        "coordinates": [
          [
            77.316422,
            28.340002
          ],
          [
            77.316583,
            28.340915
          ],
          [
            77.316731,
            28.341784
          ],
          [
            77.316771,
            28.342086
          ],
          [
            77.316787,
            28.342409
          ],
          [
            77.316779,
            28.342648
          ],
          [
            77.316743,
            28.342829
          ],
          [
            77.316377,
            28.344182
          ],
          [
            77.316218,
            28.345691
          ],
          [
            77.316111,
            28.347065
          ],
          [
            77.316063,
            28.347839
          ],
          [
            77.316143,
            28.348627
          ],
          [
            77.316472,
            28.349985
          ],
          [
            77.316505,
            28.350261
          ],
          [
            77.316516,
            28.350601
          ],
          [
            77.316382,
            28.352012
          ],
          [
            77.316169,
            28.354648
          ],
          [
            77.315919,
            28.357679
          ],
          [
            77.315709,
            28.360108
          ],
          [
            77.31559,
            28.361564
          ],
          [
            77.315397,
            28.363749
          ],
          [
            77.315191,
            28.366418
          ],
          [
            77.315158,
            28.366817
          ],
          [
            77.315028,
            28.368079
          ],
          [
            77.314864,
            28.370231
          ],
          [
            77.314817,
            28.370797
          ],
          [
            77.314608,
            28.373176
          ],
          [
            77.3145,
            28.374425
          ],
          [
            77.314277,
            28.375649
          ],
          [
            77.314091,
            28.377472
          ],
          [
            77.313848,
            28.380465
          ],
          [
            77.313646,
            28.382422
          ],
          [
            77.313457,
            28.385102
          ],
          [
            77.313406,
            28.385832
          ],
          [
            77.313193,
            28.387957
          ],
          [
            77.312889,
            28.391279
          ],
          [
            77.312374,
            28.397488
          ],
          [
            77.312069,
            28.401447
          ],
          [
            77.311817,
            28.40424
          ],
          [
            77.311671,
            28.406055
          ],
          [
            77.311654,
            28.406442
          ],
          [
            77.311666,
            28.407569
          ],
          [
            77.311658,
            28.407797
          ],
          [
            77.311633,
            28.408045
          ],
          [
            77.311576,
            28.408586
          ],
          [
            77.311555,
            28.408918
          ],
          [
            77.311539,
            28.409111
          ],
          [
            77.311517,
            28.409527
          ],
          [
            77.311475,
            28.410052
          ],
          [
            77.311417,
            28.410756
          ],
          [
            77.311295,
            28.412255
          ],
          [
            77.311274,
            28.412505
          ],
          [
            77.311195,
            28.413347
          ],
          [
            77.311116,
            28.413993
          ],
          [
            77.310947,
            28.415279
          ],
          [
            77.310849,
            28.416553
          ],
          [
            77.31032,
            28.422711
          ],
          [
            77.309743,
            28.428842
          ],
          [
            77.309341,
            28.433645
          ],
          [
            77.309006,
            28.438156
          ],
          [
            77.308776,
            28.440469
          ],
          [
            77.308537,
            28.443506
          ],
          [
            77.308187,
            28.446814
          ],
          [
            77.308132,
            28.447616
          ],
          [
            77.308038,
            28.448616
          ],
          [
            77.307868,
            28.451056
          ],
          [
            77.307606,
            28.45441
          ],
          [
            77.307337,
            28.457775
          ],
          [
            77.307217,
            28.459079
          ],
          [
            77.30713,
            28.460258
          ],
          [
            77.306946,
            28.462348
          ],
          [
            77.306446,
            28.468033
          ],
          [
            77.306343,
            28.470028
          ],
          [
            77.30624,
            28.471387
          ],
          [
            77.306113,
            28.471859
          ],
          [
            77.305854,
            28.47236
          ],
          [
            77.30539,
            28.473193
          ],
          [
            77.305168,
            28.473821
          ],
          [
            77.305161,
            28.474548
          ],
          [
            77.3051,
            28.475878
          ],
          [
            77.304862,
            28.477966
          ],
          [
            77.304644,
            28.482003
          ],
          [
            77.304479,
            28.483871
          ],
          [
            77.304257,
            28.485492
          ],
          [
            77.304076,
            28.487254
          ],
          [
            77.303956,
            28.488565
          ],
          [
            77.303881,
            28.489126
          ],
          [
            77.303754,
            28.489709
          ],
          [
            77.302968,
            28.49316
          ],
          [
            77.302668,
            28.494488
          ],
          [
            77.302368,
            28.495917
          ],
          [
            77.302321,
            28.496088
          ],
          [
            77.302268,
            28.496264
          ],
          [
            77.302205,
            28.496408
          ],
          [
            77.302132,
            28.496563
          ],
          [
            77.302025,
            28.49674
          ],
          [
            77.301906,
            28.496922
          ],
          [
            77.301774,
            28.497085
          ],
          [
            77.301642,
            28.497229
          ],
          [
            77.301507,
            28.497358
          ],
          [
            77.301352,
            28.497489
          ],
          [
            77.301091,
            28.497666
          ],
          [
            77.300668,
            28.497937
          ],
          [
            77.300025,
            28.498353
          ],
          [
            77.299806,
            28.498501
          ],
          [
            77.299653,
            28.498615
          ],
          [
            77.299502,
            28.498748
          ],
          [
            77.29937,
            28.498878
          ],
          [
            77.29923,
            28.49904
          ],
          [
            77.299143,
            28.499156
          ],
          [
            77.299049,
            28.499291
          ],
          [
            77.298958,
            28.49944
          ],
          [
            77.298881,
            28.499598
          ],
          [
            77.29881,
            28.499786
          ],
          [
            77.298663,
            28.500289
          ],
          [
            77.298663,
            28.500704
          ],
          [
            77.298725,
            28.501155
          ],
          [
            77.299187,
            28.502376
          ]
        ]
      },
      "properties": {
        "id": 610024716,
        "name": "Delhi Metro Violet Line",
        "color": "#7030a0",
        "total_points": 118,
        "opening_year": 2018
      }
    },
    {
      "type": "Feature",
      "geometry": {
        "type": "LineString",
        "coordinates": [
          [
            77.288277,
            28.528568
          ],
          [
            77.287899,
            28.529144
          ],
          [
            77.28779,
            28.52932
          ],
          [
            77.287571,
            28.529717
          ],
          [
            77.28747,
            28.529927
          ],
          [
            77.287395,
            28.530092
          ],
          [
            77.287059,
            28.530856
          ],
          [
            77.286717,
            28.531628
          ],
          [
            77.286599,
            28.531913
          ],
          [
            77.286258,
            28.532695
          ],
          [
            77.286061,
            28.533146
          ],
          [
            77.285942,
            28.533396
          ],
          [
            77.285855,
            28.533568
          ],
          [
            77.285751,
            28.533764
          ],
          [
            77.285635,
            28.533967
          ],
          [
            77.285426,
            28.534309
          ],
          [
            77.284142,
            28.536462
          ],
          [
            77.283185,
            28.538085
          ],
          [
            77.282996,
            28.538407
          ],
          [
            77.282359,
            28.539493
          ],
          [
            77.281933,
            28.540257
          ],
          [
            77.281015,
            28.541404
          ],
          [
            77.280169,
            28.542542
          ],
          [
            77.279882,
            28.542854
          ],
          [
            77.279524,
            28.543188
          ],
          [
            77.279172,
            28.543425
          ],
          [
            77.278818,
            28.543576
          ],
          [
            77.278399,
            28.543701
          ],
          [
            77.278031,
            28.543766
          ],
          [
            77.277663,
            28.543803
          ],
          [
            77.277318,
            28.543793
          ],
          [
            77.276939,
            28.543733
          ],
          [
            77.276496,
            28.543617
          ],
          [
            77.27618,
            28.543485
          ],
          [
            77.275697,
            28.543239
          ],
          [
            77.274177,
            28.542439
          ],
          [
            77.273561,
            28.542109
          ],
          [
            77.273049,
            28.541882
          ],
          [
            77.270711,
            28.540958
          ],
          [
            77.269354,
            28.540352
          ],
          [
            77.268974,
            28.540241
          ],
          [
            77.268557,
            28.540181
          ],
          [
            77.268031,
            28.540182
          ],
          [
            77.267547,
            28.540244
          ],
          [
            77.267142,
            28.540345
          ],
          [
            77.266764,
            28.540487
          ],
          [
            77.266404,
            28.540677
          ],
          [
            77.266117,
            28.540874
          ],
          [
            77.265878,
            28.541083
          ],
          [
            77.265597,
            28.541401
          ],
          [
            77.265437,
            28.541667
          ],
          [
            77.265174,
            28.542225
          ],
          [
            77.264212,
            28.54436
          ],
          [
            77.263612,
            28.545901
          ],
          [
            77.263304,
            28.54629
          ],
          [
            77.262823,
            28.546667
          ],
          [
            77.261643,
            28.547377
          ],
          [
            77.260904,
            28.547872
          ],
          [
            77.260274,
            28.54829
          ],
          [
            77.259503,
            28.549017
          ],
          [
            77.259066,
            28.549467
          ],
          [
            77.25867,
            28.55001
          ],
          [
            77.258125,
            28.550819
          ],
          [
            77.257837,
            28.551105
          ],
          [
            77.257565,
            28.551298
          ],
          [
            77.257274,
            28.551502
          ],
          [
            77.256864,
            28.551712
          ],
          [
            77.256445,
            28.551818
          ],
          [
            77.256028,
            28.551891
          ],
          [
            77.255507,
            28.551912
          ],
          [
            77.254966,
            28.55185
          ],
          [
            77.254432,
            28.551746
          ],
          [
            77.254078,
            28.551664
          ],
          [
            77.253057,
            28.551491
          ],
          [
            77.252619,
            28.551443
          ],
          [
            77.25226,
            28.551404
          ],
          [
            77.25174,
            28.551391
          ]
        ]
      },
      "properties": {
        "id": 610024718,
        "name": "Delhi Metro Violet Line",
        "color": "#7030a0",
        "total_points": 77,
        "opening_year": 2011
      }
    },
    {
      "type": "Feature",
      "geometry": {
        "type": "LineString",
        "coordinates": [
          [
            77.181696,
            28.720204
          ],
          [
            77.181624,
            28.718688
          ],
          [
            77.181573,
            28.718112
          ]
        ]
      },
      "properties": {
        "id": 610024722,
        "name": "Delhi Metro Pink Line",
        "color": "#ff66cc",
        "total_points": 3,
        "opening_year": 2018
      }
    },
    {
      "type": "Feature",
      "geometry": {
        "type": "LineString",
        "coordinates": [
          [
            77.180965,
            28.716461
          ],
          [
            77.180721,
            28.715988
          ],
          [
            77.180526,
            28.715411
          ],
          [
            77.180411,
            28.714295
          ],
          [
            77.180309,
            28.713154
          ],
          [
            77.180292,
            28.712702
          ],
          [
            77.18039,
            28.712071
          ],
          [
            77.180655,
            28.711617
          ],
          [
            77.182526,
            28.710199
          ],
          [
            77.18313,
            28.70957
          ],
          [
            77.18346,
            28.708183
          ],
          [
            77.183109,
            28.706793
          ],
          [
            77.181994,
            28.705776
          ],
          [
            77.180798,
            28.704698
          ],
          [
            77.178665,
            28.703654
          ],
          [
            77.176525,
            28.703145
          ],
          [
            77.174391,
            28.702925
          ],
          [
            77.172124,
            28.703132
          ],
          [
            77.16974,
            28.703032
          ],
          [
            77.168238,
            28.702814
          ],
          [
            77.166698,
            28.702351
          ],
          [
            77.165455,
            28.701931
          ],
          [
            77.165126,
            28.70181
          ],
          [
            77.164581,
            28.70161
          ],
          [
            77.161491,
            28.700736
          ],
          [
            77.157678,
            28.700064
          ],
          [
            77.157383,
            28.699952
          ],
          [
            77.157144,
            28.699762
          ],
          [
            77.156321,
            28.699014
          ],
          [
            77.155095,
            28.696752
          ],
          [
            77.154302,
            28.694703
          ],
          [
            77.153234,
            28.691995
          ]
        ]
      },
      "properties": {
        "id": 610024723,
        "name": "Delhi Metro Pink Line",
        "color": "#ff66cc",
        "total_points": 32,
        "opening_year": 2018
      }
    },
    {
      "type": "Feature",
      "geometry": {
        "type": "LineString",
        "coordinates": [
          [
            77.12729,
            28.658049
          ],
          [
            77.126791,
            28.657391
          ],
          [
            77.126242,
            28.656789
          ],
          [
            77.125016,
            28.655672
          ],
          [
            77.124543,
            28.655198
          ],
          [
            77.12418,
            28.654663
          ],
          [
            77.123963,
            28.654131
          ],
          [
            77.123808,
            28.653481
          ],
          [
            77.123797,
            28.653105
          ],
          [
            77.12385,
            28.6525
          ],
          [
            77.124008,
            28.651765
          ],
          [
            77.124287,
            28.6512
          ],
          [
            77.125107,
            28.649589
          ],
          [
            77.125645,
            28.648529
          ],
          [
            77.126079,
            28.647313
          ],
          [
            77.127529,
            28.643691
          ],
          [
            77.128,
            28.642482
          ],
          [
            77.12863,
            28.640723
          ],
          [
            77.129236,
            28.63914
          ],
          [
            77.129376,
            28.638667
          ],
          [
            77.129769,
            28.637181
          ],
          [
            77.130294,
            28.635464
          ],
          [
            77.13073,
            28.634383
          ],
          [
            77.13087,
            28.634122
          ],
          [
            77.131162,
            28.633672
          ],
          [
            77.131784,
            28.632954
          ],
          [
            77.13233,
            28.632247
          ],
          [
            77.13269,
            28.631695
          ],
          [
            77.132987,
            28.630998
          ]
        ]
      },
      "properties": {
        "id": 610024725,
        "name": "Delhi Metro Pink Line",
        "color": "#ff66cc",
        "total_points": 29,
        "opening_year": 2018
      }
    },
    {
      "type": "Feature",
      "geometry": {
        "type": "LineString",
        "coordinates": [
          [
            77.132987,
            28.630998
          ],
          [
            77.133531,
            28.629573
          ],
          [
            77.133789,
            28.628694
          ],
          [
            77.133975,
            28.628188
          ]
        ]
      },
      "properties": {
        "id": 610024727,
        "name": "Delhi Metro Pink Line",
        "color": "#ff66cc",
        "total_points": 4,
        "opening_year": 2018
      }
    },
    {
      "type": "Feature",
      "geometry": {
        "type": "LineString",
        "coordinates": [
          [
            77.133975,
            28.628188
          ],
          [
            77.134464,
            28.627105
          ],
          [
            77.13486,
            28.626631
          ],
          [
            77.135215,
            28.626379
          ],
          [
            77.135471,
            28.626137
          ],
          [
            77.136478,
            28.624397
          ],
          [
            77.137029,
            28.622954
          ],
          [
            77.137202,
            28.622297
          ],
          [
            77.137227,
            28.621715
          ],
          [
            77.137133,
            28.620891
          ],
          [
            77.137114,
            28.620482
          ],
          [
            77.137115,
            28.620293
          ],
          [
            77.136954,
            28.616625
          ],
          [
            77.136889,
            28.615926
          ],
          [
            77.136599,
            28.615007
          ],
          [
            77.136531,
            28.614372
          ],
          [
            77.136746,
            28.613508
          ],
          [
            77.137039,
            28.61298
          ],
          [
            77.137414,
            28.612522
          ],
          [
            77.13792,
            28.611865
          ]
        ]
      },
      "properties": {
        "id": 610024728,
        "name": "Delhi Metro Pink Line",
        "color": "#ff66cc",
        "total_points": 20,
        "opening_year": 2018
      }
    },
    {
      "type": "Feature",
      "geometry": {
        "type": "LineString",
        "coordinates": [
          [
            77.13792,
            28.611865
          ],
          [
            77.138255,
            28.611436
          ],
          [
            77.139273,
            28.610217
          ],
          [
            77.139997,
            28.609188
          ],
          [
            77.140446,
            28.608643
          ],
          [
            77.140828,
            28.60815
          ],
          [
            77.141547,
            28.60741
          ],
          [
            77.142242,
            28.606838
          ],
          [
            77.142701,
            28.606511
          ],
          [
            77.143572,
            28.60606
          ],
          [
            77.144616,
            28.605719
          ],
          [
            77.145914,
            28.605493
          ],
          [
            77.148244,
            28.605157
          ],
          [
            77.150022,
            28.604852
          ],
          [
            77.153593,
            28.604329
          ],
          [
            77.155311,
            28.604066
          ],
          [
            77.156089,
            28.603912
          ],
          [
            77.156593,
            28.603745
          ],
          [
            77.157069,
            28.603471
          ],
          [
            77.157877,
            28.602867
          ],
          [
            77.158655,
            28.602312
          ],
          [
            77.159327,
            28.601792
          ],
          [
            77.160781,
            28.600691
          ],
          [
            77.162464,
            28.599155
          ],
          [
            77.163333,
            28.598367
          ],
          [
            77.163661,
            28.597781
          ],
          [
            77.164291,
            28.596658
          ],
          [
            77.164845,
            28.595686
          ]
        ]
      },
      "properties": {
        "id": 610024730,
        "name": "Delhi Metro Pink Line",
        "color": "#ff66cc",
        "total_points": 28,
        "opening_year": 2018
      }
    },
    {
      "type": "Feature",
      "geometry": {
        "type": "LineString",
        "coordinates": [
          [
            77.169477,
            28.589301
          ],
          [
            77.169957,
            28.588562
          ],
          [
            77.170179,
            28.588203
          ],
          [
            77.170488,
            28.587775
          ],
          [
            77.170804,
            28.587267
          ]
        ]
      },
      "properties": {
        "id": 610024733,
        "name": "Delhi Metro Pink Line",
        "color": "#ff66cc",
        "total_points": 5,
        "opening_year": 2018
      }
    },
    {
      "type": "Feature",
      "geometry": {
        "type": "LineString",
        "coordinates": [
          [
            77.170804,
            28.587267
          ],
          [
            77.171178,
            28.586718
          ],
          [
            77.171466,
            28.586305
          ],
          [
            77.171767,
            28.585857
          ],
          [
            77.171881,
            28.585674
          ],
          [
            77.172115,
            28.585276
          ],
          [
            77.172855,
            28.584169
          ],
          [
            77.173,
            28.583916
          ],
          [
            77.173284,
            28.583425
          ],
          [
            77.173991,
            28.582192
          ],
          [
            77.174096,
            28.582001
          ],
          [
            77.174259,
            28.581667
          ],
          [
            77.174349,
            28.58147
          ],
          [
            77.174721,
            28.580565
          ],
          [
            77.174931,
            28.580065
          ],
          [
            77.175042,
            28.579823
          ],
          [
            77.175204,
            28.579512
          ],
          [
            77.175752,
            28.578543
          ],
          [
            77.176488,
            28.577303
          ],
          [
            77.177125,
            28.576345
          ],
          [
            77.177737,
            28.575573
          ],
          [
            77.178533,
            28.574287
          ]
        ]
      },
      "properties": {
        "id": 610024734,
        "name": "Delhi Metro Pink Line",
        "color": "#ff66cc",
        "total_points": 22,
        "opening_year": 2018
      }
    },
    {
      "type": "Feature",
      "geometry": {
        "type": "LineString",
        "coordinates": [
          [
            77.181608,
            28.571217
          ],
          [
            77.181934,
            28.571047
          ],
          [
            77.182426,
            28.570819
          ],
          [
            77.182864,
            28.570684
          ],
          [
            77.184373,
            28.570439
          ],
          [
            77.186748,
            28.570329
          ],
          [
            77.187872,
            28.570281
          ],
          [
            77.19029,
            28.570093
          ],
          [
            77.192767,
            28.570656
          ],
          [
            77.19363,
            28.57187
          ],
          [
            77.194496,
            28.574557
          ],
          [
            77.195141,
            28.575295
          ],
          [
            77.196368,
            28.575772
          ],
          [
            77.198082,
            28.575836
          ],
          [
            77.200626,
            28.575905
          ],
          [
            77.201398,
            28.575757
          ],
          [
            77.203125,
            28.574993
          ],
          [
            77.205114,
            28.574112
          ],
          [
            77.205939,
            28.573927
          ],
          [
            77.206797,
            28.573802
          ],
          [
            77.207014,
            28.573784
          ],
          [
            77.207599,
            28.573669
          ],
          [
            77.209366,
            28.573498
          ],
          [
            77.212066,
            28.573421
          ],
          [
            77.21421,
            28.572399
          ],
          [
            77.215904,
            28.570111
          ],
          [
            77.217454,
            28.568887
          ],
          [
            77.218763,
            28.568675
          ],
          [
            77.220572,
            28.568586
          ],
          [
            77.22153,
            28.568543
          ],
          [
            77.223775,
            28.568365
          ],
          [
            77.226388,
            28.569213
          ],
          [
            77.230806,
            28.570647
          ],
          [
            77.234161,
            28.571075
          ],
          [
            77.235122,
            28.57078
          ],
          [
            77.235894,
            28.57058
          ],
          [
            77.237095,
            28.570224
          ],
          [
            77.238345,
            28.569699
          ],
          [
            77.238879,
            28.569484
          ],
          [
            77.239121,
            28.569387
          ]
        ]
      },
      "properties": {
        "id": 610024736,
        "name": "Delhi Metro Pink Line (underground)",
        "color": "#ff66cc",
        "total_points": 40,
        "opening_year": 2018
      }
    },
    {
      "type": "Feature",
      "geometry": {
        "type": "LineString",
        "coordinates": [
          [
            77.257418,
            28.595398
          ],
          [
            77.257689,
            28.595896
          ],
          [
            77.258089,
            28.596588
          ],
          [
            77.258253,
            28.596908
          ]
        ]
      },
      "properties": {
        "id": 610024737,
        "name": "Delhi Metro Pink Line",
        "color": "#ff66cc",
        "total_points": 4,
        "opening_year": 2018
      }
    },
    {
      "type": "Feature",
      "geometry": {
        "type": "LineString",
        "coordinates": [
          [
            77.258253,
            28.596908
          ],
          [
            77.25852,
            28.597342
          ],
          [
            77.258702,
            28.597572
          ],
          [
            77.258878,
            28.597759
          ],
          [
            77.25929,
            28.598102
          ],
          [
            77.259533,
            28.598294
          ],
          [
            77.259966,
            28.598547
          ],
          [
            77.260334,
            28.598731
          ],
          [
            77.261218,
            28.599118
          ],
          [
            77.26394,
            28.60034
          ],
          [
            77.26648,
            28.601492
          ],
          [
            77.268184,
            28.602252
          ],
          [
            77.269908,
            28.603042
          ],
          [
            77.272448,
            28.604185
          ],
          [
            77.273516,
            28.604647
          ],
          [
            77.274118,
            28.60483
          ],
          [
            77.27456,
            28.60494
          ],
          [
            77.275041,
            28.605022
          ],
          [
            77.275462,
            28.605072
          ],
          [
            77.275921,
            28.605095
          ],
          [
            77.276342,
            28.6051
          ],
          [
            77.276964,
            28.605053
          ],
          [
            77.277687,
            28.604959
          ],
          [
            77.278371,
            28.604772
          ],
          [
            77.282638,
            28.603348
          ],
          [
            77.284544,
            28.602704
          ],
          [
            77.285214,
            28.602494
          ],
          [
            77.285727,
            28.602393
          ],
          [
            77.286108,
            28.602357
          ],
          [
            77.28657,
            28.602339
          ],
          [
            77.286995,
            28.602362
          ],
          [
            77.287292,
            28.602395
          ],
          [
            77.287558,
            28.602425
          ],
          [
            77.287932,
            28.60252
          ],
          [
            77.288076,
            28.602557
          ],
          [
            77.288292,
            28.602631
          ],
          [
            77.288726,
            28.602758
          ],
          [
            77.289903,
            28.603235
          ],
          [
            77.289956,
            28.603254
          ],
          [
            77.290923,
            28.603673
          ],
          [
            77.291286,
            28.603814
          ],
          [
            77.291751,
            28.603993
          ],
          [
            77.292178,
            28.604144
          ],
          [
            77.292205,
            28.604154
          ],
          [
            77.292613,
            28.604254
          ],
          [
            77.293125,
            28.604334
          ],
          [
            77.293768,
            28.604422
          ],
          [
            77.294223,
            28.604544
          ],
          [
            77.29465,
            28.604673
          ],
          [
            77.296327,
            28.60518
          ],
          [
            77.298017,
            28.605688
          ]
        ]
      },
      "properties": {
        "id": 610024739,
        "name": "Delhi Metro Pink Line",
        "color": "#ff66cc",
        "total_points": 51,
        "opening_year": 2018
      }
    },
    {
      "type": "Feature",
      "geometry": {
        "type": "LineString",
        "coordinates": [
          [
            77.077866,
            28.629187
          ],
          [
            77.077971,
            28.628968
          ],
          [
            77.079625,
            28.625609
          ],
          [
            77.083074,
            28.622065
          ],
          [
            77.084262,
            28.620278
          ],
          [
            77.08521,
            28.618813
          ],
          [
            77.085693,
            28.617383
          ],
          [
            77.085493,
            28.616522
          ],
          [
            77.085227,
            28.615741
          ],
          [
            77.084372,
            28.613827
          ],
          [
            77.084255,
            28.613565
          ],
          [
            77.082634,
            28.602809
          ],
          [
            77.082441,
            28.60201
          ],
          [
            77.082407,
            28.601866
          ],
          [
            77.082143,
            28.600615
          ],
          [
            77.081144,
            28.595864
          ],
          [
            77.08154,
            28.591943
          ],
          [
            77.081745,
            28.590907
          ],
          [
            77.082388,
            28.589912
          ],
          [
            77.083093,
            28.588934
          ],
          [
            77.083625,
            28.588176
          ],
          [
            77.084455,
            28.58739
          ],
          [
            77.089048,
            28.585067
          ],
          [
            77.093443,
            28.582847
          ],
          [
            77.097071,
            28.581278
          ],
          [
            77.098214,
            28.5809
          ]
        ]
      },
      "properties": {
        "id": 610024742,
        "name": "Delhi Metro Magenta Line",
        "color": "#c00060",
        "total_points": 26,
        "opening_year": 2018
      }
    },
    {
      "type": "Feature",
      "geometry": {
        "type": "LineString",
        "coordinates": [
          [
            77.100268,
            28.580305
          ],
          [
            77.101449,
            28.579974
          ],
          [
            77.102566,
            28.579634
          ],
          [
            77.104071,
            28.579026
          ],
          [
            77.104324,
            28.578959
          ],
          [
            77.104913,
            28.578851
          ],
          [
            77.105387,
            28.578779
          ],
          [
            77.106135,
            28.578586
          ],
          [
            77.107237,
            28.57823
          ],
          [
            77.108582,
            28.577797
          ],
          [
            77.109498,
            28.577552
          ],
          [
            77.110366,
            28.57732
          ],
          [
            77.111142,
            28.577147
          ],
          [
            77.112146,
            28.576811
          ],
          [
            77.113497,
            28.576371
          ],
          [
            77.114275,
            28.576108
          ],
          [
            77.115463,
            28.575871
          ],
          [
            77.117775,
            28.575404
          ],
          [
            77.118428,
            28.575265
          ]
        ]
      },
      "properties": {
        "id": 610024744,
        "name": "Delhi Metro Magenta Line",
        "color": "#c00060",
        "total_points": 19,
        "opening_year": 2018
      }
    },
    {
      "type": "Feature",
      "geometry": {
        "type": "LineString",
        "coordinates": [
          [
            77.118428,
            28.575265
          ],
          [
            77.119211,
            28.575063
          ],
          [
            77.120045,
            28.574847
          ],
          [
            77.120891,
            28.574435
          ],
          [
            77.121351,
            28.573896
          ],
          [
            77.1216,
            28.573111
          ],
          [
            77.121995,
            28.571154
          ],
          [
            77.122042,
            28.569683
          ],
          [
            77.121926,
            28.568891
          ],
          [
            77.122117,
            28.567599
          ],
          [
            77.122672,
            28.564868
          ],
          [
            77.123125,
            28.562717
          ],
          [
            77.123324,
            28.562131
          ],
          [
            77.123798,
            28.561532
          ],
          [
            77.12463,
            28.560799
          ],
          [
            77.126182,
            28.560584
          ],
          [
            77.128798,
            28.560908
          ],
          [
            77.131696,
            28.561723
          ],
          [
            77.132481,
            28.561918
          ],
          [
            77.133357,
            28.562018
          ],
          [
            77.134481,
            28.562015
          ],
          [
            77.13565,
            28.561824
          ]
        ]
      },
      "properties": {
        "id": 610024745,
        "name": "Delhi Metro Magenta Line",
        "color": "#c00060",
        "total_points": 22,
        "opening_year": 2018
      }
    },
    {
      "type": "Feature",
      "geometry": {
        "type": "LineString",
        "coordinates": [
          [
            77.13565,
            28.561824
          ],
          [
            77.138667,
            28.561206
          ],
          [
            77.140264,
            28.560872
          ],
          [
            77.140936,
            28.560781
          ],
          [
            77.141894,
            28.560676
          ],
          [
            77.142659,
            28.560537
          ],
          [
            77.142866,
            28.5605
          ],
          [
            77.145352,
            28.559804
          ]
        ]
      },
      "properties": {
        "id": 610024748,
        "name": "Delhi Metro Magenta Line",
        "color": "#c00060",
        "total_points": 8,
        "opening_year": 2018
      }
    },
    {
      "type": "Feature",
      "geometry": {
        "type": "LineString",
        "coordinates": [
          [
            77.145352,
            28.559804
          ],
          [
            77.150299,
            28.558823
          ],
          [
            77.152956,
            28.558581
          ],
          [
            77.15965,
            28.557972
          ],
          [
            77.161095,
            28.557853
          ],
          [
            77.162598,
            28.557714
          ],
          [
            77.165854,
            28.557866
          ],
          [
            77.168361,
            28.558513
          ],
          [
            77.169101,
            28.558704
          ],
          [
            77.170294,
            28.559012
          ],
          [
            77.171995,
            28.55903
          ],
          [
            77.173048,
            28.558668
          ],
          [
            77.173801,
            28.558203
          ],
          [
            77.174362,
            28.557563
          ],
          [
            77.175075,
            28.556915
          ],
          [
            77.184015,
            28.551129
          ],
          [
            77.185529,
            28.550404
          ],
          [
            77.188477,
            28.549181
          ],
          [
            77.190031,
            28.548598
          ],
          [
            77.192369,
            28.547721
          ],
          [
            77.193127,
            28.547436
          ],
          [
            77.194531,
            28.547046
          ],
          [
            77.195869,
            28.546626
          ],
          [
            77.197985,
            28.545868
          ],
          [
            77.201755,
            28.544129
          ],
          [
            77.203931,
            28.54352
          ],
          [
            77.205027,
            28.543396
          ],
          [
            77.206221,
            28.543211
          ],
          [
            77.221095,
            28.542398
          ],
          [
            77.22255,
            28.542321
          ],
          [
            77.226607,
            28.54197
          ],
          [
            77.228943,
            28.541319
          ],
          [
            77.230297,
            28.541137
          ],
          [
            77.234321,
            28.540777
          ],
          [
            77.236157,
            28.540976
          ],
          [
            77.237207,
            28.541411
          ],
          [
            77.238436,
            28.54192
          ],
          [
            77.249335,
            28.545206
          ],
          [
            77.251495,
            28.546077
          ],
          [
            77.25247,
            28.546544
          ],
          [
            77.252915,
            28.546758
          ],
          [
            77.254626,
            28.548059
          ],
          [
            77.254869,
            28.548365
          ],
          [
            77.255565,
            28.549077
          ],
          [
            77.256344,
            28.549835
          ],
          [
            77.256918,
            28.550359
          ]
        ]
      },
      "properties": {
        "id": 610024751,
        "name": "Delhi Metro Magenta Line",
        "color": "#c00060",
        "total_points": 46,
        "opening_year": 2018
      }
    },
    {
      "type": "Feature",
      "geometry": {
        "type": "LineString",
        "coordinates": [
          [
            77.256918,
            28.550359
          ],
          [
            77.257639,
            28.550972
          ],
          [
            77.258222,
            28.551326
          ],
          [
            77.259429,
            28.551903
          ],
          [
            77.261705,
            28.55272
          ]
        ]
      },
      "properties": {
        "id": 610024754,
        "name": "Delhi Metro Magenta Line",
        "color": "#c00060",
        "total_points": 5,
        "opening_year": 2018
      }
    },
    {
      "type": "Feature",
      "geometry": {
        "type": "LineString",
        "coordinates": [
          [
            77.261705,
            28.55272
          ],
          [
            77.263073,
            28.553267
          ]
        ]
      },
      "properties": {
        "id": 610024758,
        "name": "Delhi Metro Magenta Line",
        "color": "#c00060",
        "total_points": 2,
        "opening_year": 2018
      }
    },
    {
      "type": "Feature",
      "geometry": {
        "type": "LineString",
        "coordinates": [
          [
            77.263073,
            28.553267
          ],
          [
            77.263399,
            28.55342
          ],
          [
            77.263841,
            28.553686
          ],
          [
            77.264789,
            28.554487
          ]
        ]
      },
      "properties": {
        "id": 610024759,
        "name": "Delhi Metro Magenta Line",
        "color": "#c00060",
        "total_points": 4,
        "opening_year": 2018
      }
    },
    {
      "type": "Feature",
      "geometry": {
        "type": "LineString",
        "coordinates": [
          [
            77.264789,
            28.554487
          ],
          [
            77.265562,
            28.555143
          ],
          [
            77.265829,
            28.555343
          ],
          [
            77.266009,
            28.555467
          ],
          [
            77.266219,
            28.555586
          ],
          [
            77.269849,
            28.557405
          ],
          [
            77.270659,
            28.557801
          ],
          [
            77.271601,
            28.558273
          ],
          [
            77.272645,
            28.558779
          ],
          [
            77.273145,
            28.559002
          ],
          [
            77.273436,
            28.559122
          ],
          [
            77.273887,
            28.559306
          ],
          [
            77.274952,
            28.559816
          ]
        ]
      },
      "properties": {
        "id": 610024761,
        "name": "Delhi Metro Magenta Line",
        "color": "#c00060",
        "total_points": 13,
        "opening_year": 2018
      }
    },
    {
      "type": "Feature",
      "geometry": {
        "type": "LineString",
        "coordinates": [
          [
            77.274952,
            28.559816
          ],
          [
            77.275812,
            28.560235
          ],
          [
            77.276422,
            28.560547
          ],
          [
            77.276898,
            28.560766
          ],
          [
            77.277682,
            28.560948
          ],
          [
            77.278053,
            28.561007
          ],
          [
            77.278458,
            28.561036
          ],
          [
            77.281513,
            28.561084
          ],
          [
            77.282624,
            28.561061
          ],
          [
            77.283157,
            28.561109
          ],
          [
            77.283542,
            28.56121
          ],
          [
            77.283754,
            28.561266
          ],
          [
            77.283813,
            28.561289
          ],
          [
            77.284506,
            28.561561
          ],
          [
            77.285128,
            28.561863
          ],
          [
            77.285511,
            28.562163
          ],
          [
            77.286319,
            28.563067
          ]
        ]
      },
      "properties": {
        "id": 610024763,
        "name": "Delhi Metro Magenta Line",
        "color": "#c00060",
        "total_points": 17,
        "opening_year": 2018
      }
    },
    {
      "type": "Feature",
      "geometry": {
        "type": "LineString",
        "coordinates": [
          [
            77.286319,
            28.563067
          ],
          [
            77.286749,
            28.563584
          ],
          [
            77.286788,
            28.563632
          ],
          [
            77.287227,
            28.564036
          ],
          [
            77.287647,
            28.564348
          ],
          [
            77.28789,
            28.564529
          ],
          [
            77.288255,
            28.564771
          ],
          [
            77.288698,
            28.564936
          ],
          [
            77.289158,
            28.565025
          ],
          [
            77.289437,
            28.565027
          ],
          [
            77.289629,
            28.565029
          ],
          [
            77.290076,
            28.564934
          ],
          [
            77.290443,
            28.564808
          ],
          [
            77.290983,
            28.564552
          ],
          [
            77.291504,
            28.564076
          ],
          [
            77.291836,
            28.563512
          ],
          [
            77.29198,
            28.562908
          ],
          [
            77.291978,
            28.562495
          ],
          [
            77.291978,
            28.562407
          ],
          [
            77.291914,
            28.561875
          ],
          [
            77.2919,
            28.561301
          ]
        ]
      },
      "properties": {
        "id": 610024764,
        "name": "Delhi Metro Magenta Line",
        "color": "#c00060",
        "total_points": 21,
        "opening_year": 2018
      }
    },
    {
      "type": "Feature",
      "geometry": {
        "type": "LineString",
        "coordinates": [
          [
            77.2919,
            28.561301
          ],
          [
            77.291861,
            28.559872
          ],
          [
            77.291809,
            28.559462
          ],
          [
            77.291697,
            28.559032
          ],
          [
            77.291511,
            28.558472
          ],
          [
            77.291391,
            28.558016
          ],
          [
            77.291373,
            28.557453
          ],
          [
            77.291461,
            28.556836
          ],
          [
            77.291659,
            28.556228
          ],
          [
            77.291981,
            28.555603
          ],
          [
            77.292647,
            28.554177
          ],
          [
            77.292914,
            28.553511
          ],
          [
            77.292989,
            28.553315
          ],
          [
            77.293043,
            28.553145
          ],
          [
            77.293079,
            28.553017
          ],
          [
            77.293167,
            28.552641
          ],
          [
            77.293357,
            28.551825
          ],
          [
            77.29343,
            28.551602
          ],
          [
            77.29347,
            28.551493
          ],
          [
            77.293581,
            28.55122
          ],
          [
            77.293668,
            28.551037
          ],
          [
            77.294178,
            28.550148
          ],
          [
            77.29508,
            28.548572
          ],
          [
            77.295443,
            28.547968
          ],
          [
            77.295661,
            28.547601
          ],
          [
            77.295934,
            28.547122
          ],
          [
            77.296095,
            28.546847
          ],
          [
            77.296226,
            28.546622
          ],
          [
            77.296682,
            28.545839
          ]
        ]
      },
      "properties": {
        "id": 610024766,
        "name": "Delhi Metro Magenta Line",
        "color": "#c00060",
        "total_points": 29,
        "opening_year": 2018
      }
    },
    {
      "type": "Feature",
      "geometry": {
        "type": "LineString",
        "coordinates": [
          [
            77.296682,
            28.545839
          ],
          [
            77.297307,
            28.544728
          ],
          [
            77.29764,
            28.544152
          ],
          [
            77.297839,
            28.5438
          ],
          [
            77.298022,
            28.543493
          ],
          [
            77.298106,
            28.543345
          ],
          [
            77.298354,
            28.542926
          ],
          [
            77.298532,
            28.542639
          ],
          [
            77.298693,
            28.542402
          ],
          [
            77.298837,
            28.542206
          ],
          [
            77.29903,
            28.541947
          ],
          [
            77.300534,
            28.539955
          ],
          [
            77.301155,
            28.539221
          ],
          [
            77.301811,
            28.538781
          ],
          [
            77.302734,
            28.538328
          ],
          [
            77.303258,
            28.538148
          ],
          [
            77.303781,
            28.538064
          ],
          [
            77.304208,
            28.538056
          ],
          [
            77.304626,
            28.538098
          ],
          [
            77.305028,
            28.538188
          ],
          [
            77.305576,
            28.538411
          ],
          [
            77.306021,
            28.53869
          ],
          [
            77.306527,
            28.539158
          ],
          [
            77.308482,
            28.541421
          ],
          [
            77.309109,
            28.542028
          ],
          [
            77.310094,
            28.54293
          ]
        ]
      },
      "properties": {
        "id": 610024769,
        "name": "Delhi Metro Magenta Line",
        "color": "#c00060",
        "total_points": 26,
        "opening_year": 2018
      }
    },
    {
      "type": "Feature",
      "geometry": {
        "type": "LineString",
        "coordinates": [
          [
            77.310094,
            28.54293
          ],
          [
            77.312191,
            28.544736
          ],
          [
            77.314292,
            28.546545
          ],
          [
            77.316407,
            28.548306
          ],
          [
            77.318504,
            28.550061
          ],
          [
            77.319306,
            28.55085
          ],
          [
            77.319617,
            28.551212
          ],
          [
            77.320573,
            28.55221
          ],
          [
            77.321581,
            28.552959
          ]
        ]
      },
      "properties": {
        "id": 610024771,
        "name": "Delhi Metro Magenta Line",
        "color": "#c00060",
        "total_points": 9,
        "opening_year": 2018
      }
    },
    {
      "type": "Feature",
      "geometry": {
        "type": "LineString",
        "coordinates": [
          [
            77.321581,
            28.552959
          ],
          [
            77.323498,
            28.554329
          ],
          [
            77.324924,
            28.555343
          ],
          [
            77.326333,
            28.5561
          ],
          [
            77.326905,
            28.556373
          ],
          [
            77.327568,
            28.556644
          ],
          [
            77.328159,
            28.556883
          ],
          [
            77.329397,
            28.557389
          ],
          [
            77.331112,
            28.558102
          ],
          [
            77.333746,
            28.559175
          ],
          [
            77.334414,
            28.55955
          ],
          [
            77.334797,
            28.559931
          ],
          [
            77.335076,
            28.560408
          ],
          [
            77.335213,
            28.560881
          ],
          [
            77.335277,
            28.561341
          ],
          [
            77.335258,
            28.561536
          ],
          [
            77.335228,
            28.561689
          ],
          [
            77.335149,
            28.561921
          ],
          [
            77.33512,
            28.562006
          ],
          [
            77.335015,
            28.562237
          ],
          [
            77.334886,
            28.56245
          ],
          [
            77.334543,
            28.562922
          ],
          [
            77.334254,
            28.563321
          ],
          [
            77.333808,
            28.563883
          ]
        ]
      },
      "properties": {
        "id": 610024772,
        "name": "Delhi Metro Magenta Line",
        "color": "#c00060",
        "total_points": 24,
        "opening_year": 2018
      }
    },
    {
      "type": "Feature",
      "geometry": {
        "type": "LineString",
        "coordinates": [
          [
            77.333808,
            28.563883
          ],
          [
            77.333275,
            28.564505
          ],
          [
            77.332974,
            28.564814
          ],
          [
            77.332679,
            28.565116
          ],
          [
            77.332278,
            28.565521
          ],
          [
            77.332112,
            28.565692
          ],
          [
            77.331932,
            28.565855
          ],
          [
            77.331731,
            28.566029
          ],
          [
            77.331494,
            28.566202
          ],
          [
            77.330675,
            28.566759
          ]
        ]
      },
      "properties": {
        "id": 610024774,
        "name": "Delhi Metro Magenta Line",
        "color": "#c00060",
        "total_points": 10,
        "opening_year": 2018
      }
    },
    {
      "type": "Feature",
      "geometry": {
        "type": "LineString",
        "coordinates": [
          [
            77.022426,
            28.61591
          ],
          [
            77.022402,
            28.615549
          ],
          [
            77.022375,
            28.61531
          ],
          [
            77.022328,
            28.615013
          ],
          [
            77.022251,
            28.614636
          ]
        ]
      },
      "properties": {
        "id": 610024778,
        "name": "Delhi Metro Grey Line",
        "color": "#808080",
        "total_points": 5,
        "opening_year": 2019
      }
    },
    {
      "type": "Feature",
      "geometry": {
        "type": "LineString",
        "coordinates": [
          [
            77.010431,
            28.617323
          ],
          [
            77.013886,
            28.618519
          ],
          [
            77.016557,
            28.619504
          ],
          [
            77.017172,
            28.619724
          ],
          [
            77.017749,
            28.619978
          ],
          [
            77.018269,
            28.62023
          ],
          [
            77.018703,
            28.620427
          ],
          [
            77.019215,
            28.620543
          ],
          [
            77.019805,
            28.620574
          ],
          [
            77.02032,
            28.620526
          ],
          [
            77.02079,
            28.620378
          ],
          [
            77.020976,
            28.620297
          ],
          [
            77.021411,
            28.620061
          ],
          [
            77.021794,
            28.619741
          ],
          [
            77.022016,
            28.619474
          ],
          [
            77.022165,
            28.619217
          ],
          [
            77.022286,
            28.618958
          ],
          [
            77.022367,
            28.61871
          ],
          [
            77.022436,
            28.618426
          ],
          [
            77.022454,
            28.618253
          ],
          [
            77.022452,
            28.617984
          ],
          [
            77.022405,
            28.617163
          ],
          [
            77.022428,
            28.616807
          ],
          [
            77.022436,
            28.616532
          ],
          [
            77.022438,
            28.616204
          ],
          [
            77.022426,
            28.61591
          ]
        ]
      },
      "properties": {
        "id": 610024780,
        "name": "Delhi Metro Grey Line",
        "color": "#808080",
        "total_points": 26,
        "opening_year": 2019
      }
    },
    {
      "type": "Feature",
      "geometry": {
        "type": "LineString",
        "coordinates": [
          [
            77.001638,
            28.613871
          ],
          [
            77.002349,
            28.61409
          ],
          [
            77.002679,
            28.614188
          ],
          [
            77.003049,
            28.614332
          ],
          [
            77.003627,
            28.614644
          ],
          [
            77.004622,
            28.61515
          ],
          [
            77.005319,
            28.615513
          ],
          [
            77.006096,
            28.615828
          ],
          [
            77.007412,
            28.616273
          ],
          [
            77.010431,
            28.617323
          ]
        ]
      },
      "properties": {
        "id": 610024783,
        "name": "Delhi Metro Grey Line",
        "color": "#808080",
        "total_points": 10,
        "opening_year": 2019
      }
    },
    {
      "type": "Feature",
      "geometry": {
        "type": "LineString",
        "coordinates": [
          [
            77.239039,
            28.569232
          ],
          [
            77.240698,
            28.568752
          ],
          [
            77.247065,
            28.565927
          ],
          [
            77.248379,
            28.565768
          ],
          [
            77.248735,
            28.565794
          ],
          [
            77.250844,
            28.565951
          ],
          [
            77.251647,
            28.566202
          ],
          [
            77.25265,
            28.566727
          ],
          [
            77.253491,
            28.567381
          ],
          [
            77.254519,
            28.568402
          ],
          [
            77.258122,
            28.572003
          ],
          [
            77.258629,
            28.572406
          ],
          [
            77.259302,
            28.572877
          ],
          [
            77.259939,
            28.573555
          ],
          [
            77.260558,
            28.574335
          ],
          [
            77.260657,
            28.574698
          ],
          [
            77.260385,
            28.575336
          ],
          [
            77.260047,
            28.576837
          ],
          [
            77.259169,
            28.58062
          ],
          [
            77.257386,
            28.5883
          ],
          [
            77.257281,
            28.588754
          ],
          [
            77.257116,
            28.589833
          ],
          [
            77.256946,
            28.592568
          ],
          [
            77.256995,
            28.593932
          ],
          [
            77.257465,
            28.595382
          ]
        ]
      },
      "properties": {
        "id": 615615095,
        "name": "Delhi Metro Pink Line (underground)",
        "color": "#ff66cc",
        "total_points": 25,
        "opening_year": 2018
      }
    },
    {
      "type": "Feature",
      "geometry": {
        "type": "LineString",
        "coordinates": [
          [
            77.239121,
            28.569387
          ],
          [
            77.240728,
            28.568808
          ],
          [
            77.247086,
            28.565987
          ],
          [
            77.248381,
            28.565829
          ],
          [
            77.249301,
            28.565898
          ],
          [
            77.249811,
            28.565935
          ],
          [
            77.250829,
            28.566011
          ],
          [
            77.251617,
            28.566257
          ],
          [
            77.252609,
            28.566777
          ],
          [
            77.253442,
            28.567425
          ],
          [
            77.254459,
            28.56844
          ],
          [
            77.258072,
            28.572046
          ],
          [
            77.258584,
            28.572453
          ],
          [
            77.258824,
            28.572621
          ],
          [
            77.259252,
            28.572921
          ],
          [
            77.259883,
            28.573592
          ],
          [
            77.260493,
            28.574361
          ],
          [
            77.260585,
            28.574694
          ],
          [
            77.260318,
            28.575319
          ],
          [
            77.259979,
            28.576825
          ],
          [
            77.259101,
            28.580608
          ],
          [
            77.257212,
            28.588744
          ],
          [
            77.257047,
            28.589827
          ],
          [
            77.256876,
            28.592567
          ],
          [
            77.256926,
            28.593941
          ],
          [
            77.257418,
            28.595398
          ]
        ]
      },
      "properties": {
        "id": 615615096,
        "name": "Delhi Metro Pink Line (underground)",
        "color": "#ff66cc",
        "total_points": 26,
        "opening_year": 2018
      }
    },
    {
      "type": "Feature",
      "geometry": {
        "type": "LineString",
        "coordinates": [
          [
            77.181663,
            28.721396
          ],
          [
            77.181667,
            28.721108
          ],
          [
            77.181661,
            28.720948
          ]
        ]
      },
      "properties": {
        "id": 631249188,
        "name": "Delhi Metro Pink Line",
        "color": "#ff66cc",
        "total_points": 3,
        "opening_year": 2018
      }
    },
    {
      "type": "Feature",
      "geometry": {
        "type": "LineString",
        "coordinates": [
          [
            77.305559,
            28.650038
          ],
          [
            77.305333,
            28.650316
          ],
          [
            77.305017,
            28.650667
          ],
          [
            77.304585,
            28.65109
          ],
          [
            77.303736,
            28.651927
          ],
          [
            77.302869,
            28.652798
          ],
          [
            77.302027,
            28.653665
          ],
          [
            77.301326,
            28.654372
          ],
          [
            77.301055,
            28.654542
          ],
          [
            77.300744,
            28.654703
          ],
          [
            77.300432,
            28.654807
          ],
          [
            77.300045,
            28.654873
          ],
          [
            77.299714,
            28.654858
          ],
          [
            77.299535,
            28.65485
          ],
          [
            77.299175,
            28.654778
          ],
          [
            77.298654,
            28.654574
          ],
          [
            77.297436,
            28.654042
          ],
          [
            77.296927,
            28.653844
          ],
          [
            77.295802,
            28.653586
          ],
          [
            77.294801,
            28.653409
          ],
          [
            77.294402,
            28.653367
          ],
          [
            77.294009,
            28.653387
          ],
          [
            77.293521,
            28.653494
          ],
          [
            77.293045,
            28.6537
          ],
          [
            77.2927,
            28.653934
          ],
          [
            77.292534,
            28.654077
          ],
          [
            77.292379,
            28.654232
          ],
          [
            77.292255,
            28.654387
          ],
          [
            77.29216,
            28.65453
          ],
          [
            77.292069,
            28.654687
          ],
          [
            77.291989,
            28.654851
          ],
          [
            77.291688,
            28.655595
          ],
          [
            77.291595,
            28.65581
          ],
          [
            77.2915,
            28.655991
          ],
          [
            77.291413,
            28.656139
          ],
          [
            77.291285,
            28.656323
          ],
          [
            77.290128,
            28.657775
          ],
          [
            77.28904,
            28.659204
          ],
          [
            77.288554,
            28.659916
          ],
          [
            77.286018,
            28.663119
          ],
          [
            77.285272,
            28.664068
          ],
          [
            77.284823,
            28.664667
          ],
          [
            77.284113,
            28.665623
          ],
          [
            77.283996,
            28.66577
          ],
          [
            77.283882,
            28.665907
          ],
          [
            77.283698,
            28.666102
          ],
          [
            77.28236,
            28.667438
          ],
          [
            77.281973,
            28.667841
          ],
          [
            77.281536,
            28.668409
          ],
          [
            77.28125,
            28.668851
          ],
          [
            77.281064,
            28.669354
          ],
          [
            77.280938,
            28.669838
          ],
          [
            77.28079,
            28.670758
          ],
          [
            77.28071,
            28.671074
          ],
          [
            77.280549,
            28.671378
          ],
          [
            77.280391,
            28.671569
          ],
          [
            77.280222,
            28.671745
          ],
          [
            77.279986,
            28.671942
          ],
          [
            77.279635,
            28.672197
          ],
          [
            77.27932,
            28.672342
          ],
          [
            77.278908,
            28.672454
          ],
          [
            77.27858,
            28.672507
          ],
          [
            77.278247,
            28.672523
          ],
          [
            77.277789,
            28.672501
          ],
          [
            77.276949,
            28.672348
          ],
          [
            77.274709,
            28.67192
          ],
          [
            77.273345,
            28.67169
          ],
          [
            77.272784,
            28.671696
          ],
          [
            77.272375,
            28.671743
          ],
          [
            77.271942,
            28.671903
          ],
          [
            77.271526,
            28.67211
          ],
          [
            77.271204,
            28.672377
          ],
          [
            77.270873,
            28.67277
          ],
          [
            77.270737,
            28.673026
          ],
          [
            77.270606,
            28.673363
          ],
          [
            77.270525,
            28.673822
          ],
          [
            77.270558,
            28.674183
          ],
          [
            77.270627,
            28.674443
          ],
          [
            77.270827,
            28.67496
          ],
          [
            77.272106,
            28.677369
          ],
          [
            77.272639,
            28.678371
          ],
          [
            77.274394,
            28.681621
          ],
          [
            77.274553,
            28.681996
          ],
          [
            77.274806,
            28.682729
          ],
          [
            77.275314,
            28.684246
          ],
          [
            77.275665,
            28.685081
          ],
          [
            77.276376,
            28.686455
          ],
          [
            77.276612,
            28.686895
          ],
          [
            77.276844,
            28.687325
          ],
          [
            77.276993,
            28.687583
          ],
          [
            77.277134,
            28.687797
          ],
          [
            77.277647,
            28.688535
          ],
          [
            77.27784,
            28.688823
          ],
          [
            77.277969,
            28.689037
          ],
          [
            77.278173,
            28.689407
          ],
          [
            77.278234,
            28.689524
          ]
        ]
      },
      "properties": {
        "id": 642636562,
        "name": "Delhi Metro Pink Line",
        "color": "#ff66cc",
        "total_points": 96,
        "opening_year": 2018
      }
    },
    {
      "type": "Feature",
      "geometry": {
        "type": "LineString",
        "coordinates": [
          [
            77.279235,
            28.691217
          ],
          [
            77.279292,
            28.691329
          ],
          [
            77.279687,
            28.692093
          ],
          [
            77.280006,
            28.692702
          ],
          [
            77.280287,
            28.69324
          ],
          [
            77.280443,
            28.693538
          ],
          [
            77.280662,
            28.693989
          ],
          [
            77.281044,
            28.694798
          ],
          [
            77.281474,
            28.695618
          ],
          [
            77.281587,
            28.69581
          ],
          [
            77.281707,
            28.695993
          ],
          [
            77.281867,
            28.696207
          ],
          [
            77.282039,
            28.696409
          ],
          [
            77.282389,
            28.696796
          ],
          [
            77.282528,
            28.696967
          ],
          [
            77.282655,
            28.697131
          ],
          [
            77.282838,
            28.697407
          ],
          [
            77.282906,
            28.697527
          ],
          [
            77.283289,
            28.698253
          ],
          [
            77.283891,
            28.699234
          ],
          [
            77.284902,
            28.7007
          ],
          [
            77.286131,
            28.702422
          ],
          [
            77.287737,
            28.704869
          ],
          [
            77.288732,
            28.706422
          ],
          [
            77.289095,
            28.707073
          ],
          [
            77.290267,
            28.709334
          ],
          [
            77.290634,
            28.709964
          ],
          [
            77.290803,
            28.710383
          ],
          [
            77.290849,
            28.710818
          ],
          [
            77.290819,
            28.71111
          ],
          [
            77.290699,
            28.711519
          ],
          [
            77.290382,
            28.712296
          ],
          [
            77.290156,
            28.712887
          ],
          [
            77.290024,
            28.713574
          ],
          [
            77.28994,
            28.71426
          ],
          [
            77.289843,
            28.715364
          ],
          [
            77.289644,
            28.718546
          ],
          [
            77.289517,
            28.720647
          ],
          [
            77.289457,
            28.721431
          ],
          [
            77.289402,
            28.722465
          ],
          [
            77.289265,
            28.724851
          ]
        ]
      },
      "properties": {
        "id": 642636563,
        "name": "Delhi Metro Pink Line",
        "color": "#ff66cc",
        "total_points": 41,
        "opening_year": 2018
      }
    },
    {
      "type": "Feature",
      "geometry": {
        "type": "LineString",
        "coordinates": [
          [
            77.299253,
            28.606063
          ],
          [
            77.299655,
            28.606186
          ],
          [
            77.300102,
            28.606324
          ],
          [
            77.301827,
            28.606819
          ],
          [
            77.302526,
            28.607028
          ],
          [
            77.304113,
            28.607505
          ],
          [
            77.305,
            28.607761
          ],
          [
            77.3068,
            28.608326
          ],
          [
            77.307601,
            28.608581
          ],
          [
            77.308065,
            28.608827
          ],
          [
            77.308362,
            28.609053
          ],
          [
            77.308483,
            28.609184
          ],
          [
            77.308562,
            28.609322
          ],
          [
            77.308621,
            28.609518
          ],
          [
            77.308682,
            28.60992
          ],
          [
            77.308719,
            28.610124
          ]
        ]
      },
      "properties": {
        "id": 659570768,
        "name": "Delhi Metro Pink Line",
        "color": "#ff66cc",
        "total_points": 16,
        "opening_year": 2018
      }
    },
    {
      "type": "Feature",
      "geometry": {
        "type": "LineString",
        "coordinates": [
          [
            77.298712,
            28.605833
          ],
          [
            77.300125,
            28.606266
          ],
          [
            77.302065,
            28.606852
          ],
          [
            77.303554,
            28.60729
          ],
          [
            77.305024,
            28.60773
          ],
          [
            77.306823,
            28.608269
          ],
          [
            77.307631,
            28.608525
          ],
          [
            77.308106,
            28.608777
          ],
          [
            77.308412,
            28.60901
          ],
          [
            77.308542,
            28.60915
          ],
          [
            77.308628,
            28.6093
          ],
          [
            77.308689,
            28.609506
          ],
          [
            77.308751,
            28.609911
          ],
          [
            77.308789,
            28.610122
          ]
        ]
      },
      "properties": {
        "id": 659570769,
        "name": "Delhi Metro Pink Line",
        "color": "#ff66cc",
        "total_points": 14,
        "opening_year": 2018
      }
    },
    {
      "type": "Feature",
      "geometry": {
        "type": "LineString",
        "coordinates": [
          [
            77.219815,
            28.634033
          ],
          [
            77.222771,
            28.643471
          ]
        ]
      },
      "properties": {
        "id": 660097244,
        "name": "Delhi Metro Yellow Line",
        "color": "#ffcc00",
        "total_points": 2,
        "opening_year": 2015
      }
    },
    {
      "type": "Feature",
      "geometry": {
        "type": "LineString",
        "coordinates": [
          [
            77.219625,
            28.634061
          ],
          [
            77.222714,
            28.643491
          ]
        ]
      },
      "properties": {
        "id": 660097245,
        "name": "Delhi Metro Yellow Line",
        "color": "#ffcc00",
        "total_points": 2,
        "opening_year": 2015
      }
    },
    {
      "type": "Feature",
      "geometry": {
        "type": "LineString",
        "coordinates": [
          [
            77.218759,
            28.631824
          ],
          [
            77.218995,
            28.632251
          ],
          [
            77.219201,
            28.632689
          ],
          [
            77.219242,
            28.632796
          ],
          [
            77.219375,
            28.633138
          ],
          [
            77.219516,
            28.633596
          ],
          [
            77.219625,
            28.634061
          ]
        ]
      },
      "properties": {
        "id": 660097246,
        "name": "Delhi Metro Yellow Line",
        "color": "#ffcc00",
        "total_points": 7,
        "opening_year": 2015
      }
    },
    {
      "type": "Feature",
      "geometry": {
        "type": "LineString",
        "coordinates": [
          [
            77.218945,
            28.631742
          ],
          [
            77.219202,
            28.632236
          ],
          [
            77.219424,
            28.632742
          ],
          [
            77.219579,
            28.633166
          ],
          [
            77.21971,
            28.633597
          ],
          [
            77.219815,
            28.634033
          ]
        ]
      },
      "properties": {
        "id": 660097247,
        "name": "Delhi Metro Yellow Line",
        "color": "#ffcc00",
        "total_points": 6,
        "opening_year": 2015
      }
    },
    {
      "type": "Feature",
      "geometry": {
        "type": "LineString",
        "coordinates": [
          [
            77.298042,
            28.605631
          ],
          [
            77.298712,
            28.605833
          ]
        ]
      },
      "properties": {
        "id": 661827634,
        "name": "Delhi Metro Pink Line",
        "color": "#ff66cc",
        "total_points": 2,
        "opening_year": 2018
      }
    },
    {
      "type": "Feature",
      "geometry": {
        "type": "LineString",
        "coordinates": [
          [
            77.156901,
            28.671297
          ],
          [
            77.155931,
            28.671451
          ]
        ]
      },
      "properties": {
        "id": 687487447,
        "name": "Delhi Metro Green Line",
        "color": "#00b050",
        "total_points": 2,
        "opening_year": 2010
      }
    },
    {
      "type": "Feature",
      "geometry": {
        "type": "LineString",
        "coordinates": [
          [
            77.376771,
            28.589589
          ],
          [
            77.376073,
            28.589199
          ],
          [
            77.375948,
            28.58912
          ],
          [
            77.375828,
            28.589034
          ],
          [
            77.375715,
            28.588943
          ],
          [
            77.375608,
            28.588845
          ],
          [
            77.375508,
            28.588742
          ],
          [
            77.375412,
            28.588639
          ],
          [
            77.37533,
            28.58854
          ],
          [
            77.375247,
            28.588423
          ],
          [
            77.375171,
            28.588306
          ],
          [
            77.375092,
            28.588152
          ],
          [
            77.375053,
            28.588053
          ],
          [
            77.374994,
            28.587903
          ],
          [
            77.374958,
            28.587769
          ],
          [
            77.374925,
            28.587628
          ],
          [
            77.374903,
            28.587466
          ],
          [
            77.374895,
            28.587319
          ],
          [
            77.374898,
            28.58718
          ],
          [
            77.374913,
            28.587028
          ],
          [
            77.374942,
            28.58687
          ],
          [
            77.374995,
            28.586665
          ],
          [
            77.375279,
            28.585725
          ]
        ]
      },
      "properties": {
        "id": 687733477,
        "name": "Aqua Line",
        "color": "#00cccc",
        "total_points": 23,
        "opening_year": 2019
      }
    },
    {
      "type": "Feature",
      "geometry": {
        "type": "LineString",
        "coordinates": [
          [
            77.375279,
            28.585725
          ],
          [
            77.375513,
            28.584991
          ],
          [
            77.375639,
            28.584591
          ],
          [
            77.375713,
            28.584368
          ],
          [
            77.375977,
            28.583577
          ],
          [
            77.376075,
            28.583329
          ],
          [
            77.376325,
            28.58282
          ],
          [
            77.376693,
            28.582112
          ],
          [
            77.376779,
            28.581928
          ],
          [
            77.37685,
            28.581722
          ],
          [
            77.377145,
            28.580668
          ],
          [
            77.377378,
            28.579747
          ],
          [
            77.377481,
            28.579224
          ],
          [
            77.377637,
            28.578536
          ],
          [
            77.378042,
            28.575862
          ],
          [
            77.378258,
            28.574361
          ]
        ]
      },
      "properties": {
        "id": 687733478,
        "name": "Aqua Line",
        "color": "#00cccc",
        "total_points": 16,
        "opening_year": 2019
      }
    },
    {
      "type": "Feature",
      "geometry": {
        "type": "LineString",
        "coordinates": [
          [
            77.378258,
            28.574361
          ],
          [
            77.378506,
            28.572836
          ],
          [
            77.378989,
            28.569966
          ],
          [
            77.379358,
            28.567543
          ],
          [
            77.379686,
            28.56534
          ]
        ]
      },
      "properties": {
        "id": 687733479,
        "name": "Aqua Line",
        "color": "#00cccc",
        "total_points": 5,
        "opening_year": 2019
      }
    },
    {
      "type": "Feature",
      "geometry": {
        "type": "LineString",
        "coordinates": [
          [
            77.379686,
            28.56534
          ],
          [
            77.37982,
            28.564563
          ],
          [
            77.379874,
            28.564129
          ],
          [
            77.380067,
            28.563506
          ],
          [
            77.380174,
            28.563298
          ],
          [
            77.380356,
            28.563013
          ],
          [
            77.380528,
            28.562749
          ],
          [
            77.380769,
            28.562397
          ],
          [
            77.381479,
            28.561342
          ],
          [
            77.382871,
            28.559236
          ],
          [
            77.383848,
            28.55776
          ],
          [
            77.38497,
            28.556068
          ]
        ]
      },
      "properties": {
        "id": 687733480,
        "name": "Aqua Line",
        "color": "#00cccc",
        "total_points": 12,
        "opening_year": 2019
      }
    },
    {
      "type": "Feature",
      "geometry": {
        "type": "LineString",
        "coordinates": [
          [
            77.38497,
            28.556068
          ],
          [
            77.385547,
            28.555199
          ],
          [
            77.385684,
            28.554977
          ],
          [
            77.385948,
            28.554571
          ],
          [
            77.386402,
            28.553872
          ],
          [
            77.38689,
            28.553338
          ],
          [
            77.387452,
            28.552809
          ],
          [
            77.388343,
            28.551979
          ],
          [
            77.388599,
            28.551708
          ],
          [
            77.388705,
            28.551574
          ],
          [
            77.388788,
            28.55146
          ],
          [
            77.388894,
            28.551297
          ],
          [
            77.388971,
            28.55116
          ],
          [
            77.38909,
            28.550937
          ],
          [
            77.389283,
            28.55056
          ],
          [
            77.389563,
            28.550049
          ],
          [
            77.389809,
            28.54961
          ],
          [
            77.389964,
            28.54931
          ]
        ]
      },
      "properties": {
        "id": 687733481,
        "name": "Aqua Line",
        "color": "#00cccc",
        "total_points": 18,
        "opening_year": 2019
      }
    },
    {
      "type": "Feature",
      "geometry": {
        "type": "LineString",
        "coordinates": [
          [
            77.389964,
            28.54931
          ],
          [
            77.390352,
            28.548542
          ],
          [
            77.390513,
            28.548185
          ],
          [
            77.390645,
            28.547863
          ],
          [
            77.390694,
            28.54773
          ],
          [
            77.390745,
            28.547585
          ],
          [
            77.390834,
            28.54731
          ],
          [
            77.390895,
            28.547109
          ],
          [
            77.391026,
            28.546603
          ],
          [
            77.391494,
            28.544966
          ],
          [
            77.391639,
            28.544486
          ],
          [
            77.391873,
            28.544031
          ],
          [
            77.392817,
            28.542462
          ],
          [
            77.393087,
            28.54211
          ],
          [
            77.394332,
            28.540784
          ],
          [
            77.394421,
            28.540624
          ],
          [
            77.39446,
            28.540438
          ],
          [
            77.394464,
            28.540235
          ],
          [
            77.394504,
            28.538271
          ],
          [
            77.394587,
            28.534136
          ],
          [
            77.394783,
            28.532416
          ]
        ]
      },
      "properties": {
        "id": 687733482,
        "name": "Aqua Line",
        "color": "#00cccc",
        "total_points": 21,
        "opening_year": 2019
      }
    },
    {
      "type": "Feature",
      "geometry": {
        "type": "LineString",
        "coordinates": [
          [
            77.394783,
            28.532416
          ],
          [
            77.39511,
            28.52964
          ],
          [
            77.395424,
            28.527217
          ],
          [
            77.395472,
            28.526852
          ],
          [
            77.395363,
            28.52647
          ],
          [
            77.395226,
            28.52603
          ],
          [
            77.394944,
            28.525303
          ],
          [
            77.394878,
            28.524342
          ],
          [
            77.395039,
            28.523898
          ],
          [
            77.395288,
            28.523511
          ],
          [
            77.395735,
            28.522973
          ],
          [
            77.396459,
            28.522295
          ]
        ]
      },
      "properties": {
        "id": 687733483,
        "name": "Aqua Line",
        "color": "#00cccc",
        "total_points": 12,
        "opening_year": 2019
      }
    },
    {
      "type": "Feature",
      "geometry": {
        "type": "LineString",
        "coordinates": [
          [
            77.396459,
            28.522295
          ],
          [
            77.397217,
            28.521551
          ],
          [
            77.397547,
            28.521199
          ],
          [
            77.397906,
            28.520644
          ],
          [
            77.398296,
            28.519992
          ],
          [
            77.398798,
            28.519143
          ],
          [
            77.399831,
            28.517183
          ],
          [
            77.400854,
            28.51518
          ],
          [
            77.401416,
            28.514062
          ],
          [
            77.401803,
            28.513422
          ],
          [
            77.402813,
            28.511962
          ],
          [
            77.403629,
            28.510788
          ]
        ]
      },
      "properties": {
        "id": 687733484,
        "name": "Aqua Line",
        "color": "#00cccc",
        "total_points": 12,
        "opening_year": 2019
      }
    },
    {
      "type": "Feature",
      "geometry": {
        "type": "LineString",
        "coordinates": [
          [
            77.403629,
            28.510788
          ],
          [
            77.405192,
            28.508544
          ],
          [
            77.406642,
            28.506526
          ],
          [
            77.408023,
            28.504543
          ],
          [
            77.408175,
            28.504272
          ],
          [
            77.4083,
            28.503979
          ],
          [
            77.408408,
            28.503616
          ],
          [
            77.408444,
            28.503321
          ],
          [
            77.408449,
            28.503055
          ],
          [
            77.408413,
            28.502488
          ],
          [
            77.408404,
            28.502248
          ],
          [
            77.408415,
            28.502009
          ],
          [
            77.408459,
            28.501729
          ],
          [
            77.408536,
            28.501473
          ],
          [
            77.408635,
            28.501247
          ],
          [
            77.408782,
            28.50101
          ],
          [
            77.408938,
            28.500822
          ],
          [
            77.409161,
            28.500602
          ],
          [
            77.409377,
            28.500441
          ],
          [
            77.409593,
            28.500317
          ],
          [
            77.409888,
            28.500181
          ],
          [
            77.410878,
            28.49979
          ],
          [
            77.412113,
            28.499315
          ]
        ]
      },
      "properties": {
        "id": 687733485,
        "name": "Aqua Line",
        "color": "#00cccc",
        "total_points": 23,
        "opening_year": 2019
      }
    },
    {
      "type": "Feature",
      "geometry": {
        "type": "LineString",
        "coordinates": [
          [
            77.413423,
            28.498793
          ],
          [
            77.415057,
            28.498133
          ],
          [
            77.415636,
            28.497887
          ],
          [
            77.416775,
            28.497367
          ],
          [
            77.419749,
            28.495986
          ],
          [
            77.420688,
            28.49544
          ],
          [
            77.421612,
            28.494841
          ],
          [
            77.422392,
            28.494281
          ]
        ]
      },
      "properties": {
        "id": 687733486,
        "name": "Aqua Line",
        "color": "#00cccc",
        "total_points": 8,
        "opening_year": 2019
      }
    },
    {
      "type": "Feature",
      "geometry": {
        "type": "LineString",
        "coordinates": [
          [
            77.422392,
            28.494281
          ],
          [
            77.424256,
            28.492784
          ],
          [
            77.427313,
            28.490328
          ],
          [
            77.428169,
            28.489724
          ],
          [
            77.430339,
            28.488211
          ],
          [
            77.432114,
            28.48698
          ],
          [
            77.433088,
            28.486313
          ]
        ]
      },
      "properties": {
        "id": 687733487,
        "name": "Aqua Line",
        "color": "#00cccc",
        "total_points": 7,
        "opening_year": 2019
      }
    },
    {
      "type": "Feature",
      "geometry": {
        "type": "LineString",
        "coordinates": [
          [
            77.433088,
            28.486313
          ],
          [
            77.43362,
            28.485908
          ],
          [
            77.433929,
            28.485662
          ],
          [
            77.435221,
            28.484623
          ],
          [
            77.436972,
            28.483387
          ],
          [
            77.43929,
            28.481709
          ],
          [
            77.439925,
            28.481233
          ],
          [
            77.440716,
            28.480556
          ],
          [
            77.442423,
            28.479022
          ]
        ]
      },
      "properties": {
        "id": 687733488,
        "name": "Aqua Line",
        "color": "#00cccc",
        "total_points": 9,
        "opening_year": 2019
      }
    },
    {
      "type": "Feature",
      "geometry": {
        "type": "LineString",
        "coordinates": [
          [
            77.442423,
            28.479022
          ],
          [
            77.443021,
            28.478485
          ],
          [
            77.444957,
            28.476747
          ],
          [
            77.445866,
            28.475901
          ],
          [
            77.446663,
            28.475111
          ],
          [
            77.448325,
            28.47346
          ],
          [
            77.448578,
            28.473188
          ],
          [
            77.448855,
            28.472882
          ],
          [
            77.449098,
            28.472595
          ],
          [
            77.449293,
            28.472363
          ],
          [
            77.449543,
            28.472079
          ],
          [
            77.449775,
            28.471836
          ],
          [
            77.450013,
            28.471619
          ],
          [
            77.450253,
            28.471452
          ],
          [
            77.450543,
            28.471267
          ],
          [
            77.45093,
            28.471079
          ],
          [
            77.451295,
            28.470948
          ],
          [
            77.452078,
            28.470703
          ],
          [
            77.452429,
            28.470585
          ],
          [
            77.452714,
            28.470468
          ],
          [
            77.452997,
            28.470308
          ],
          [
            77.454542,
            28.469302
          ],
          [
            77.455189,
            28.468875
          ]
        ]
      },
      "properties": {
        "id": 687733489,
        "name": "Aqua Line",
        "color": "#00cccc",
        "total_points": 23,
        "opening_year": 2019
      }
    },
    {
      "type": "Feature",
      "geometry": {
        "type": "LineString",
        "coordinates": [
          [
            77.455189,
            28.468875
          ],
          [
            77.4557,
            28.468546
          ],
          [
            77.457242,
            28.46751
          ],
          [
            77.457841,
            28.467096
          ],
          [
            77.458326,
            28.466734
          ],
          [
            77.459016,
            28.466134
          ],
          [
            77.459603,
            28.465511
          ],
          [
            77.460956,
            28.463997
          ],
          [
            77.461464,
            28.463502
          ],
          [
            77.46335,
            28.461901
          ],
          [
            77.464202,
            28.461192
          ],
          [
            77.464857,
            28.460585
          ],
          [
            77.465583,
            28.459917
          ],
          [
            77.466208,
            28.459342
          ],
          [
            77.466593,
            28.458984
          ],
          [
            77.467514,
            28.45813
          ],
          [
            77.468935,
            28.456939
          ],
          [
            77.469649,
            28.456316
          ],
          [
            77.470226,
            28.455789
          ],
          [
            77.470768,
            28.455262
          ],
          [
            77.471237,
            28.454784
          ],
          [
            77.471721,
            28.454283
          ],
          [
            77.472232,
            28.453713
          ],
          [
            77.472902,
            28.452812
          ],
          [
            77.473522,
            28.452102
          ],
          [
            77.474472,
            28.450949
          ],
          [
            77.475064,
            28.450162
          ],
          [
            77.476623,
            28.448079
          ],
          [
            77.477465,
            28.446924
          ],
          [
            77.477827,
            28.446494
          ],
          [
            77.478402,
            28.445945
          ],
          [
            77.479059,
            28.445494
          ],
          [
            77.479544,
            28.445231
          ],
          [
            77.47995,
            28.44507
          ],
          [
            77.480261,
            28.444959
          ],
          [
            77.480605,
            28.44485
          ],
          [
            77.480996,
            28.444761
          ],
          [
            77.481455,
            28.444685
          ],
          [
            77.481827,
            28.444649
          ],
          [
            77.482342,
            28.444636
          ],
          [
            77.482884,
            28.444671
          ],
          [
            77.483467,
            28.44475
          ],
          [
            77.48397,
            28.444864
          ],
          [
            77.484485,
            28.445035
          ],
          [
            77.484949,
            28.445232
          ],
          [
            77.485338,
            28.44543
          ],
          [
            77.485703,
            28.445652
          ],
          [
            77.487084,
            28.446638
          ],
          [
            77.488238,
            28.447494
          ],
          [
            77.490646,
            28.449496
          ],
          [
            77.4911,
            28.449941
          ],
          [
            77.491926,
            28.450794
          ],
          [
            77.49265,
            28.451468
          ],
          [
            77.493133,
            28.451845
          ],
          [
            77.493626,
            28.452223
          ],
          [
            77.494125,
            28.452582
          ],
          [
            77.495418,
            28.453422
          ],
          [
            77.497668,
            28.455198
          ],
          [
            77.499546,
            28.456491
          ],
          [
            77.500298,
            28.457073
          ]
        ]
      },
      "properties": {
        "id": 687733491,
        "name": "Aqua Line",
        "color": "#00cccc",
        "total_points": 60,
        "opening_year": 2019
      }
    },
    {
      "type": "Feature",
      "geometry": {
        "type": "LineString",
        "coordinates": [
          [
            77.155931,
            28.671451
          ],
          [
            77.155281,
            28.671537
          ]
        ]
      },
      "properties": {
        "id": 689257909,
        "name": "Delhi Metro Green Line",
        "color": "#00b050",
        "total_points": 2,
        "opening_year": 2010
      }
    },
    {
      "type": "Feature",
      "geometry": {
        "type": "LineString",
        "coordinates": [
          [
            77.155296,
            28.671616
          ],
          [
            77.155862,
            28.671533
          ],
          [
            77.155944,
            28.671506
          ]
        ]
      },
      "properties": {
        "id": 689257910,
        "name": "Delhi Metro Green Line",
        "color": "#00b050",
        "total_points": 3,
        "opening_year": 2010
      }
    },
    {
      "type": "Feature",
      "geometry": {
        "type": "LineString",
        "coordinates": [
          [
            77.239762,
            28.625309
          ],
          [
            77.238753,
            28.625391
          ],
          [
            77.236812,
            28.62548
          ],
          [
            77.236144,
            28.625508
          ]
        ]
      },
      "properties": {
        "id": 695925443,
        "name": "Blue Line",
        "color": "#0070c0",
        "total_points": 4,
        "opening_year": 2010
      }
    },
    {
      "type": "Feature",
      "geometry": {
        "type": "LineString",
        "coordinates": [
          [
            77.236146,
            28.62555
          ],
          [
            77.236814,
            28.625522
          ],
          [
            77.238757,
            28.625432
          ],
          [
            77.239771,
            28.62535
          ]
        ]
      },
      "properties": {
        "id": 695925444,
        "name": "Blue Line",
        "color": "#0070c0",
        "total_points": 4,
        "opening_year": 2010
      }
    },
    {
      "type": "Feature",
      "geometry": {
        "type": "LineString",
        "coordinates": [
          [
            77.269853,
            28.624003
          ],
          [
            77.269997,
            28.624047
          ],
          [
            77.270124,
            28.62408
          ],
          [
            77.270333,
            28.624135
          ],
          [
            77.270446,
            28.624166
          ],
          [
            77.270609,
            28.624219
          ]
        ]
      },
      "properties": {
        "id": 695932024,
        "name": "Delhi Metro Line",
        "color": "#00e5ff",
        "total_points": 6,
        "opening_year": 2015
      }
    },
    {
      "type": "Feature",
      "geometry": {
        "type": "LineString",
        "coordinates": [
          [
            77.270609,
            28.624219
          ],
          [
            77.269679,
            28.623889
          ]
        ]
      },
      "properties": {
        "id": 695932025,
        "name": "Delhi Metro Blue Line",
        "color": "#0070c0",
        "total_points": 2,
        "opening_year": 2010
      }
    },
    {
      "type": "Feature",
      "geometry": {
        "type": "LineString",
        "coordinates": [
          [
            77.267951,
            28.623307
          ],
          [
            77.268747,
            28.623592
          ]
        ]
      },
      "properties": {
        "id": 695932026,
        "name": "Delhi Metro Line",
        "color": "#00e5ff",
        "total_points": 2,
        "opening_year": 2015
      }
    },
    {
      "type": "Feature",
      "geometry": {
        "type": "LineString",
        "coordinates": [
          [
            77.268762,
            28.623555
          ],
          [
            77.267736,
            28.623187
          ]
        ]
      },
      "properties": {
        "id": 695938515,
        "name": "Delhi Metro Line",
        "color": "#00e5ff",
        "total_points": 2,
        "opening_year": 2015
      }
    },
    {
      "type": "Feature",
      "geometry": {
        "type": "LineString",
        "coordinates": [
          [
            77.056378,
            28.549015
          ],
          [
            77.056257,
            28.548909
          ],
          [
            77.055809,
            28.548605
          ],
          [
            77.054812,
            28.548174
          ],
          [
            77.054163,
            28.547962
          ],
          [
            77.053413,
            28.547807
          ],
          [
            77.052634,
            28.547702
          ],
          [
            77.052003,
            28.547663
          ],
          [
            77.051286,
            28.547696
          ],
          [
            77.05068,
            28.547792
          ],
          [
            77.050295,
            28.547885
          ],
          [
            77.049682,
            28.548073
          ],
          [
            77.049251,
            28.548245
          ],
          [
            77.048395,
            28.548668
          ],
          [
            77.047241,
            28.549498
          ],
          [
            77.045291,
            28.550807
          ]
        ]
      },
      "properties": {
        "id": 696157493,
        "name": "Airport Express Line",
        "color": "#ff6600",
        "total_points": 16,
        "opening_year": 2023
      }
    },
    {
      "type": "Feature",
      "geometry": {
        "type": "LineString",
        "coordinates": [
          [
            77.270828,
            28.624159
          ],
          [
            77.269852,
            28.623888
          ],
          [
            77.26952,
            28.623793
          ],
          [
            77.268912,
            28.623608
          ]
        ]
      },
      "properties": {
        "id": 696172351,
        "name": "Delhi Metro Line",
        "color": "#00e5ff",
        "total_points": 4,
        "opening_year": 2015
      }
    },
    {
      "type": "Feature",
      "geometry": {
        "type": "LineString",
        "coordinates": [
          [
            77.001655,
            28.61382
          ],
          [
            77.000661,
            28.613497
          ],
          [
            76.999677,
            28.6133
          ]
        ]
      },
      "properties": {
        "id": 696687015,
        "name": "Delhi Metro Grey Line",
        "color": "#808080",
        "total_points": 3,
        "opening_year": 2019
      }
    },
    {
      "type": "Feature",
      "geometry": {
        "type": "LineString",
        "coordinates": [
          [
            77.130736,
            28.553219
          ],
          [
            77.131063,
            28.553694
          ],
          [
            77.131523,
            28.554571
          ],
          [
            77.131979,
            28.555748
          ],
          [
            77.132982,
            28.558843
          ],
          [
            77.133136,
            28.55939
          ]
        ]
      },
      "properties": {
        "id": 727364283,
        "name": "Airport Express Line",
        "color": "#ff6600",
        "total_points": 6,
        "opening_year": 2011
      }
    },
    {
      "type": "Feature",
      "geometry": {
        "type": "LineString",
        "coordinates": [
          [
            76.999677,
            28.6133
          ],
          [
            76.998282,
            28.6132
          ],
          [
            76.994844,
            28.61255
          ],
          [
            76.992233,
            28.612311
          ],
          [
            76.990553,
            28.612218
          ],
          [
            76.986563,
            28.612426
          ],
          [
            76.985937,
            28.612383
          ]
        ]
      },
      "properties": {
        "id": 753427929,
        "name": "Delhi Metro Grey Line",
        "color": "#808080",
        "total_points": 7,
        "opening_year": 2019
      }
    },
    {
      "type": "Feature",
      "geometry": {
        "type": "LineString",
        "coordinates": [
          [
            77.289125,
            28.605149
          ],
          [
            77.289642,
            28.604086
          ],
          [
            77.28987,
            28.60364
          ],
          [
            77.290007,
            28.603323
          ],
          [
            77.290105,
            28.603025
          ],
          [
            77.290301,
            28.602573
          ],
          [
            77.290499,
            28.6022
          ],
          [
            77.290564,
            28.602068
          ],
          [
            77.290979,
            28.601305
          ],
          [
            77.291435,
            28.600454
          ],
          [
            77.29223,
            28.598874
          ],
          [
            77.292719,
            28.597938
          ],
          [
            77.293323,
            28.59674
          ],
          [
            77.293351,
            28.596689
          ],
          [
            77.293446,
            28.596501
          ],
          [
            77.294201,
            28.595201
          ],
          [
            77.294549,
            28.594508
          ],
          [
            77.295134,
            28.593395
          ],
          [
            77.295509,
            28.59265
          ],
          [
            77.295714,
            28.592292
          ],
          [
            77.296068,
            28.591696
          ],
          [
            77.296961,
            28.590372
          ],
          [
            77.297178,
            28.590125
          ],
          [
            77.297384,
            28.589922
          ],
          [
            77.297704,
            28.589682
          ],
          [
            77.298045,
            28.589485
          ],
          [
            77.298389,
            28.589363
          ],
          [
            77.29872,
            28.589271
          ],
          [
            77.29918,
            28.589207
          ],
          [
            77.299662,
            28.589178
          ],
          [
            77.299866,
            28.589176
          ],
          [
            77.301599,
            28.589158
          ],
          [
            77.303194,
            28.589175
          ],
          [
            77.306995,
            28.5892
          ],
          [
            77.307279,
            28.589195
          ],
          [
            77.307445,
            28.589191
          ],
          [
            77.307611,
            28.589179
          ],
          [
            77.307776,
            28.58916
          ],
          [
            77.30794,
            28.589132
          ],
          [
            77.308101,
            28.589097
          ],
          [
            77.30826,
            28.589055
          ],
          [
            77.308417,
            28.589005
          ],
          [
            77.30857,
            28.588947
          ],
          [
            77.308734,
            28.588876
          ],
          [
            77.308893,
            28.588796
          ],
          [
            77.309047,
            28.588708
          ],
          [
            77.309195,
            28.588613
          ],
          [
            77.309335,
            28.588509
          ],
          [
            77.309469,
            28.588399
          ],
          [
            77.309595,
            28.588282
          ],
          [
            77.309713,
            28.588159
          ],
          [
            77.309822,
            28.588029
          ],
          [
            77.309923,
            28.587895
          ],
          [
            77.310014,
            28.587755
          ],
          [
            77.310944,
            28.586115
          ],
          [
            77.311735,
            28.58496
          ],
          [
            77.313277,
            28.582743
          ],
          [
            77.313609,
            28.58233
          ],
          [
            77.314052,
            28.581888
          ],
          [
            77.315154,
            28.580833
          ],
          [
            77.315938,
            28.580082
          ],
          [
            77.317876,
            28.578148
          ],
          [
            77.318581,
            28.577536
          ],
          [
            77.319764,
            28.576552
          ],
          [
            77.322151,
            28.574469
          ],
          [
            77.322724,
            28.574057
          ],
          [
            77.323268,
            28.573583
          ],
          [
            77.326174,
            28.570824
          ],
          [
            77.327466,
            28.569615
          ],
          [
            77.328502,
            28.568681
          ],
          [
            77.329826,
            28.56763
          ],
          [
            77.331891,
            28.566225
          ],
          [
            77.333021,
            28.565323
          ],
          [
            77.333713,
            28.564624
          ]
        ]
      },
      "properties": {
        "id": 855461481,
        "name": "Blue Line",
        "color": "#0070c0",
        "total_points": 74,
        "opening_year": 2010
      }
    },
    {
      "type": "Feature",
      "geometry": {
        "type": "LineString",
        "coordinates": [
          [
            77.065614,
            28.561221
          ],
          [
            77.065489,
            28.560997
          ],
          [
            77.065084,
            28.560352
          ],
          [
            77.064864,
            28.560021
          ],
          [
            77.064532,
            28.559537
          ]
        ]
      },
      "properties": {
        "id": 893778027,
        "name": "Blue Line",
        "color": "#0070c0",
        "total_points": 5,
        "opening_year": 2010
      }
    },
    {
      "type": "Feature",
      "geometry": {
        "type": "LineString",
        "coordinates": [
          [
            77.064492,
            28.559559
          ],
          [
            77.064824,
            28.560042
          ],
          [
            77.065043,
            28.560372
          ],
          [
            77.065447,
            28.561016
          ],
          [
            77.065567,
            28.561231
          ]
        ]
      },
      "properties": {
        "id": 893778028,
        "name": "Blue Line",
        "color": "#0070c0",
        "total_points": 5,
        "opening_year": 2010
      }
    },
    {
      "type": "Feature",
      "geometry": {
        "type": "LineString",
        "coordinates": [
          [
            77.166332,
            28.593432
          ],
          [
            77.166529,
            28.593175
          ],
          [
            77.166769,
            28.592876
          ],
          [
            77.167046,
            28.592413
          ],
          [
            77.167706,
            28.591684
          ],
          [
            77.168298,
            28.590994
          ],
          [
            77.168672,
            28.590475
          ],
          [
            77.168888,
            28.590099
          ],
          [
            77.169404,
            28.589332
          ],
          [
            77.169438,
            28.589282
          ]
        ]
      },
      "properties": {
        "id": 897488854,
        "name": "Delhi Metro Pink Line",
        "color": "#ff66cc",
        "total_points": 10,
        "opening_year": 2018
      }
    },
    {
      "type": "Feature",
      "geometry": {
        "type": "LineString",
        "coordinates": [
          [
            77.164784,
            28.595658
          ],
          [
            77.165366,
            28.594724
          ],
          [
            77.166332,
            28.593432
          ]
        ]
      },
      "properties": {
        "id": 897488855,
        "name": "Delhi Metro Pink Line",
        "color": "#ff66cc",
        "total_points": 3,
        "opening_year": 2018
      }
    },
    {
      "type": "Feature",
      "geometry": {
        "type": "LineString",
        "coordinates": [
          [
            77.166372,
            28.59345
          ],
          [
            77.166576,
            28.593197
          ],
          [
            77.166813,
            28.592894
          ],
          [
            77.167742,
            28.591704
          ],
          [
            77.168337,
            28.591016
          ],
          [
            77.168713,
            28.590486
          ],
          [
            77.169477,
            28.589301
          ]
        ]
      },
      "properties": {
        "id": 897488856,
        "name": "Delhi Metro Pink Line",
        "color": "#ff66cc",
        "total_points": 7,
        "opening_year": 2018
      }
    },
    {
      "type": "Feature",
      "geometry": {
        "type": "LineString",
        "coordinates": [
          [
            77.164845,
            28.595686
          ],
          [
            77.165427,
            28.594754
          ],
          [
            77.166372,
            28.59345
          ]
        ]
      },
      "properties": {
        "id": 897488857,
        "name": "Delhi Metro Pink Line",
        "color": "#ff66cc",
        "total_points": 3,
        "opening_year": 2018
      }
    },
    {
      "type": "Feature",
      "geometry": {
        "type": "LineString",
        "coordinates": [
          [
            77.095194,
            28.481813
          ],
          [
            77.095992,
            28.48194
          ],
          [
            77.096845,
            28.482042
          ],
          [
            77.097418,
            28.482101
          ],
          [
            77.097961,
            28.482094
          ],
          [
            77.098565,
            28.482047
          ],
          [
            77.099846,
            28.481904
          ],
          [
            77.100473,
            28.481869
          ],
          [
            77.101213,
            28.481932
          ],
          [
            77.102264,
            28.482051
          ],
          [
            77.10327,
            28.482172
          ],
          [
            77.104355,
            28.482172
          ],
          [
            77.105154,
            28.482231
          ],
          [
            77.10571,
            28.482317
          ],
          [
            77.106447,
            28.482482
          ],
          [
            77.106769,
            28.482554
          ],
          [
            77.107046,
            28.482606
          ],
          [
            77.107299,
            28.482647
          ],
          [
            77.107631,
            28.482663
          ],
          [
            77.10794,
            28.482657
          ],
          [
            77.108221,
            28.482624
          ],
          [
            77.108527,
            28.482569
          ],
          [
            77.108994,
            28.482422
          ],
          [
            77.109232,
            28.482326
          ],
          [
            77.109774,
            28.482047
          ],
          [
            77.110235,
            28.481819
          ],
          [
            77.110418,
            28.481753
          ],
          [
            77.110602,
            28.481691
          ],
          [
            77.110989,
            28.481602
          ],
          [
            77.111246,
            28.48156
          ],
          [
            77.111773,
            28.481546
          ],
          [
            77.112375,
            28.481581
          ],
          [
            77.113125,
            28.481611
          ],
          [
            77.113591,
            28.481618
          ],
          [
            77.114202,
            28.481539
          ],
          [
            77.114875,
            28.481395
          ],
          [
            77.115985,
            28.481188
          ],
          [
            77.117038,
            28.48097
          ],
          [
            77.11775,
            28.480803
          ],
          [
            77.118228,
            28.480603
          ],
          [
            77.11914,
            28.480017
          ],
          [
            77.120385,
            28.479185
          ],
          [
            77.120988,
            28.478932
          ],
          [
            77.121633,
            28.478803
          ],
          [
            77.122225,
            28.478783
          ],
          [
            77.12265,
            28.47884
          ],
          [
            77.123034,
            28.478941
          ],
          [
            77.123402,
            28.479119
          ],
          [
            77.123777,
            28.479307
          ],
          [
            77.124388,
            28.47978
          ],
          [
            77.125,
            28.480226
          ],
          [
            77.125745,
            28.480757
          ]
        ]
      },
      "properties": {
        "id": 899083186,
        "name": "Delhi Metro Yellow Line",
        "color": "#ffcc00",
        "total_points": 52,
        "opening_year": 2015
      }
    },
    {
      "type": "Feature",
      "geometry": {
        "type": "LineString",
        "coordinates": [
          [
            77.094408,
            28.481642
          ],
          [
            77.095194,
            28.481813
          ]
        ]
      },
      "properties": {
        "id": 899083187,
        "name": "Delhi Metro Yellow Line",
        "color": "#ffcc00",
        "total_points": 2,
        "opening_year": 2015
      }
    },
    {
      "type": "Feature",
      "geometry": {
        "type": "LineString",
        "coordinates": [
          [
            77.095218,
            28.481758
          ],
          [
            77.096002,
            28.481887
          ],
          [
            77.096853,
            28.481989
          ],
          [
            77.097421,
            28.482048
          ],
          [
            77.097958,
            28.482041
          ],
          [
            77.098558,
            28.481994
          ],
          [
            77.099841,
            28.481851
          ],
          [
            77.100474,
            28.481816
          ],
          [
            77.101219,
            28.481879
          ],
          [
            77.102272,
            28.481998
          ],
          [
            77.103274,
            28.482118
          ],
          [
            77.104358,
            28.482118
          ],
          [
            77.105162,
            28.482177
          ],
          [
            77.105723,
            28.482265
          ],
          [
            77.10646,
            28.48243
          ],
          [
            77.106791,
            28.482503
          ],
          [
            77.107079,
            28.482561
          ],
          [
            77.107341,
            28.482594
          ],
          [
            77.107651,
            28.482611
          ],
          [
            77.107993,
            28.482601
          ],
          [
            77.108239,
            28.482562
          ],
          [
            77.108523,
            28.482502
          ],
          [
            77.108842,
            28.48242
          ],
          [
            77.109204,
            28.482279
          ],
          [
            77.109743,
            28.482001
          ],
          [
            77.110208,
            28.481771
          ],
          [
            77.110395,
            28.481704
          ],
          [
            77.110583,
            28.48164
          ],
          [
            77.110976,
            28.481549
          ],
          [
            77.11124,
            28.481507
          ],
          [
            77.111774,
            28.481493
          ],
          [
            77.112379,
            28.481528
          ],
          [
            77.113127,
            28.481557
          ],
          [
            77.113587,
            28.481565
          ],
          [
            77.114191,
            28.481487
          ],
          [
            77.114861,
            28.481343
          ],
          [
            77.115971,
            28.481135
          ],
          [
            77.117023,
            28.480919
          ],
          [
            77.117729,
            28.480753
          ],
          [
            77.118196,
            28.480557
          ],
          [
            77.119104,
            28.479974
          ],
          [
            77.120353,
            28.479139
          ],
          [
            77.120968,
            28.478881
          ],
          [
            77.121625,
            28.47875
          ],
          [
            77.122228,
            28.478729
          ],
          [
            77.122663,
            28.478787
          ],
          [
            77.123058,
            28.478892
          ],
          [
            77.123432,
            28.479073
          ],
          [
            77.123812,
            28.479263
          ],
          [
            77.124427,
            28.479739
          ],
          [
            77.125025,
            28.480182
          ],
          [
            77.125784,
            28.480716
          ]
        ]
      },
      "properties": {
        "id": 899083188,
        "name": "Delhi Metro Yellow Line",
        "color": "#ffcc00",
        "total_points": 52,
        "opening_year": 2015
      }
    },
    {
      "type": "Feature",
      "geometry": {
        "type": "LineString",
        "coordinates": [
          [
            77.094423,
            28.48159
          ],
          [
            77.095218,
            28.481758
          ]
        ]
      },
      "properties": {
        "id": 899083189,
        "name": "Delhi Metro Yellow Line",
        "color": "#ffcc00",
        "total_points": 2,
        "opening_year": 2015
      }
    },
    {
      "type": "Feature",
      "geometry": {
        "type": "LineString",
        "coordinates": [
          [
            77.129708,
            28.754231
          ],
          [
            77.13179,
            28.752044
          ],
          [
            77.132065,
            28.751752
          ],
          [
            77.132441,
            28.751364
          ]
        ]
      },
      "properties": {
        "id": 913986965,
        "name": "Delhi Metro Line",
        "color": "#00e5ff",
        "total_points": 4,
        "opening_year": 2015
      }
    },
    {
      "type": "Feature",
      "geometry": {
        "type": "LineString",
        "coordinates": [
          [
            77.12974,
            28.754254
          ],
          [
            77.132422,
            28.751436
          ],
          [
            77.132471,
            28.751384
          ]
        ]
      },
      "properties": {
        "id": 913986969,
        "name": "Delhi Metro Line",
        "color": "#00e5ff",
        "total_points": 3,
        "opening_year": 2015
      }
    },
    {
      "type": "Feature",
      "geometry": {
        "type": "LineString",
        "coordinates": [
          [
            77.215901,
            28.634965
          ],
          [
            77.213477,
            28.636416
          ]
        ]
      },
      "properties": {
        "id": 914114472,
        "name": "Blue Line",
        "color": "#0070c0",
        "total_points": 2,
        "opening_year": 2010
      }
    },
    {
      "type": "Feature",
      "geometry": {
        "type": "LineString",
        "coordinates": [
          [
            77.213512,
            28.636448
          ],
          [
            77.215922,
            28.635008
          ]
        ]
      },
      "properties": {
        "id": 914114473,
        "name": "Blue Line",
        "color": "#0070c0",
        "total_points": 2,
        "opening_year": 2010
      }
    },
    {
      "type": "Feature",
      "geometry": {
        "type": "LineString",
        "coordinates": [
          [
            77.308719,
            28.610124
          ],
          [
            77.308697,
            28.610409
          ],
          [
            77.30862,
            28.610759
          ],
          [
            77.308426,
            28.611497
          ],
          [
            77.308412,
            28.611847
          ],
          [
            77.308499,
            28.612291
          ],
          [
            77.308812,
            28.613449
          ],
          [
            77.309191,
            28.614899
          ],
          [
            77.309642,
            28.61648
          ],
          [
            77.309677,
            28.616632
          ],
          [
            77.309702,
            28.616785
          ],
          [
            77.309717,
            28.616939
          ],
          [
            77.309722,
            28.617093
          ],
          [
            77.309717,
            28.617248
          ],
          [
            77.309701,
            28.617402
          ],
          [
            77.309676,
            28.617555
          ],
          [
            77.30964,
            28.617707
          ],
          [
            77.309595,
            28.617856
          ],
          [
            77.309539,
            28.618006
          ],
          [
            77.309472,
            28.618152
          ],
          [
            77.309397,
            28.618295
          ],
          [
            77.309311,
            28.618434
          ],
          [
            77.309217,
            28.618568
          ],
          [
            77.309113,
            28.618697
          ],
          [
            77.309001,
            28.618821
          ],
          [
            77.308881,
            28.618938
          ],
          [
            77.308754,
            28.619049
          ],
          [
            77.308619,
            28.619154
          ],
          [
            77.308478,
            28.619251
          ],
          [
            77.30833,
            28.619341
          ],
          [
            77.308177,
            28.619423
          ],
          [
            77.308018,
            28.619497
          ],
          [
            77.307854,
            28.619562
          ],
          [
            77.307583,
            28.619647
          ],
          [
            77.307277,
            28.619723
          ],
          [
            77.305416,
            28.62007
          ],
          [
            77.304657,
            28.620218
          ],
          [
            77.303573,
            28.620431
          ],
          [
            77.303419,
            28.620469
          ],
          [
            77.303267,
            28.620515
          ],
          [
            77.303119,
            28.62057
          ],
          [
            77.302976,
            28.620634
          ],
          [
            77.302837,
            28.620705
          ],
          [
            77.302704,
            28.620785
          ],
          [
            77.302577,
            28.620871
          ],
          [
            77.302457,
            28.620965
          ],
          [
            77.302344,
            28.621065
          ],
          [
            77.302239,
            28.621172
          ],
          [
            77.302142,
            28.621284
          ],
          [
            77.302053,
            28.621402
          ],
          [
            77.301974,
            28.621525
          ],
          [
            77.301904,
            28.621651
          ],
          [
            77.301841,
            28.621785
          ],
          [
            77.30179,
            28.621923
          ],
          [
            77.301749,
            28.622062
          ],
          [
            77.301718,
            28.622204
          ],
          [
            77.301698,
            28.622348
          ],
          [
            77.301689,
            28.622492
          ],
          [
            77.301692,
            28.622636
          ],
          [
            77.301705,
            28.622781
          ],
          [
            77.301729,
            28.622923
          ],
          [
            77.301764,
            28.623065
          ],
          [
            77.30181,
            28.623204
          ],
          [
            77.301866,
            28.623339
          ],
          [
            77.301932,
            28.623472
          ],
          [
            77.302008,
            28.6236
          ],
          [
            77.302094,
            28.623723
          ],
          [
            77.302189,
            28.623841
          ],
          [
            77.302292,
            28.623953
          ],
          [
            77.302404,
            28.624059
          ],
          [
            77.302524,
            28.624159
          ],
          [
            77.302651,
            28.62425
          ],
          [
            77.302785,
            28.624335
          ],
          [
            77.302924,
            28.624411
          ],
          [
            77.30307,
            28.624479
          ],
          [
            77.30322,
            28.624538
          ],
          [
            77.304455,
            28.625018
          ],
          [
            77.30526,
            28.625272
          ],
          [
            77.307952,
            28.626117
          ],
          [
            77.308244,
            28.626175
          ],
          [
            77.308435,
            28.626197
          ],
          [
            77.308652,
            28.626213
          ],
          [
            77.308886,
            28.626207
          ],
          [
            77.30981,
            28.626171
          ],
          [
            77.309963,
            28.626169
          ],
          [
            77.310117,
            28.626176
          ],
          [
            77.310269,
            28.626192
          ],
          [
            77.31042,
            28.626217
          ],
          [
            77.310552,
            28.62625
          ],
          [
            77.310699,
            28.626293
          ],
          [
            77.310806,
            28.626329
          ],
          [
            77.310949,
            28.62639
          ],
          [
            77.311085,
            28.626457
          ],
          [
            77.31121,
            28.626532
          ],
          [
            77.311335,
            28.626618
          ],
          [
            77.311475,
            28.626721
          ],
          [
            77.311573,
            28.626809
          ],
          [
            77.311682,
            28.62692
          ],
          [
            77.311768,
            28.627025
          ],
          [
            77.311851,
            28.627145
          ],
          [
            77.311926,
            28.62727
          ],
          [
            77.31197,
            28.627361
          ],
          [
            77.312017,
            28.627452
          ],
          [
            77.312069,
            28.627575
          ],
          [
            77.312108,
            28.627703
          ],
          [
            77.312129,
            28.627821
          ],
          [
            77.312153,
            28.627962
          ],
          [
            77.312164,
            28.628122
          ],
          [
            77.312157,
            28.628277
          ],
          [
            77.312142,
            28.628441
          ],
          [
            77.312109,
            28.628583
          ],
          [
            77.312068,
            28.628713
          ],
          [
            77.311998,
            28.628887
          ],
          [
            77.311786,
            28.629372
          ],
          [
            77.311075,
            28.631028
          ],
          [
            77.310699,
            28.631884
          ],
          [
            77.310315,
            28.632777
          ],
          [
            77.309785,
            28.633981
          ],
          [
            77.309607,
            28.63439
          ],
          [
            77.309489,
            28.634665
          ],
          [
            77.309438,
            28.63479
          ],
          [
            77.309402,
            28.6349
          ],
          [
            77.309369,
            28.635025
          ],
          [
            77.309352,
            28.635119
          ],
          [
            77.309334,
            28.63527
          ],
          [
            77.309331,
            28.635394
          ],
          [
            77.309338,
            28.635538
          ],
          [
            77.309361,
            28.635718
          ],
          [
            77.309389,
            28.635827
          ],
          [
            77.309433,
            28.635964
          ],
          [
            77.309491,
            28.636103
          ],
          [
            77.309565,
            28.63624
          ],
          [
            77.309642,
            28.636371
          ],
          [
            77.30974,
            28.636496
          ],
          [
            77.30985,
            28.63661
          ],
          [
            77.309978,
            28.636733
          ],
          [
            77.31024,
            28.636929
          ],
          [
            77.310445,
            28.637028
          ],
          [
            77.310697,
            28.637124
          ],
          [
            77.310906,
            28.637183
          ],
          [
            77.311132,
            28.637218
          ],
          [
            77.311412,
            28.637233
          ],
          [
            77.311578,
            28.637231
          ],
          [
            77.311942,
            28.63722
          ],
          [
            77.31209,
            28.637221
          ],
          [
            77.312283,
            28.637237
          ],
          [
            77.312442,
            28.637255
          ],
          [
            77.312608,
            28.637285
          ],
          [
            77.312856,
            28.637347
          ],
          [
            77.31317,
            28.637474
          ],
          [
            77.313539,
            28.637661
          ],
          [
            77.313863,
            28.637893
          ],
          [
            77.314166,
            28.638211
          ],
          [
            77.314351,
            28.638524
          ],
          [
            77.314614,
            28.639075
          ],
          [
            77.314838,
            28.639772
          ],
          [
            77.315109,
            28.640449
          ],
          [
            77.315377,
            28.640802
          ],
          [
            77.315655,
            28.641113
          ],
          [
            77.315938,
            28.641465
          ],
          [
            77.316197,
            28.641821
          ],
          [
            77.316468,
            28.642467
          ],
          [
            77.316965,
            28.643922
          ],
          [
            77.317127,
            28.644567
          ],
          [
            77.317139,
            28.644695
          ],
          [
            77.31714,
            28.644824
          ],
          [
            77.31713,
            28.644952
          ],
          [
            77.31711,
            28.64508
          ],
          [
            77.317079,
            28.645206
          ],
          [
            77.317038,
            28.645329
          ],
          [
            77.316986,
            28.64545
          ],
          [
            77.316925,
            28.645566
          ],
          [
            77.316853,
            28.645679
          ],
          [
            77.316782,
            28.645775
          ],
          [
            77.316704,
            28.645867
          ],
          [
            77.31662,
            28.645954
          ],
          [
            77.316529,
            28.646036
          ],
          [
            77.316432,
            28.646112
          ],
          [
            77.316329,
            28.646183
          ],
          [
            77.316222,
            28.646248
          ],
          [
            77.315798,
            28.646467
          ],
          [
            77.315375,
            28.646659
          ],
          [
            77.314971,
            28.646843
          ],
          [
            77.314076,
            28.647243
          ],
          [
            77.313935,
            28.647301
          ],
          [
            77.313791,
            28.647353
          ],
          [
            77.313644,
            28.6474
          ],
          [
            77.313495,
            28.64744
          ],
          [
            77.31332,
            28.647479
          ],
          [
            77.313143,
            28.64751
          ],
          [
            77.312965,
            28.647533
          ],
          [
            77.312786,
            28.647547
          ],
          [
            77.312606,
            28.647552
          ],
          [
            77.312426,
            28.647549
          ],
          [
            77.312246,
            28.647537
          ],
          [
            77.311953,
            28.647484
          ],
          [
            77.310848,
            28.647243
          ],
          [
            77.309879,
            28.647042
          ],
          [
            77.309715,
            28.647024
          ],
          [
            77.309551,
            28.647014
          ],
          [
            77.309385,
            28.647012
          ],
          [
            77.30922,
            28.647018
          ],
          [
            77.309056,
            28.647032
          ],
          [
            77.308893,
            28.647054
          ],
          [
            77.308731,
            28.647085
          ],
          [
            77.308572,
            28.647123
          ],
          [
            77.308415,
            28.647169
          ],
          [
            77.308262,
            28.647223
          ],
          [
            77.308112,
            28.647284
          ],
          [
            77.307967,
            28.647352
          ],
          [
            77.307826,
            28.647427
          ],
          [
            77.307696,
            28.647505
          ],
          [
            77.307572,
            28.647589
          ]
        ]
      },
      "properties": {
        "id": 915112328,
        "name": "Delhi Metro Pink Line",
        "color": "#ff66cc",
        "total_points": 213,
        "opening_year": 2018
      }
    },
    {
      "type": "Feature",
      "geometry": {
        "type": "LineString",
        "coordinates": [
          [
            77.308789,
            28.610122
          ],
          [
            77.308766,
            28.610417
          ],
          [
            77.308688,
            28.610772
          ],
          [
            77.308495,
            28.611505
          ],
          [
            77.308482,
            28.611843
          ],
          [
            77.308567,
            28.612279
          ],
          [
            77.30888,
            28.613435
          ],
          [
            77.309259,
            28.614886
          ],
          [
            77.309686,
            28.61648
          ],
          [
            77.309721,
            28.616632
          ],
          [
            77.309745,
            28.616785
          ],
          [
            77.30976,
            28.61694
          ],
          [
            77.309764,
            28.617095
          ],
          [
            77.309759,
            28.61725
          ],
          [
            77.309743,
            28.617404
          ],
          [
            77.309718,
            28.617558
          ],
          [
            77.309682,
            28.61771
          ],
          [
            77.309637,
            28.61786
          ],
          [
            77.30958,
            28.618013
          ],
          [
            77.309513,
            28.618162
          ],
          [
            77.309436,
            28.618308
          ],
          [
            77.309349,
            28.61845
          ],
          [
            77.309253,
            28.618586
          ],
          [
            77.309148,
            28.618718
          ],
          [
            77.309034,
            28.618844
          ],
          [
            77.308912,
            28.618964
          ],
          [
            77.308782,
            28.619077
          ],
          [
            77.308644,
            28.619184
          ],
          [
            77.3085,
            28.619283
          ],
          [
            77.30835,
            28.619375
          ],
          [
            77.308193,
            28.619458
          ],
          [
            77.308031,
            28.619533
          ],
          [
            77.307865,
            28.6196
          ],
          [
            77.307598,
            28.619684
          ],
          [
            77.307284,
            28.619762
          ],
          [
            77.30542,
            28.620097
          ],
          [
            77.304664,
            28.620254
          ],
          [
            77.303584,
            28.620466
          ],
          [
            77.303432,
            28.620504
          ],
          [
            77.303284,
            28.62055
          ],
          [
            77.303139,
            28.620604
          ],
          [
            77.302999,
            28.620666
          ],
          [
            77.302863,
            28.620737
          ],
          [
            77.302733,
            28.620815
          ],
          [
            77.302609,
            28.6209
          ],
          [
            77.302492,
            28.620992
          ],
          [
            77.302381,
            28.62109
          ],
          [
            77.302278,
            28.621195
          ],
          [
            77.302183,
            28.621305
          ],
          [
            77.302097,
            28.62142
          ],
          [
            77.302019,
            28.62154
          ],
          [
            77.30195,
            28.621664
          ],
          [
            77.301889,
            28.621796
          ],
          [
            77.301837,
            28.621931
          ],
          [
            77.301796,
            28.622068
          ],
          [
            77.301766,
            28.622207
          ],
          [
            77.301747,
            28.622349
          ],
          [
            77.301738,
            28.62249
          ],
          [
            77.30174,
            28.622632
          ],
          [
            77.301753,
            28.622774
          ],
          [
            77.301776,
            28.622915
          ],
          [
            77.30181,
            28.623053
          ],
          [
            77.301855,
            28.62319
          ],
          [
            77.301909,
            28.623324
          ],
          [
            77.301974,
            28.623454
          ],
          [
            77.302049,
            28.62358
          ],
          [
            77.302133,
            28.623701
          ],
          [
            77.302226,
            28.623818
          ],
          [
            77.302327,
            28.623928
          ],
          [
            77.302437,
            28.624033
          ],
          [
            77.302554,
            28.62413
          ],
          [
            77.302679,
            28.624221
          ],
          [
            77.30281,
            28.624304
          ],
          [
            77.302947,
            28.624379
          ],
          [
            77.30309,
            28.624447
          ],
          [
            77.303237,
            28.624505
          ],
          [
            77.303721,
            28.624683
          ],
          [
            77.304479,
            28.624961
          ],
          [
            77.307963,
            28.626084
          ],
          [
            77.30826,
            28.626142
          ],
          [
            77.308435,
            28.626162
          ],
          [
            77.308658,
            28.626175
          ],
          [
            77.308888,
            28.626163
          ],
          [
            77.309821,
            28.626136
          ],
          [
            77.309976,
            28.626134
          ],
          [
            77.310131,
            28.626142
          ],
          [
            77.310285,
            28.626158
          ],
          [
            77.310437,
            28.626183
          ],
          [
            77.310587,
            28.626217
          ],
          [
            77.310734,
            28.62626
          ],
          [
            77.310878,
            28.626311
          ],
          [
            77.310999,
            28.626363
          ],
          [
            77.311116,
            28.626424
          ],
          [
            77.311241,
            28.626496
          ],
          [
            77.31136,
            28.626578
          ],
          [
            77.311484,
            28.626669
          ],
          [
            77.311587,
            28.626757
          ],
          [
            77.311684,
            28.626849
          ],
          [
            77.311781,
            28.626968
          ],
          [
            77.31186,
            28.627073
          ],
          [
            77.311935,
            28.627185
          ],
          [
            77.31199,
            28.627282
          ],
          [
            77.312059,
            28.627422
          ],
          [
            77.312115,
            28.62756
          ],
          [
            77.312156,
            28.6277
          ],
          [
            77.31218,
            28.627827
          ],
          [
            77.312202,
            28.627969
          ],
          [
            77.312209,
            28.628124
          ],
          [
            77.312207,
            28.628281
          ],
          [
            77.312185,
            28.628455
          ],
          [
            77.31216,
            28.628584
          ],
          [
            77.312116,
            28.62873
          ],
          [
            77.311831,
            28.629429
          ],
          [
            77.31166,
            28.629784
          ],
          [
            77.311626,
            28.629864
          ],
          [
            77.31152,
            28.630114
          ],
          [
            77.311385,
            28.63043
          ],
          [
            77.31076,
            28.631898
          ],
          [
            77.30996,
            28.633702
          ],
          [
            77.309873,
            28.633897
          ],
          [
            77.309528,
            28.634685
          ],
          [
            77.309476,
            28.634813
          ],
          [
            77.309436,
            28.634937
          ],
          [
            77.309408,
            28.635052
          ],
          [
            77.309386,
            28.635179
          ],
          [
            77.309377,
            28.635295
          ],
          [
            77.309374,
            28.635421
          ],
          [
            77.309382,
            28.635563
          ],
          [
            77.309399,
            28.635687
          ],
          [
            77.309429,
            28.635813
          ],
          [
            77.309464,
            28.63593
          ],
          [
            77.309505,
            28.636038
          ],
          [
            77.309558,
            28.636158
          ],
          [
            77.309616,
            28.636254
          ],
          [
            77.309692,
            28.636368
          ],
          [
            77.309775,
            28.636475
          ],
          [
            77.309887,
            28.636589
          ],
          [
            77.309972,
            28.636675
          ],
          [
            77.310115,
            28.636783
          ],
          [
            77.310262,
            28.636884
          ],
          [
            77.310447,
            28.636986
          ],
          [
            77.310742,
            28.637105
          ],
          [
            77.310906,
            28.637148
          ],
          [
            77.311066,
            28.637172
          ],
          [
            77.311232,
            28.637188
          ],
          [
            77.311393,
            28.637196
          ],
          [
            77.311674,
            28.637192
          ],
          [
            77.311961,
            28.637184
          ],
          [
            77.312222,
            28.637194
          ],
          [
            77.312443,
            28.637222
          ],
          [
            77.312672,
            28.637263
          ],
          [
            77.312871,
            28.637318
          ],
          [
            77.313198,
            28.637418
          ],
          [
            77.313579,
            28.63761
          ],
          [
            77.313913,
            28.637849
          ],
          [
            77.314225,
            28.638177
          ],
          [
            77.314414,
            28.638498
          ],
          [
            77.31468,
            28.639055
          ],
          [
            77.314904,
            28.639752
          ],
          [
            77.315171,
            28.640421
          ],
          [
            77.315434,
            28.640767
          ],
          [
            77.315711,
            28.641076
          ],
          [
            77.315996,
            28.641431
          ],
          [
            77.316259,
            28.641794
          ],
          [
            77.316534,
            28.642448
          ],
          [
            77.317002,
            28.643909
          ],
          [
            77.317194,
            28.644552
          ],
          [
            77.317205,
            28.644672
          ],
          [
            77.317206,
            28.644793
          ],
          [
            77.317199,
            28.644913
          ],
          [
            77.317182,
            28.645033
          ],
          [
            77.317156,
            28.645151
          ],
          [
            77.317121,
            28.645268
          ],
          [
            77.317078,
            28.645382
          ],
          [
            77.317026,
            28.645494
          ],
          [
            77.316965,
            28.645602
          ],
          [
            77.316897,
            28.645707
          ],
          [
            77.316822,
            28.645805
          ],
          [
            77.31674,
            28.645899
          ],
          [
            77.316651,
            28.645989
          ],
          [
            77.316556,
            28.646072
          ],
          [
            77.316455,
            28.646151
          ],
          [
            77.316348,
            28.646223
          ],
          [
            77.316236,
            28.646289
          ],
          [
            77.315831,
            28.646521
          ],
          [
            77.315407,
            28.646714
          ],
          [
            77.315003,
            28.646897
          ],
          [
            77.314096,
            28.647283
          ],
          [
            77.313953,
            28.647343
          ],
          [
            77.313807,
            28.647397
          ],
          [
            77.313659,
            28.647445
          ],
          [
            77.313507,
            28.647486
          ],
          [
            77.31333,
            28.647525
          ],
          [
            77.313151,
            28.647556
          ],
          [
            77.31297,
            28.647577
          ],
          [
            77.312788,
            28.64759
          ],
          [
            77.312606,
            28.647593
          ],
          [
            77.312423,
            28.647588
          ],
          [
            77.312241,
            28.647574
          ],
          [
            77.311941,
            28.647529
          ],
          [
            77.310831,
            28.647287
          ],
          [
            77.309872,
            28.647074
          ],
          [
            77.309711,
            28.647057
          ],
          [
            77.309549,
            28.647047
          ],
          [
            77.309386,
            28.647046
          ],
          [
            77.309223,
            28.647052
          ],
          [
            77.309061,
            28.647066
          ],
          [
            77.308901,
            28.647088
          ],
          [
            77.308742,
            28.647118
          ],
          [
            77.308584,
            28.647156
          ],
          [
            77.30843,
            28.647201
          ],
          [
            77.308279,
            28.647254
          ],
          [
            77.308132,
            28.647314
          ],
          [
            77.307988,
            28.647382
          ],
          [
            77.307849,
            28.647456
          ],
          [
            77.307721,
            28.647533
          ],
          [
            77.307597,
            28.647616
          ]
        ]
      },
      "properties": {
        "id": 915112329,
        "name": "Delhi Metro Pink Line",
        "color": "#ff66cc",
        "total_points": 217,
        "opening_year": 2018
      }
    },
    {
      "type": "Feature",
      "geometry": {
        "type": "LineString",
        "coordinates": [
          [
            77.307597,
            28.647616
          ],
          [
            77.307479,
            28.647704
          ],
          [
            77.307366,
            28.647799
          ],
          [
            77.307259,
            28.647898
          ],
          [
            77.307159,
            28.648002
          ],
          [
            77.306988,
            28.648169
          ],
          [
            77.306618,
            28.648607
          ],
          [
            77.306572,
            28.648676
          ],
          [
            77.306417,
            28.648908
          ],
          [
            77.306139,
            28.6493
          ],
          [
            77.305859,
            28.649719
          ],
          [
            77.305823,
            28.649773
          ],
          [
            77.305617,
            28.650071
          ]
        ]
      },
      "properties": {
        "id": 915112330,
        "name": "Delhi Metro Pink Line",
        "color": "#ff66cc",
        "total_points": 13,
        "opening_year": 2018
      }
    },
    {
      "type": "Feature",
      "geometry": {
        "type": "LineString",
        "coordinates": [
          [
            77.307572,
            28.647589
          ],
          [
            77.307453,
            28.647679
          ],
          [
            77.307339,
            28.647774
          ],
          [
            77.307231,
            28.647874
          ],
          [
            77.30713,
            28.647979
          ],
          [
            77.306958,
            28.648147
          ],
          [
            77.306559,
            28.648574
          ],
          [
            77.306505,
            28.648655
          ],
          [
            77.306358,
            28.648876
          ],
          [
            77.30608,
            28.649269
          ],
          [
            77.3058,
            28.649688
          ],
          [
            77.305761,
            28.649745
          ],
          [
            77.305559,
            28.650038
          ]
        ]
      },
      "properties": {
        "id": 915112331,
        "name": "Delhi Metro Pink Line",
        "color": "#ff66cc",
        "total_points": 13,
        "opening_year": 2018
      }
    },
    {
      "type": "Feature",
      "geometry": {
        "type": "LineString",
        "coordinates": [
          [
            77.311274,
            28.412505
          ],
          [
            77.311267,
            28.413036
          ]
        ]
      },
      "properties": {
        "id": 923805597,
        "name": "Delhi Metro Line",
        "color": "#00e5ff",
        "total_points": 2,
        "opening_year": 2015
      }
    },
    {
      "type": "Feature",
      "geometry": {
        "type": "LineString",
        "coordinates": [
          [
            77.582733,
            28.842877
          ],
          [
            77.580049,
            28.839554
          ],
          [
            77.579299,
            28.838683
          ],
          [
            77.577826,
            28.837115
          ],
          [
            77.576685,
            28.835943
          ],
          [
            77.576037,
            28.835251
          ],
          [
            77.574348,
            28.833276
          ],
          [
            77.573822,
            28.832651
          ],
          [
            77.573168,
            28.831969
          ],
          [
            77.572723,
            28.831551
          ],
          [
            77.572084,
            28.831029
          ],
          [
            77.570368,
            28.829737
          ],
          [
            77.569837,
            28.829309
          ],
          [
            77.568567,
            28.828285
          ],
          [
            77.563337,
            28.823567
          ],
          [
            77.558734,
            28.81944
          ],
          [
            77.556755,
            28.817712
          ],
          [
            77.555355,
            28.816592
          ],
          [
            77.54991,
            28.812023
          ],
          [
            77.548993,
            28.811187
          ],
          [
            77.543709,
            28.805823
          ],
          [
            77.543521,
            28.805621
          ],
          [
            77.542078,
            28.803497
          ],
          [
            77.541643,
            28.802965
          ],
          [
            77.541069,
            28.80234
          ],
          [
            77.539464,
            28.800632
          ],
          [
            77.5298,
            28.789806
          ],
          [
            77.522873,
            28.782818
          ],
          [
            77.521839,
            28.781762
          ],
          [
            77.52137,
            28.781326
          ],
          [
            77.521008,
            28.781021
          ],
          [
            77.520426,
            28.780579
          ],
          [
            77.519624,
            28.780009
          ],
          [
            77.519263,
            28.779752
          ],
          [
            77.51901,
            28.779571
          ],
          [
            77.518758,
            28.779381
          ],
          [
            77.518345,
            28.778977
          ],
          [
            77.517964,
            28.778537
          ],
          [
            77.517718,
            28.778209
          ],
          [
            77.516805,
            28.776788
          ],
          [
            77.516542,
            28.776448
          ],
          [
            77.516216,
            28.776059
          ],
          [
            77.515054,
            28.774868
          ],
          [
            77.513442,
            28.773224
          ],
          [
            77.511428,
            28.771111
          ],
          [
            77.510729,
            28.770342
          ],
          [
            77.510019,
            28.769584
          ],
          [
            77.50945,
            28.768977
          ],
          [
            77.506356,
            28.765687
          ],
          [
            77.503556,
            28.762625
          ],
          [
            77.501491,
            28.760415
          ],
          [
            77.500638,
            28.759488
          ],
          [
            77.498347,
            28.756878
          ],
          [
            77.496073,
            28.754447
          ],
          [
            77.494211,
            28.752481
          ],
          [
            77.49302,
            28.751226
          ],
          [
            77.491561,
            28.74988
          ],
          [
            77.488375,
            28.747345
          ],
          [
            77.486401,
            28.745765
          ],
          [
            77.485703,
            28.745191
          ],
          [
            77.485049,
            28.74458
          ],
          [
            77.484561,
            28.744062
          ],
          [
            77.484126,
            28.743555
          ],
          [
            77.483327,
            28.742402
          ],
          [
            77.482447,
            28.741095
          ],
          [
            77.479674,
            28.736965
          ],
          [
            77.478282,
            28.734924
          ],
          [
            77.477382,
            28.733611
          ],
          [
            77.476944,
            28.733022
          ],
          [
            77.476601,
            28.732596
          ],
          [
            77.476252,
            28.732181
          ],
          [
            77.476018,
            28.731915
          ],
          [
            77.4758,
            28.731661
          ],
          [
            77.475345,
            28.731172
          ],
          [
            77.47379,
            28.729471
          ]
        ]
      },
      "properties": {
        "id": 957822339,
        "name": "Delhi\u2013Meerut RRTS",
        "color": "#003399",
        "total_points": 75,
        "opening_year": 2017
      }
    },
    {
      "type": "Feature",
      "geometry": {
        "type": "LineString",
        "coordinates": [
          [
            76.999663,
            28.613353
          ],
          [
            76.998277,
            28.613253
          ],
          [
            76.994871,
            28.612642
          ],
          [
            76.992317,
            28.612403
          ],
          [
            76.991102,
            28.612367
          ],
          [
            76.990742,
            28.612357
          ],
          [
            76.99053,
            28.612347
          ],
          [
            76.986558,
            28.612479
          ],
          [
            76.985934,
            28.612437
          ]
        ]
      },
      "properties": {
        "id": 992790902,
        "name": "Delhi Metro Grey Line",
        "color": "#808080",
        "total_points": 9,
        "opening_year": 2019
      }
    },
    {
      "type": "Feature",
      "geometry": {
        "type": "LineString",
        "coordinates": [
          [
            77.001638,
            28.613871
          ],
          [
            77.000643,
            28.613549
          ],
          [
            76.999663,
            28.613353
          ]
        ]
      },
      "properties": {
        "id": 992790903,
        "name": "Delhi Metro Grey Line",
        "color": "#808080",
        "total_points": 3,
        "opening_year": 2019
      }
    },
    {
      "type": "Feature",
      "geometry": {
        "type": "LineString",
        "coordinates": [
          [
            77.058427,
            28.55201
          ],
          [
            77.060938,
            28.555085
          ]
        ]
      },
      "properties": {
        "id": 1001138451,
        "name": "Blue Line",
        "color": "#0070c0",
        "total_points": 2,
        "opening_year": 2010
      }
    },
    {
      "type": "Feature",
      "geometry": {
        "type": "LineString",
        "coordinates": [
          [
            77.060977,
            28.555062
          ],
          [
            77.058465,
            28.551986
          ]
        ]
      },
      "properties": {
        "id": 1001138452,
        "name": "Blue Line",
        "color": "#0070c0",
        "total_points": 2,
        "opening_year": 2010
      }
    },
    {
      "type": "Feature",
      "geometry": {
        "type": "LineString",
        "coordinates": [
          [
            77.301057,
            28.589543
          ],
          [
            77.30009,
            28.588179
          ],
          [
            77.299639,
            28.587526
          ],
          [
            77.299338,
            28.587152
          ],
          [
            77.299039,
            28.586803
          ],
          [
            77.298248,
            28.586048
          ],
          [
            77.296627,
            28.58488
          ],
          [
            77.294887,
            28.58382
          ],
          [
            77.294142,
            28.583419
          ],
          [
            77.290296,
            28.581952
          ],
          [
            77.287272,
            28.580876
          ],
          [
            77.28486,
            28.58004
          ],
          [
            77.28332,
            28.579766
          ],
          [
            77.28163,
            28.5797
          ],
          [
            77.280381,
            28.579747
          ],
          [
            77.279036,
            28.579964
          ],
          [
            77.27768,
            28.580276
          ],
          [
            77.276859,
            28.580561
          ],
          [
            77.273184,
            28.581573
          ],
          [
            77.271888,
            28.581923
          ],
          [
            77.271068,
            28.582095
          ],
          [
            77.270232,
            28.582228
          ],
          [
            77.268949,
            28.582362
          ],
          [
            77.267372,
            28.582435
          ],
          [
            77.266762,
            28.582469
          ],
          [
            77.264775,
            28.582477
          ],
          [
            77.263766,
            28.58243
          ]
        ]
      },
      "properties": {
        "id": 1028281842,
        "name": "Delhi\u2013Meerut RRTS",
        "color": "#00e5ff",
        "total_points": 27,
        "opening_year": 2015
      }
    },
    {
      "type": "Feature",
      "geometry": {
        "type": "LineString",
        "coordinates": [
          [
            77.22784,
            28.669027
          ],
          [
            77.228075,
            28.668686
          ]
        ]
      },
      "properties": {
        "id": 1036191755,
        "name": "Delhi Metro Violet Line",
        "color": "#7030a0",
        "total_points": 2,
        "opening_year": 2011
      }
    },
    {
      "type": "Feature",
      "geometry": {
        "type": "LineString",
        "coordinates": [
          [
            77.227791,
            28.669002
          ],
          [
            77.228027,
            28.66866
          ]
        ]
      },
      "properties": {
        "id": 1036191756,
        "name": "Delhi Metro Violet Line",
        "color": "#7030a0",
        "total_points": 2,
        "opening_year": 2011
      }
    },
    {
      "type": "Feature",
      "geometry": {
        "type": "LineString",
        "coordinates": [
          [
            77.236522,
            28.657474
          ],
          [
            77.236548,
            28.658247
          ],
          [
            77.236498,
            28.65959
          ],
          [
            77.23597,
            28.660394
          ],
          [
            77.235646,
            28.660902
          ],
          [
            77.235403,
            28.661109
          ],
          [
            77.231522,
            28.663745
          ],
          [
            77.231336,
            28.663957
          ],
          [
            77.229717,
            28.666375
          ],
          [
            77.228066,
            28.668606
          ],
          [
            77.228027,
            28.66866
          ]
        ]
      },
      "properties": {
        "id": 1036191758,
        "name": "Delhi Metro Violet Line",
        "color": "#7030a0",
        "total_points": 11,
        "opening_year": 2011
      }
    },
    {
      "type": "Feature",
      "geometry": {
        "type": "LineString",
        "coordinates": [
          [
            77.473488,
            28.736323
          ],
          [
            77.473787,
            28.7361
          ],
          [
            77.474014,
            28.735946
          ],
          [
            77.474355,
            28.735734
          ],
          [
            77.474847,
            28.735452
          ],
          [
            77.475054,
            28.735333
          ],
          [
            77.475209,
            28.735226
          ],
          [
            77.475447,
            28.735042
          ],
          [
            77.475675,
            28.734827
          ],
          [
            77.475816,
            28.734656
          ],
          [
            77.47592,
            28.734506
          ],
          [
            77.47607,
            28.734244
          ],
          [
            77.47615,
            28.73405
          ],
          [
            77.476225,
            28.733828
          ],
          [
            77.476267,
            28.733629
          ],
          [
            77.476281,
            28.733434
          ],
          [
            77.476286,
            28.733224
          ],
          [
            77.476275,
            28.73306
          ],
          [
            77.476257,
            28.732917
          ],
          [
            77.476231,
            28.732785
          ],
          [
            77.476198,
            28.732646
          ],
          [
            77.476099,
            28.732385
          ],
          [
            77.475966,
            28.732112
          ],
          [
            77.475878,
            28.731954
          ],
          [
            77.475752,
            28.731814
          ],
          [
            77.475362,
            28.73138
          ]
        ]
      },
      "properties": {
        "id": 1036372971,
        "name": "Delhi\u2013Meerut RRTS",
        "color": "#00e5ff",
        "total_points": 26,
        "opening_year": 2015
      }
    },
    {
      "type": "Feature",
      "geometry": {
        "type": "LineString",
        "coordinates": [
          [
            77.474548,
            28.730373
          ],
          [
            77.47531,
            28.731198
          ],
          [
            77.475763,
            28.731685
          ],
          [
            77.475984,
            28.731942
          ],
          [
            77.476217,
            28.732207
          ],
          [
            77.476566,
            28.732621
          ],
          [
            77.47691,
            28.733051
          ],
          [
            77.477343,
            28.733631
          ],
          [
            77.478239,
            28.734941
          ],
          [
            77.479634,
            28.736985
          ],
          [
            77.482407,
            28.741115
          ],
          [
            77.483287,
            28.742423
          ],
          [
            77.484088,
            28.743577
          ],
          [
            77.484524,
            28.744088
          ],
          [
            77.485014,
            28.744607
          ],
          [
            77.48567,
            28.74522
          ],
          [
            77.486369,
            28.745795
          ],
          [
            77.488344,
            28.747375
          ],
          [
            77.491529,
            28.74991
          ],
          [
            77.492986,
            28.751252
          ],
          [
            77.494176,
            28.752507
          ],
          [
            77.496037,
            28.754473
          ],
          [
            77.498311,
            28.756904
          ],
          [
            77.500602,
            28.759514
          ],
          [
            77.501455,
            28.760441
          ],
          [
            77.50352,
            28.762651
          ],
          [
            77.50632,
            28.765712
          ],
          [
            77.509409,
            28.769007
          ],
          [
            77.509982,
            28.769614
          ],
          [
            77.510683,
            28.770375
          ],
          [
            77.511389,
            28.771142
          ],
          [
            77.5134,
            28.773258
          ],
          [
            77.515019,
            28.774894
          ],
          [
            77.516178,
            28.776082
          ],
          [
            77.516507,
            28.776474
          ],
          [
            77.51677,
            28.776814
          ],
          [
            77.517678,
            28.778228
          ],
          [
            77.517922,
            28.778554
          ],
          [
            77.518302,
            28.778992
          ],
          [
            77.518723,
            28.779407
          ],
          [
            77.518975,
            28.779598
          ],
          [
            77.519232,
            28.779782
          ],
          [
            77.519593,
            28.780038
          ],
          [
            77.520396,
            28.780609
          ],
          [
            77.520978,
            28.781051
          ],
          [
            77.521339,
            28.781356
          ],
          [
            77.521806,
            28.78179
          ],
          [
            77.522839,
            28.782845
          ],
          [
            77.529764,
            28.789831
          ],
          [
            77.539428,
            28.800658
          ],
          [
            77.541034,
            28.802366
          ],
          [
            77.541607,
            28.80299
          ],
          [
            77.542039,
            28.803519
          ],
          [
            77.543483,
            28.805644
          ],
          [
            77.543673,
            28.805849
          ],
          [
            77.546195,
            28.808409
          ],
          [
            77.548958,
            28.811214
          ],
          [
            77.549877,
            28.812052
          ],
          [
            77.555323,
            28.816621
          ],
          [
            77.556726,
            28.817744
          ],
          [
            77.558702,
            28.819469
          ],
          [
            77.563304,
            28.823595
          ],
          [
            77.568534,
            28.828314
          ],
          [
            77.569805,
            28.829338
          ],
          [
            77.570337,
            28.829767
          ],
          [
            77.572054,
            28.831059
          ],
          [
            77.57269,
            28.83158
          ],
          [
            77.573133,
            28.831996
          ],
          [
            77.573786,
            28.832676
          ],
          [
            77.574311,
            28.8333
          ],
          [
            77.576,
            28.835276
          ],
          [
            77.57665,
            28.835968
          ],
          [
            77.577791,
            28.837141
          ],
          [
            77.579262,
            28.838708
          ],
          [
            77.580011,
            28.839578
          ],
          [
            77.582695,
            28.8429
          ]
        ]
      },
      "properties": {
        "id": 1036372974,
        "name": "Delhi\u2013Meerut RRTS",
        "color": "#003399",
        "total_points": 76,
        "opening_year": 2017
      }
    },
    {
      "type": "Feature",
      "geometry": {
        "type": "LineString",
        "coordinates": [
          [
            77.337953,
            28.65001
          ],
          [
            77.336289,
            28.649051
          ],
          [
            77.335869,
            28.648823
          ],
          [
            77.335506,
            28.648679
          ],
          [
            77.335139,
            28.648545
          ],
          [
            77.334768,
            28.648419
          ],
          [
            77.334394,
            28.648301
          ],
          [
            77.334015,
            28.648193
          ],
          [
            77.333634,
            28.648093
          ],
          [
            77.33325,
            28.648002
          ],
          [
            77.332863,
            28.64792
          ],
          [
            77.332474,
            28.647847
          ],
          [
            77.332083,
            28.647783
          ],
          [
            77.33169,
            28.647729
          ],
          [
            77.331295,
            28.647683
          ],
          [
            77.330899,
            28.647647
          ],
          [
            77.330503,
            28.64762
          ],
          [
            77.330105,
            28.647603
          ],
          [
            77.329707,
            28.647594
          ],
          [
            77.329311,
            28.647595
          ],
          [
            77.328915,
            28.647605
          ],
          [
            77.328519,
            28.647624
          ],
          [
            77.328124,
            28.647653
          ],
          [
            77.32773,
            28.64769
          ],
          [
            77.327337,
            28.647737
          ],
          [
            77.326946,
            28.647793
          ],
          [
            77.326557,
            28.647858
          ],
          [
            77.32617,
            28.647931
          ],
          [
            77.325784,
            28.648014
          ],
          [
            77.325402,
            28.648106
          ],
          [
            77.325023,
            28.648207
          ],
          [
            77.324647,
            28.648316
          ],
          [
            77.324274,
            28.648434
          ],
          [
            77.323905,
            28.648561
          ],
          [
            77.323539,
            28.648696
          ],
          [
            77.323178,
            28.64884
          ],
          [
            77.322822,
            28.648992
          ],
          [
            77.32247,
            28.649152
          ],
          [
            77.322123,
            28.64932
          ],
          [
            77.321782,
            28.649497
          ],
          [
            77.321445,
            28.649681
          ],
          [
            77.321115,
            28.649873
          ],
          [
            77.32079,
            28.650072
          ],
          [
            77.320651,
            28.650131
          ],
          [
            77.320508,
            28.650181
          ],
          [
            77.320362,
            28.650223
          ],
          [
            77.320213,
            28.650257
          ],
          [
            77.320061,
            28.650283
          ],
          [
            77.319909,
            28.650299
          ],
          [
            77.319755,
            28.650308
          ],
          [
            77.319601,
            28.650307
          ],
          [
            77.319447,
            28.650298
          ],
          [
            77.319294,
            28.65028
          ],
          [
            77.319143,
            28.650254
          ],
          [
            77.318994,
            28.650219
          ],
          [
            77.318848,
            28.650176
          ],
          [
            77.318706,
            28.650125
          ],
          [
            77.318568,
            28.650066
          ],
          [
            77.318434,
            28.649999
          ],
          [
            77.318306,
            28.649925
          ],
          [
            77.318183,
            28.649843
          ],
          [
            77.318066,
            28.649756
          ],
          [
            77.317956,
            28.649661
          ],
          [
            77.317853,
            28.649561
          ],
          [
            77.317758,
            28.649455
          ],
          [
            77.317671,
            28.649344
          ],
          [
            77.317591,
            28.649228
          ],
          [
            77.317439,
            28.648914
          ],
          [
            77.316866,
            28.647445
          ],
          [
            77.316724,
            28.647081
          ],
          [
            77.315817,
            28.645146
          ],
          [
            77.314235,
            28.640054
          ],
          [
            77.313371,
            28.637347
          ],
          [
            77.313291,
            28.63609
          ],
          [
            77.313539,
            28.635235
          ],
          [
            77.314129,
            28.633465
          ],
          [
            77.317122,
            28.626723
          ],
          [
            77.319406,
            28.620631
          ],
          [
            77.319898,
            28.619581
          ]
        ]
      },
      "properties": {
        "id": 1036372976,
        "name": "Delhi\u2013Meerut RRTS",
        "color": "#00e5ff",
        "total_points": 79,
        "opening_year": 2015
      }
    },
    {
      "type": "Feature",
      "geometry": {
        "type": "LineString",
        "coordinates": [
          [
            77.156926,
            28.671335
          ],
          [
            77.156518,
            28.671399
          ]
        ]
      },
      "properties": {
        "id": 1047831737,
        "name": "Delhi Metro Green Line",
        "color": "#00b050",
        "total_points": 2,
        "opening_year": 2010
      }
    },
    {
      "type": "Feature",
      "geometry": {
        "type": "LineString",
        "coordinates": [
          [
            77.156518,
            28.671399
          ],
          [
            77.155931,
            28.671451
          ]
        ]
      },
      "properties": {
        "id": 1047831738,
        "name": "Delhi Metro Green Line",
        "color": "#00b050",
        "total_points": 2,
        "opening_year": 2010
      }
    },
    {
      "type": "Feature",
      "geometry": {
        "type": "LineString",
        "coordinates": [
          [
            77.15235,
            28.655794
          ],
          [
            77.151378,
            28.654532
          ]
        ]
      },
      "properties": {
        "id": 1047831739,
        "name": "Delhi Metro Green Line Branch",
        "color": "#00b050",
        "total_points": 2,
        "opening_year": 2010
      }
    },
    {
      "type": "Feature",
      "geometry": {
        "type": "LineString",
        "coordinates": [
          [
            77.305617,
            28.650071
          ],
          [
            77.305389,
            28.650352
          ],
          [
            77.30507,
            28.650706
          ],
          [
            77.304637,
            28.651131
          ],
          [
            77.303788,
            28.651967
          ],
          [
            77.302921,
            28.652838
          ],
          [
            77.30208,
            28.653705
          ],
          [
            77.301373,
            28.654418
          ],
          [
            77.301093,
            28.654593
          ],
          [
            77.300774,
            28.654759
          ],
          [
            77.300451,
            28.654866
          ],
          [
            77.30005,
            28.654934
          ],
          [
            77.299711,
            28.654919
          ],
          [
            77.299522,
            28.65491
          ],
          [
            77.299149,
            28.654835
          ],
          [
            77.298624,
            28.654629
          ],
          [
            77.297407,
            28.654098
          ],
          [
            77.296905,
            28.653902
          ],
          [
            77.295788,
            28.653646
          ],
          [
            77.294789,
            28.653468
          ],
          [
            77.294399,
            28.653426
          ],
          [
            77.294019,
            28.653446
          ],
          [
            77.293544,
            28.65355
          ],
          [
            77.293079,
            28.653752
          ],
          [
            77.292735,
            28.653959
          ],
          [
            77.292565,
            28.654101
          ],
          [
            77.292414,
            28.654253
          ],
          [
            77.29229,
            28.654407
          ],
          [
            77.292202,
            28.654539
          ],
          [
            77.292108,
            28.654702
          ],
          [
            77.292024,
            28.654869
          ],
          [
            77.29173,
            28.655603
          ],
          [
            77.291634,
            28.655822
          ],
          [
            77.29154,
            28.656005
          ],
          [
            77.29145,
            28.656156
          ],
          [
            77.291317,
            28.656348
          ],
          [
            77.290163,
            28.657795
          ],
          [
            77.289344,
            28.658877
          ],
          [
            77.288587,
            28.659942
          ],
          [
            77.285796,
            28.663469
          ],
          [
            77.285302,
            28.664095
          ],
          [
            77.28486,
            28.664686
          ],
          [
            77.284151,
            28.665639
          ],
          [
            77.284041,
            28.66578
          ],
          [
            77.283917,
            28.665928
          ],
          [
            77.283744,
            28.666111
          ],
          [
            77.282002,
            28.667861
          ],
          [
            77.281596,
            28.66844
          ],
          [
            77.281314,
            28.668876
          ],
          [
            77.281131,
            28.66937
          ],
          [
            77.281006,
            28.66985
          ],
          [
            77.280858,
            28.670769
          ],
          [
            77.280777,
            28.671094
          ],
          [
            77.280609,
            28.671409
          ],
          [
            77.280445,
            28.671606
          ],
          [
            77.280273,
            28.671786
          ],
          [
            77.280033,
            28.671988
          ],
          [
            77.279673,
            28.672249
          ],
          [
            77.279345,
            28.672399
          ],
          [
            77.278923,
            28.672514
          ],
          [
            77.278589,
            28.672568
          ],
          [
            77.278243,
            28.672584
          ],
          [
            77.277776,
            28.672561
          ],
          [
            77.276935,
            28.672407
          ],
          [
            77.274696,
            28.67198
          ],
          [
            77.273339,
            28.671751
          ],
          [
            77.272789,
            28.671757
          ],
          [
            77.272394,
            28.671803
          ],
          [
            77.271973,
            28.671958
          ],
          [
            77.271568,
            28.672159
          ],
          [
            77.271256,
            28.672418
          ],
          [
            77.270933,
            28.672801
          ],
          [
            77.270802,
            28.673049
          ],
          [
            77.270674,
            28.673377
          ],
          [
            77.270595,
            28.673824
          ],
          [
            77.270627,
            28.674174
          ],
          [
            77.270694,
            28.674426
          ],
          [
            77.270891,
            28.674937
          ],
          [
            77.272169,
            28.677343
          ],
          [
            77.272702,
            28.678345
          ],
          [
            77.274458,
            28.681598
          ],
          [
            77.274619,
            28.681976
          ],
          [
            77.274872,
            28.682711
          ],
          [
            77.27538,
            28.684227
          ],
          [
            77.275729,
            28.685057
          ],
          [
            77.276413,
            28.686433
          ],
          [
            77.27665,
            28.686878
          ],
          [
            77.276889,
            28.687317
          ],
          [
            77.277034,
            28.687567
          ],
          [
            77.277173,
            28.687779
          ],
          [
            77.277687,
            28.688522
          ],
          [
            77.277877,
            28.688805
          ],
          [
            77.278004,
            28.689015
          ],
          [
            77.278212,
            28.689396
          ],
          [
            77.278454,
            28.689863
          ]
        ]
      },
      "properties": {
        "id": 1055611602,
        "name": "Delhi Metro Pink Line",
        "color": "#ff66cc",
        "total_points": 95,
        "opening_year": 2018
      }
    },
    {
      "type": "Feature",
      "geometry": {
        "type": "LineString",
        "coordinates": [
          [
            77.100252,
            28.580266
          ],
          [
            77.098757,
            28.58069
          ],
          [
            77.098164,
            28.580836
          ]
        ]
      },
      "properties": {
        "id": 1085021235,
        "name": "Delhi Metro Magenta Line",
        "color": "#c00060",
        "total_points": 3,
        "opening_year": 2018
      }
    },
    {
      "type": "Feature",
      "geometry": {
        "type": "LineString",
        "coordinates": [
          [
            77.098214,
            28.5809
          ],
          [
            77.098789,
            28.580729
          ],
          [
            77.100268,
            28.580305
          ]
        ]
      },
      "properties": {
        "id": 1085021236,
        "name": "Delhi Metro Magenta Line",
        "color": "#c00060",
        "total_points": 3,
        "opening_year": 2018
      }
    },
    {
      "type": "Feature",
      "geometry": {
        "type": "LineString",
        "coordinates": [
          [
            77.187563,
            28.51374
          ],
          [
            77.18785,
            28.513875
          ]
        ]
      },
      "properties": {
        "id": 1085270345,
        "name": "Delhi Metro Line",
        "color": "#00e5ff",
        "total_points": 2,
        "opening_year": 2015
      }
    },
    {
      "type": "Feature",
      "geometry": {
        "type": "LineString",
        "coordinates": [
          [
            77.151897,
            28.731931
          ],
          [
            77.151453,
            28.731658
          ],
          [
            77.150354,
            28.7309
          ],
          [
            77.148872,
            28.729917
          ],
          [
            77.147933,
            28.729311
          ],
          [
            77.147676,
            28.729174
          ],
          [
            77.147405,
            28.729062
          ],
          [
            77.147189,
            28.728987
          ],
          [
            77.146938,
            28.728923
          ],
          [
            77.146646,
            28.728876
          ],
          [
            77.146324,
            28.728859
          ],
          [
            77.14598,
            28.728865
          ],
          [
            77.14574,
            28.728891
          ],
          [
            77.145395,
            28.728962
          ],
          [
            77.145117,
            28.729041
          ],
          [
            77.144829,
            28.729156
          ],
          [
            77.144587,
            28.72928
          ]
        ]
      },
      "properties": {
        "id": 1085403004,
        "name": "Delhi Metro Yellow Line",
        "color": "#ffcc00",
        "total_points": 17,
        "opening_year": 2015
      }
    },
    {
      "type": "Feature",
      "geometry": {
        "type": "LineString",
        "coordinates": [
          [
            77.319793,
            28.619537
          ],
          [
            77.319285,
            28.620596
          ],
          [
            77.317001,
            28.626686
          ],
          [
            77.314008,
            28.633429
          ],
          [
            77.313415,
            28.635205
          ],
          [
            77.313162,
            28.636079
          ],
          [
            77.313244,
            28.637365
          ],
          [
            77.314112,
            28.640085
          ],
          [
            77.315627,
            28.645214
          ],
          [
            77.316576,
            28.647137
          ],
          [
            77.316714,
            28.647489
          ],
          [
            77.317373,
            28.649181
          ],
          [
            77.317455,
            28.649305
          ],
          [
            77.317544,
            28.649424
          ],
          [
            77.317642,
            28.649538
          ],
          [
            77.317747,
            28.649647
          ],
          [
            77.317859,
            28.64975
          ],
          [
            77.317978,
            28.649847
          ],
          [
            77.318103,
            28.649938
          ],
          [
            77.318235,
            28.650022
          ],
          [
            77.318372,
            28.650099
          ],
          [
            77.318513,
            28.650168
          ],
          [
            77.31866,
            28.65023
          ],
          [
            77.31881,
            28.650285
          ],
          [
            77.318964,
            28.650331
          ],
          [
            77.319118,
            28.650369
          ],
          [
            77.319275,
            28.650399
          ],
          [
            77.319433,
            28.65042
          ],
          [
            77.319592,
            28.650434
          ],
          [
            77.319752,
            28.650439
          ],
          [
            77.319912,
            28.650436
          ],
          [
            77.320072,
            28.650424
          ],
          [
            77.320231,
            28.650405
          ],
          [
            77.320388,
            28.650377
          ],
          [
            77.320543,
            28.650342
          ],
          [
            77.320695,
            28.650298
          ],
          [
            77.320844,
            28.650247
          ],
          [
            77.321183,
            28.650043
          ],
          [
            77.321529,
            28.649847
          ],
          [
            77.32188,
            28.64966
          ],
          [
            77.322237,
            28.649481
          ],
          [
            77.3226,
            28.64931
          ],
          [
            77.322967,
            28.649148
          ],
          [
            77.323339,
            28.648994
          ],
          [
            77.323716,
            28.64885
          ],
          [
            77.324097,
            28.648714
          ],
          [
            77.324482,
            28.648587
          ],
          [
            77.324871,
            28.648469
          ],
          [
            77.325263,
            28.64836
          ],
          [
            77.325658,
            28.648261
          ],
          [
            77.326056,
            28.648171
          ],
          [
            77.326457,
            28.64809
          ],
          [
            77.32686,
            28.648019
          ],
          [
            77.327265,
            28.647957
          ],
          [
            77.327672,
            28.647905
          ],
          [
            77.328081,
            28.647862
          ],
          [
            77.32849,
            28.647829
          ],
          [
            77.328901,
            28.647806
          ],
          [
            77.329312,
            28.647792
          ],
          [
            77.329723,
            28.647787
          ],
          [
            77.330117,
            28.647792
          ],
          [
            77.330511,
            28.647806
          ],
          [
            77.330904,
            28.647829
          ],
          [
            77.331296,
            28.64786
          ],
          [
            77.331688,
            28.6479
          ],
          [
            77.332078,
            28.647949
          ],
          [
            77.332466,
            28.648007
          ],
          [
            77.332853,
            28.648074
          ],
          [
            77.333238,
            28.648149
          ],
          [
            77.33362,
            28.648233
          ],
          [
            77.334,
            28.648325
          ],
          [
            77.334377,
            28.648426
          ],
          [
            77.334751,
            28.648535
          ],
          [
            77.335121,
            28.648653
          ],
          [
            77.335488,
            28.648779
          ],
          [
            77.335851,
            28.648913
          ],
          [
            77.336246,
            28.6491
          ],
          [
            77.337927,
            28.650046
          ]
        ]
      },
      "properties": {
        "id": 1144702713,
        "name": "Delhi\u2013Meerut RRTS",
        "color": "#00e5ff",
        "total_points": 78,
        "opening_year": 2015
      }
    },
    {
      "type": "Feature",
      "geometry": {
        "type": "LineString",
        "coordinates": [
          [
            77.263767,
            28.58247
          ],
          [
            77.264773,
            28.582518
          ],
          [
            77.266764,
            28.58251
          ],
          [
            77.267374,
            28.582475
          ],
          [
            77.268952,
            28.582402
          ],
          [
            77.270239,
            28.582268
          ],
          [
            77.271077,
            28.582134
          ],
          [
            77.2719,
            28.581962
          ],
          [
            77.273198,
            28.581612
          ],
          [
            77.276873,
            28.580599
          ],
          [
            77.277694,
            28.580315
          ],
          [
            77.279045,
            28.580004
          ],
          [
            77.280386,
            28.579787
          ],
          [
            77.28163,
            28.57974
          ],
          [
            77.283314,
            28.579806
          ],
          [
            77.284847,
            28.580079
          ],
          [
            77.287255,
            28.580914
          ],
          [
            77.290275,
            28.581988
          ],
          [
            77.294116,
            28.583453
          ],
          [
            77.294856,
            28.58385
          ],
          [
            77.296606,
            28.584916
          ],
          [
            77.298213,
            28.586074
          ],
          [
            77.298991,
            28.586838
          ],
          [
            77.299295,
            28.587184
          ],
          [
            77.29959,
            28.587556
          ],
          [
            77.300044,
            28.588206
          ],
          [
            77.301,
            28.589567
          ]
        ]
      },
      "properties": {
        "id": 1144702715,
        "name": "Delhi\u2013Meerut RRTS",
        "color": "#00e5ff",
        "total_points": 27,
        "opening_year": 2015
      }
    },
    {
      "type": "Feature",
      "geometry": {
        "type": "LineString",
        "coordinates": [
          [
            77.236498,
            28.656053
          ],
          [
            77.236488,
            28.656788
          ],
          [
            77.236522,
            28.657474
          ]
        ]
      },
      "properties": {
        "id": 1147871208,
        "name": "Delhi Metro Violet Line",
        "color": "#7030a0",
        "total_points": 3,
        "opening_year": 2011
      }
    },
    {
      "type": "Feature",
      "geometry": {
        "type": "LineString",
        "coordinates": [
          [
            77.093246,
            28.487371
          ],
          [
            77.094398,
            28.486655
          ],
          [
            77.094706,
            28.486441
          ],
          [
            77.094923,
            28.486252
          ],
          [
            77.095043,
            28.486108
          ],
          [
            77.095134,
            28.485924
          ],
          [
            77.095206,
            28.485718
          ],
          [
            77.095231,
            28.485548
          ]
        ]
      },
      "properties": {
        "id": 1148873597,
        "name": "Rapid MetroRail Gurgaon",
        "color": "#003399",
        "total_points": 8,
        "opening_year": 2017
      }
    },
    {
      "type": "Feature",
      "geometry": {
        "type": "LineString",
        "coordinates": [
          [
            77.095231,
            28.485548
          ],
          [
            77.095214,
            28.485049
          ]
        ]
      },
      "properties": {
        "id": 1148873598,
        "name": "Rapid MetroRail Gurgaon",
        "color": "#003399",
        "total_points": 2,
        "opening_year": 2017
      }
    },
    {
      "type": "Feature",
      "geometry": {
        "type": "LineString",
        "coordinates": [
          [
            77.095281,
            28.48556
          ],
          [
            77.095252,
            28.485723
          ],
          [
            77.09518,
            28.485944
          ],
          [
            77.095084,
            28.486127
          ],
          [
            77.094964,
            28.486272
          ],
          [
            77.094737,
            28.486466
          ],
          [
            77.094414,
            28.486676
          ],
          [
            77.093279,
            28.487404
          ]
        ]
      },
      "properties": {
        "id": 1148873599,
        "name": "Rapid MetroRail Gurgaon",
        "color": "#003399",
        "total_points": 8,
        "opening_year": 2017
      }
    },
    {
      "type": "Feature",
      "geometry": {
        "type": "LineString",
        "coordinates": [
          [
            77.095256,
            28.485039
          ],
          [
            77.095258,
            28.485053
          ],
          [
            77.095281,
            28.48556
          ]
        ]
      },
      "properties": {
        "id": 1148873600,
        "name": "Rapid MetroRail Gurgaon",
        "color": "#003399",
        "total_points": 3,
        "opening_year": 2017
      }
    },
    {
      "type": "Feature",
      "geometry": {
        "type": "LineString",
        "coordinates": [
          [
            77.091795,
            28.488233
          ],
          [
            77.092192,
            28.487989
          ],
          [
            77.092482,
            28.487823
          ]
        ]
      },
      "properties": {
        "id": 1148873601,
        "name": "Rapid MetroRail Gurgaon",
        "color": "#003399",
        "total_points": 3,
        "opening_year": 2017
      }
    },
    {
      "type": "Feature",
      "geometry": {
        "type": "LineString",
        "coordinates": [
          [
            77.092482,
            28.487823
          ],
          [
            77.092972,
            28.487541
          ],
          [
            77.093246,
            28.487371
          ]
        ]
      },
      "properties": {
        "id": 1148873602,
        "name": "Rapid MetroRail Gurgaon",
        "color": "#003399",
        "total_points": 3,
        "opening_year": 2017
      }
    },
    {
      "type": "Feature",
      "geometry": {
        "type": "LineString",
        "coordinates": [
          [
            77.092537,
            28.487881
          ],
          [
            77.092226,
            28.488081
          ],
          [
            77.091924,
            28.488308
          ]
        ]
      },
      "properties": {
        "id": 1148873603,
        "name": "Rapid MetroRail Gurgaon",
        "color": "#003399",
        "total_points": 3,
        "opening_year": 2017
      }
    },
    {
      "type": "Feature",
      "geometry": {
        "type": "LineString",
        "coordinates": [
          [
            77.093279,
            28.487404
          ],
          [
            77.093006,
            28.48758
          ],
          [
            77.092537,
            28.487881
          ]
        ]
      },
      "properties": {
        "id": 1148873604,
        "name": "Rapid MetroRail Gurgaon",
        "color": "#003399",
        "total_points": 3,
        "opening_year": 2017
      }
    },
    {
      "type": "Feature",
      "geometry": {
        "type": "LineString",
        "coordinates": [
          [
            77.287592,
            28.636949
          ],
          [
            77.286776,
            28.636513
          ],
          [
            77.285917,
            28.636054
          ]
        ]
      },
      "properties": {
        "id": 1157845530,
        "name": "Delhi Metro Blue Line",
        "color": "#0070c0",
        "total_points": 3,
        "opening_year": 2010
      }
    },
    {
      "type": "Feature",
      "geometry": {
        "type": "LineString",
        "coordinates": [
          [
            77.285894,
            28.636095
          ],
          [
            77.286752,
            28.636558
          ],
          [
            77.287551,
            28.636989
          ]
        ]
      },
      "properties": {
        "id": 1157845531,
        "name": "Blue Line",
        "color": "#0070c0",
        "total_points": 3,
        "opening_year": 2010
      }
    },
    {
      "type": "Feature",
      "geometry": {
        "type": "LineString",
        "coordinates": [
          [
            77.303683,
            28.647757
          ],
          [
            77.303336,
            28.647592
          ],
          [
            77.303013,
            28.647392
          ],
          [
            77.300991,
            28.645809
          ],
          [
            77.299487,
            28.644631
          ],
          [
            77.298326,
            28.643732
          ],
          [
            77.29643,
            28.642264
          ],
          [
            77.295313,
            28.641388
          ],
          [
            77.293967,
            28.640335
          ],
          [
            77.293081,
            28.639692
          ],
          [
            77.29193,
            28.63909
          ],
          [
            77.287592,
            28.636949
          ]
        ]
      },
      "properties": {
        "id": 1157845532,
        "name": "Delhi Metro Blue Line",
        "color": "#0070c0",
        "total_points": 12,
        "opening_year": 2010
      }
    },
    {
      "type": "Feature",
      "geometry": {
        "type": "LineString",
        "coordinates": [
          [
            77.287551,
            28.636989
          ],
          [
            77.291889,
            28.639151
          ],
          [
            77.293034,
            28.639751
          ],
          [
            77.293915,
            28.640389
          ],
          [
            77.295259,
            28.641441
          ],
          [
            77.296376,
            28.642318
          ],
          [
            77.299434,
            28.644684
          ],
          [
            77.302963,
            28.647448
          ],
          [
            77.303293,
            28.647652
          ],
          [
            77.303649,
            28.647821
          ]
        ]
      },
      "properties": {
        "id": 1157845533,
        "name": "Blue Line",
        "color": "#0070c0",
        "total_points": 10,
        "opening_year": 2010
      }
    },
    {
      "type": "Feature",
      "geometry": {
        "type": "LineString",
        "coordinates": [
          [
            77.181851,
            28.721856
          ],
          [
            77.181818,
            28.721691
          ],
          [
            77.181783,
            28.721508
          ],
          [
            77.181755,
            28.721289
          ],
          [
            77.181742,
            28.721159
          ],
          [
            77.181732,
            28.720942
          ]
        ]
      },
      "properties": {
        "id": 1162457527,
        "name": "Delhi Metro Pink Line",
        "color": "#ff66cc",
        "total_points": 6,
        "opening_year": 2018
      }
    },
    {
      "type": "Feature",
      "geometry": {
        "type": "LineString",
        "coordinates": [
          [
            77.47513,
            28.731068
          ],
          [
            77.475787,
            28.731784
          ],
          [
            77.475917,
            28.731938
          ],
          [
            77.476012,
            28.732092
          ],
          [
            77.476146,
            28.732368
          ],
          [
            77.476247,
            28.732635
          ],
          [
            77.476281,
            28.732776
          ],
          [
            77.476308,
            28.732911
          ],
          [
            77.476327,
            28.733057
          ],
          [
            77.476337,
            28.733224
          ],
          [
            77.476332,
            28.733436
          ],
          [
            77.476318,
            28.733635
          ],
          [
            77.476275,
            28.733838
          ],
          [
            77.476199,
            28.734063
          ],
          [
            77.476118,
            28.734261
          ],
          [
            77.475965,
            28.734527
          ],
          [
            77.475859,
            28.734681
          ],
          [
            77.475715,
            28.734856
          ],
          [
            77.475483,
            28.735074
          ],
          [
            77.475242,
            28.735261
          ],
          [
            77.475084,
            28.735369
          ],
          [
            77.474875,
            28.73549
          ],
          [
            77.474384,
            28.735771
          ],
          [
            77.474044,
            28.735982
          ],
          [
            77.473819,
            28.736134
          ],
          [
            77.473523,
            28.736356
          ]
        ]
      },
      "properties": {
        "id": 1176635583,
        "name": "Delhi\u2013Meerut RRTS",
        "color": "#00e5ff",
        "total_points": 26,
        "opening_year": 2015
      }
    },
    {
      "type": "Feature",
      "geometry": {
        "type": "LineString",
        "coordinates": [
          [
            77.268897,
            28.623646
          ],
          [
            77.269246,
            28.623798
          ],
          [
            77.269612,
            28.623967
          ],
          [
            77.270895,
            28.624531
          ],
          [
            77.270963,
            28.624555
          ],
          [
            77.271179,
            28.624636
          ],
          [
            77.271425,
            28.624716
          ]
        ]
      },
      "properties": {
        "id": 1178262030,
        "name": "Delhi Metro Line",
        "color": "#00e5ff",
        "total_points": 7,
        "opening_year": 2015
      }
    },
    {
      "type": "Feature",
      "geometry": {
        "type": "LineString",
        "coordinates": [
          [
            77.271425,
            28.624716
          ],
          [
            77.271547,
            28.624752
          ],
          [
            77.271704,
            28.624799
          ],
          [
            77.271898,
            28.624846
          ]
        ]
      },
      "properties": {
        "id": 1178262031,
        "name": "Blue Line",
        "color": "#0070c0",
        "total_points": 4,
        "opening_year": 2010
      }
    },
    {
      "type": "Feature",
      "geometry": {
        "type": "LineString",
        "coordinates": [
          [
            77.272136,
            28.625154
          ],
          [
            77.272027,
            28.625038
          ],
          [
            77.271895,
            28.624923
          ],
          [
            77.271781,
            28.624831
          ],
          [
            77.271668,
            28.624748
          ],
          [
            77.271509,
            28.624634
          ],
          [
            77.27133,
            28.624531
          ],
          [
            77.2712,
            28.624461
          ],
          [
            77.271039,
            28.624385
          ],
          [
            77.270893,
            28.624326
          ],
          [
            77.270734,
            28.624265
          ],
          [
            77.270609,
            28.624219
          ]
        ]
      },
      "properties": {
        "id": 1178262034,
        "name": "Delhi Metro Blue Line",
        "color": "#0070c0",
        "total_points": 12,
        "opening_year": 2010
      }
    },
    {
      "type": "Feature",
      "geometry": {
        "type": "LineString",
        "coordinates": [
          [
            77.270269,
            28.624147
          ],
          [
            77.270705,
            28.624304
          ],
          [
            77.270876,
            28.624368
          ],
          [
            77.271013,
            28.624425
          ],
          [
            77.271146,
            28.624485
          ],
          [
            77.271288,
            28.624559
          ],
          [
            77.271419,
            28.624633
          ],
          [
            77.271581,
            28.624742
          ],
          [
            77.271708,
            28.624833
          ],
          [
            77.271818,
            28.624916
          ],
          [
            77.271963,
            28.625044
          ],
          [
            77.272087,
            28.625165
          ]
        ]
      },
      "properties": {
        "id": 1178262035,
        "name": "Delhi Metro Line",
        "color": "#00e5ff",
        "total_points": 12,
        "opening_year": 2015
      }
    },
    {
      "type": "Feature",
      "geometry": {
        "type": "LineString",
        "coordinates": [
          [
            77.032921,
            28.682358
          ],
          [
            77.033639,
            28.682318
          ]
        ]
      },
      "properties": {
        "id": 1178511762,
        "name": "Delhi Metro Green Line",
        "color": "#00b050",
        "total_points": 2,
        "opening_year": 2010
      }
    },
    {
      "type": "Feature",
      "geometry": {
        "type": "LineString",
        "coordinates": [
          [
            77.028971,
            28.682475
          ],
          [
            77.029642,
            28.68239
          ]
        ]
      },
      "properties": {
        "id": 1178511763,
        "name": "Delhi Metro Green Line",
        "color": "#00b050",
        "total_points": 2,
        "opening_year": 2010
      }
    },
    {
      "type": "Feature",
      "geometry": {
        "type": "LineString",
        "coordinates": [
          [
            77.238913,
            28.671105
          ],
          [
            77.237928,
            28.670688
          ]
        ]
      },
      "properties": {
        "id": 1178621634,
        "name": "Delhi Metro Red Line",
        "color": "#e61919",
        "total_points": 2,
        "opening_year": 2008
      }
    },
    {
      "type": "Feature",
      "geometry": {
        "type": "LineString",
        "coordinates": [
          [
            77.252599,
            28.667788
          ],
          [
            77.253359,
            28.66749
          ]
        ]
      },
      "properties": {
        "id": 1178625137,
        "name": "Delhi Metro Red Line",
        "color": "#e61919",
        "total_points": 2,
        "opening_year": 2008
      }
    },
    {
      "type": "Feature",
      "geometry": {
        "type": "LineString",
        "coordinates": [
          [
            77.469608,
            28.74033
          ],
          [
            77.469317,
            28.740626
          ],
          [
            77.468806,
            28.741123
          ],
          [
            77.468197,
            28.741741
          ]
        ]
      },
      "properties": {
        "id": 1180046681,
        "name": "Delhi\u2013Meerut RRTS",
        "color": "#00e5ff",
        "total_points": 4,
        "opening_year": 2015
      }
    },
    {
      "type": "Feature",
      "geometry": {
        "type": "LineString",
        "coordinates": [
          [
            77.469578,
            28.740304
          ],
          [
            77.469279,
            28.740595
          ],
          [
            77.468771,
            28.741091
          ],
          [
            77.468143,
            28.741704
          ]
        ]
      },
      "properties": {
        "id": 1180046682,
        "name": "Delhi\u2013Meerut RRTS",
        "color": "#00e5ff",
        "total_points": 4,
        "opening_year": 2015
      }
    },
    {
      "type": "Feature",
      "geometry": {
        "type": "LineString",
        "coordinates": [
          [
            77.181872,
            28.722979
          ],
          [
            77.181834,
            28.722687
          ],
          [
            77.181792,
            28.722458
          ],
          [
            77.181733,
            28.722188
          ],
          [
            77.181697,
            28.721951
          ],
          [
            77.18168,
            28.721791
          ],
          [
            77.181663,
            28.721396
          ]
        ]
      },
      "properties": {
        "id": 1180191248,
        "name": "Delhi Metro Pink Line",
        "color": "#ff66cc",
        "total_points": 7,
        "opening_year": 2018
      }
    },
    {
      "type": "Feature",
      "geometry": {
        "type": "LineString",
        "coordinates": [
          [
            77.182014,
            28.726447
          ],
          [
            77.181972,
            28.726044
          ],
          [
            77.181967,
            28.725917
          ],
          [
            77.181969,
            28.725764
          ],
          [
            77.182005,
            28.725243
          ],
          [
            77.182008,
            28.725148
          ],
          [
            77.182007,
            28.724956
          ]
        ]
      },
      "properties": {
        "id": 1180191249,
        "name": "Delhi Metro Pink Line",
        "color": "#ff66cc",
        "total_points": 7,
        "opening_year": 2018
      }
    },
    {
      "type": "Feature",
      "geometry": {
        "type": "LineString",
        "coordinates": [
          [
            77.182224,
            28.726563
          ],
          [
            77.182035,
            28.725444
          ]
        ]
      },
      "properties": {
        "id": 1180191250,
        "name": "Delhi Metro Line",
        "color": "#00e5ff",
        "total_points": 2,
        "opening_year": 2015
      }
    },
    {
      "type": "Feature",
      "geometry": {
        "type": "LineString",
        "coordinates": [
          [
            77.181915,
            28.723495
          ],
          [
            77.181902,
            28.723042
          ],
          [
            77.181909,
            28.722854
          ],
          [
            77.181918,
            28.722691
          ],
          [
            77.181916,
            28.722521
          ],
          [
            77.181904,
            28.72233
          ],
          [
            77.181889,
            28.72215
          ],
          [
            77.181851,
            28.721856
          ]
        ]
      },
      "properties": {
        "id": 1180191252,
        "name": "Delhi Metro Line",
        "color": "#00e5ff",
        "total_points": 8,
        "opening_year": 2015
      }
    },
    {
      "type": "Feature",
      "geometry": {
        "type": "LineString",
        "coordinates": [
          [
            77.297839,
            28.5438
          ],
          [
            77.297963,
            28.543514
          ]
        ]
      },
      "properties": {
        "id": 1180641053,
        "name": "Delhi Metro Line",
        "color": "#00e5ff",
        "total_points": 2,
        "opening_year": 2015
      }
    },
    {
      "type": "Feature",
      "geometry": {
        "type": "LineString",
        "coordinates": [
          [
            77.297307,
            28.544728
          ],
          [
            77.297099,
            28.545013
          ]
        ]
      },
      "properties": {
        "id": 1180641059,
        "name": "Delhi Metro Line",
        "color": "#00e5ff",
        "total_points": 2,
        "opening_year": 2015
      }
    },
    {
      "type": "Feature",
      "geometry": {
        "type": "LineString",
        "coordinates": [
          [
            77.29764,
            28.544152
          ],
          [
            77.297523,
            28.544423
          ],
          [
            77.297492,
            28.544508
          ]
        ]
      },
      "properties": {
        "id": 1180641060,
        "name": "Delhi Metro Line",
        "color": "#00e5ff",
        "total_points": 3,
        "opening_year": 2015
      }
    },
    {
      "type": "Feature",
      "geometry": {
        "type": "LineString",
        "coordinates": [
          [
            77.410538,
            28.499744
          ],
          [
            77.410716,
            28.499685
          ],
          [
            77.411733,
            28.499401
          ],
          [
            77.411911,
            28.499345
          ]
        ]
      },
      "properties": {
        "id": 1180683901,
        "name": "Delhi Metro Line",
        "color": "#00e5ff",
        "total_points": 4,
        "opening_year": 2015
      }
    },
    {
      "type": "Feature",
      "geometry": {
        "type": "LineString",
        "coordinates": [
          [
            77.41047,
            28.499773
          ],
          [
            77.410538,
            28.499744
          ],
          [
            77.41119,
            28.499486
          ]
        ]
      },
      "properties": {
        "id": 1180683902,
        "name": "Delhi Metro Line",
        "color": "#00e5ff",
        "total_points": 3,
        "opening_year": 2015
      }
    },
    {
      "type": "Feature",
      "geometry": {
        "type": "LineString",
        "coordinates": [
          [
            77.411863,
            28.499561
          ],
          [
            77.412937,
            28.49913
          ],
          [
            77.413592,
            28.498866
          ],
          [
            77.414495,
            28.498498
          ]
        ]
      },
      "properties": {
        "id": 1180683903,
        "name": "Delhi Metro Line",
        "color": "#00e5ff",
        "total_points": 4,
        "opening_year": 2015
      }
    },
    {
      "type": "Feature",
      "geometry": {
        "type": "LineString",
        "coordinates": [
          [
            77.413592,
            28.498866
          ],
          [
            77.413823,
            28.498758
          ],
          [
            77.414059,
            28.498633
          ],
          [
            77.415057,
            28.498133
          ]
        ]
      },
      "properties": {
        "id": 1180683904,
        "name": "Delhi Metro Line",
        "color": "#00e5ff",
        "total_points": 4,
        "opening_year": 2015
      }
    },
    {
      "type": "Feature",
      "geometry": {
        "type": "LineString",
        "coordinates": [
          [
            77.428511,
            28.489291
          ],
          [
            77.429068,
            28.48891
          ],
          [
            77.430455,
            28.487944
          ],
          [
            77.431045,
            28.487533
          ]
        ]
      },
      "properties": {
        "id": 1180683909,
        "name": "Delhi Metro Line",
        "color": "#00e5ff",
        "total_points": 4,
        "opening_year": 2015
      }
    },
    {
      "type": "Feature",
      "geometry": {
        "type": "LineString",
        "coordinates": [
          [
            77.430455,
            28.487944
          ],
          [
            77.431163,
            28.487556
          ],
          [
            77.431451,
            28.487386
          ]
        ]
      },
      "properties": {
        "id": 1180683910,
        "name": "Delhi Metro Line",
        "color": "#00e5ff",
        "total_points": 3,
        "opening_year": 2015
      }
    },
    {
      "type": "Feature",
      "geometry": {
        "type": "LineString",
        "coordinates": [
          [
            77.376736,
            28.589633
          ],
          [
            77.376035,
            28.589241
          ],
          [
            77.375907,
            28.589159
          ],
          [
            77.375784,
            28.589071
          ],
          [
            77.375668,
            28.588977
          ],
          [
            77.375558,
            28.588876
          ],
          [
            77.375456,
            28.58877
          ],
          [
            77.375361,
            28.588659
          ],
          [
            77.375286,
            28.588565
          ],
          [
            77.375187,
            28.588426
          ],
          [
            77.375126,
            28.588324
          ],
          [
            77.375049,
            28.588175
          ],
          [
            77.374999,
            28.588053
          ],
          [
            77.374948,
            28.587923
          ],
          [
            77.374905,
            28.587782
          ],
          [
            77.374872,
            28.587639
          ],
          [
            77.374848,
            28.587472
          ],
          [
            77.374842,
            28.587322
          ],
          [
            77.374847,
            28.587179
          ],
          [
            77.374862,
            28.587022
          ],
          [
            77.374892,
            28.586867
          ],
          [
            77.374946,
            28.586658
          ],
          [
            77.37524,
            28.585716
          ]
        ]
      },
      "properties": {
        "id": 1180683913,
        "name": "Aqua Line",
        "color": "#00cccc",
        "total_points": 23,
        "opening_year": 2019
      }
    },
    {
      "type": "Feature",
      "geometry": {
        "type": "LineString",
        "coordinates": [
          [
            77.384917,
            28.556041
          ],
          [
            77.383795,
            28.557733
          ],
          [
            77.382818,
            28.559209
          ],
          [
            77.381426,
            28.561315
          ],
          [
            77.380717,
            28.562369
          ],
          [
            77.380475,
            28.562722
          ],
          [
            77.380303,
            28.562987
          ],
          [
            77.380119,
            28.563274
          ],
          [
            77.380009,
            28.563486
          ],
          [
            77.379814,
            28.564111
          ],
          [
            77.379742,
            28.564559
          ],
          [
            77.379627,
            28.56533
          ]
        ]
      },
      "properties": {
        "id": 1180683914,
        "name": "Aqua Line",
        "color": "#00cccc",
        "total_points": 12,
        "opening_year": 2019
      }
    },
    {
      "type": "Feature",
      "geometry": {
        "type": "LineString",
        "coordinates": [
          [
            77.299187,
            28.502376
          ],
          [
            77.300002,
            28.504316
          ],
          [
            77.300246,
            28.505012
          ],
          [
            77.300285,
            28.50535
          ],
          [
            77.300285,
            28.505629
          ],
          [
            77.300247,
            28.505905
          ],
          [
            77.300189,
            28.506157
          ],
          [
            77.300102,
            28.506408
          ],
          [
            77.299105,
            28.508617
          ],
          [
            77.298398,
            28.510337
          ],
          [
            77.296743,
            28.514329
          ],
          [
            77.296229,
            28.515502
          ],
          [
            77.295661,
            28.51692
          ],
          [
            77.29517,
            28.518151
          ],
          [
            77.294896,
            28.518738
          ],
          [
            77.294434,
            28.519708
          ],
          [
            77.294086,
            28.520424
          ],
          [
            77.293865,
            28.520895
          ],
          [
            77.293236,
            28.522214
          ],
          [
            77.292608,
            28.523528
          ],
          [
            77.292207,
            28.524347
          ],
          [
            77.292098,
            28.524548
          ],
          [
            77.291991,
            28.524719
          ],
          [
            77.291847,
            28.524933
          ],
          [
            77.291738,
            28.525073
          ],
          [
            77.291657,
            28.525173
          ],
          [
            77.291525,
            28.525325
          ],
          [
            77.291406,
            28.525451
          ],
          [
            77.291272,
            28.525583
          ],
          [
            77.291025,
            28.525811
          ],
          [
            77.290706,
            28.526096
          ],
          [
            77.290677,
            28.526122
          ],
          [
            77.289535,
            28.527164
          ],
          [
            77.289283,
            28.52741
          ],
          [
            77.289103,
            28.527589
          ],
          [
            77.288979,
            28.527721
          ],
          [
            77.288859,
            28.527854
          ],
          [
            77.288682,
            28.528056
          ],
          [
            77.288511,
            28.528261
          ],
          [
            77.288277,
            28.528568
          ]
        ]
      },
      "properties": {
        "id": 1180751063,
        "name": "Delhi Metro Violet Line",
        "color": "#7030a0",
        "total_points": 40,
        "opening_year": 2011
      }
    },
    {
      "type": "Feature",
      "geometry": {
        "type": "LineString",
        "coordinates": [
          [
            77.288315,
            28.528588
          ],
          [
            77.288545,
            28.52828
          ],
          [
            77.288712,
            28.528077
          ],
          [
            77.288894,
            28.527873
          ],
          [
            77.289013,
            28.527738
          ],
          [
            77.289162,
            28.527579
          ],
          [
            77.289411,
            28.527336
          ],
          [
            77.28959,
            28.527163
          ],
          [
            77.290219,
            28.526589
          ],
          [
            77.290431,
            28.526395
          ],
          [
            77.290692,
            28.526157
          ],
          [
            77.290917,
            28.525959
          ],
          [
            77.291053,
            28.525832
          ],
          [
            77.291302,
            28.525603
          ],
          [
            77.291432,
            28.525476
          ],
          [
            77.291561,
            28.525341
          ],
          [
            77.291692,
            28.525192
          ],
          [
            77.29177,
            28.525094
          ],
          [
            77.29188,
            28.524952
          ],
          [
            77.29203,
            28.524733
          ],
          [
            77.292136,
            28.524562
          ],
          [
            77.292243,
            28.524361
          ],
          [
            77.292644,
            28.523544
          ],
          [
            77.293273,
            28.522228
          ],
          [
            77.293902,
            28.520908
          ],
          [
            77.294122,
            28.520439
          ],
          [
            77.29448,
            28.519725
          ],
          [
            77.294954,
            28.518749
          ],
          [
            77.295207,
            28.518166
          ],
          [
            77.295715,
            28.516937
          ],
          [
            77.296282,
            28.515519
          ],
          [
            77.296796,
            28.514346
          ],
          [
            77.298451,
            28.510354
          ],
          [
            77.299158,
            28.508635
          ],
          [
            77.300156,
            28.506425
          ],
          [
            77.300244,
            28.506169
          ],
          [
            77.300303,
            28.505913
          ],
          [
            77.300341,
            28.505632
          ],
          [
            77.300341,
            28.505348
          ],
          [
            77.300302,
            28.505002
          ],
          [
            77.300056,
            28.5043
          ],
          [
            77.29924,
            28.50236
          ]
        ]
      },
      "properties": {
        "id": 1180751064,
        "name": "Delhi Metro Violet Line",
        "color": "#7030a0",
        "total_points": 42,
        "opening_year": 2011
      }
    },
    {
      "type": "Feature",
      "geometry": {
        "type": "LineString",
        "coordinates": [
          [
            77.289943,
            28.526891
          ],
          [
            77.290219,
            28.526589
          ]
        ]
      },
      "properties": {
        "id": 1180751067,
        "name": "Delhi Metro Line",
        "color": "#00e5ff",
        "total_points": 2,
        "opening_year": 2015
      }
    },
    {
      "type": "Feature",
      "geometry": {
        "type": "LineString",
        "coordinates": [
          [
            77.287229,
            28.530659
          ],
          [
            77.287027,
            28.531027
          ]
        ]
      },
      "properties": {
        "id": 1180751069,
        "name": "Delhi Metro Line",
        "color": "#00e5ff",
        "total_points": 2,
        "opening_year": 2015
      }
    },
    {
      "type": "Feature",
      "geometry": {
        "type": "LineString",
        "coordinates": [
          [
            77.311531,
            28.410058
          ],
          [
            77.311517,
            28.409527
          ]
        ]
      },
      "properties": {
        "id": 1180909057,
        "name": "Delhi Metro Line",
        "color": "#00e5ff",
        "total_points": 2,
        "opening_year": 2015
      }
    },
    {
      "type": "Feature",
      "geometry": {
        "type": "LineString",
        "coordinates": [
          [
            77.311555,
            28.408918
          ],
          [
            77.31164,
            28.408438
          ]
        ]
      },
      "properties": {
        "id": 1180909058,
        "name": "Delhi Metro Line",
        "color": "#00e5ff",
        "total_points": 2,
        "opening_year": 2015
      }
    },
    {
      "type": "Feature",
      "geometry": {
        "type": "LineString",
        "coordinates": [
          [
            77.386193,
            28.632716
          ],
          [
            77.386007,
            28.632641
          ],
          [
            77.38585,
            28.632574
          ],
          [
            77.385672,
            28.632507
          ]
        ]
      },
      "properties": {
        "id": 1181245909,
        "name": "Delhi Metro Line",
        "color": "#00e5ff",
        "total_points": 4,
        "opening_year": 2015
      }
    },
    {
      "type": "Feature",
      "geometry": {
        "type": "LineString",
        "coordinates": [
          [
            77.385028,
            28.632208
          ],
          [
            77.385287,
            28.632261
          ],
          [
            77.385569,
            28.63233
          ]
        ]
      },
      "properties": {
        "id": 1181245910,
        "name": "Delhi Metro Line",
        "color": "#00e5ff",
        "total_points": 3,
        "opening_year": 2015
      }
    },
    {
      "type": "Feature",
      "geometry": {
        "type": "LineString",
        "coordinates": [
          [
            77.385012,
            28.632247
          ],
          [
            77.385251,
            28.63235
          ],
          [
            77.38551,
            28.632456
          ]
        ]
      },
      "properties": {
        "id": 1181245911,
        "name": "Delhi Metro Line",
        "color": "#00e5ff",
        "total_points": 3,
        "opening_year": 2015
      }
    },
    {
      "type": "Feature",
      "geometry": {
        "type": "LineString",
        "coordinates": [
          [
            77.384315,
            28.632029
          ],
          [
            77.384547,
            28.63208
          ],
          [
            77.384778,
            28.63213
          ]
        ]
      },
      "properties": {
        "id": 1181245912,
        "name": "Delhi Metro Line",
        "color": "#00e5ff",
        "total_points": 3,
        "opening_year": 2015
      }
    },
    {
      "type": "Feature",
      "geometry": {
        "type": "LineString",
        "coordinates": [
          [
            77.384759,
            28.632168
          ],
          [
            77.384547,
            28.63208
          ],
          [
            77.384333,
            28.631991
          ]
        ]
      },
      "properties": {
        "id": 1181245913,
        "name": "Delhi Metro Line",
        "color": "#00e5ff",
        "total_points": 3,
        "opening_year": 2015
      }
    },
    {
      "type": "Feature",
      "geometry": {
        "type": "LineString",
        "coordinates": [
          [
            77.379388,
            28.631571
          ],
          [
            77.379119,
            28.631565
          ],
          [
            77.378847,
            28.63156
          ]
        ]
      },
      "properties": {
        "id": 1181245914,
        "name": "Delhi Metro Line",
        "color": "#00e5ff",
        "total_points": 3,
        "opening_year": 2015
      }
    },
    {
      "type": "Feature",
      "geometry": {
        "type": "LineString",
        "coordinates": [
          [
            77.378849,
            28.631602
          ],
          [
            77.379119,
            28.631565
          ],
          [
            77.379388,
            28.631528
          ]
        ]
      },
      "properties": {
        "id": 1181245915,
        "name": "Delhi Metro Line",
        "color": "#00e5ff",
        "total_points": 3,
        "opening_year": 2015
      }
    },
    {
      "type": "Feature",
      "geometry": {
        "type": "LineString",
        "coordinates": [
          [
            77.375143,
            28.629208
          ],
          [
            77.375239,
            28.62973
          ]
        ]
      },
      "properties": {
        "id": 1181245918,
        "name": "Delhi Metro Line",
        "color": "#00e5ff",
        "total_points": 2,
        "opening_year": 2015
      }
    },
    {
      "type": "Feature",
      "geometry": {
        "type": "LineString",
        "coordinates": [
          [
            77.375281,
            28.629661
          ],
          [
            77.375188,
            28.62915
          ]
        ]
      },
      "properties": {
        "id": 1181245919,
        "name": "Delhi Metro Line",
        "color": "#00e5ff",
        "total_points": 2,
        "opening_year": 2015
      }
    },
    {
      "type": "Feature",
      "geometry": {
        "type": "LineString",
        "coordinates": [
          [
            77.375999,
            28.631383
          ],
          [
            77.3762,
            28.631501
          ],
          [
            77.376373,
            28.631585
          ],
          [
            77.376578,
            28.631659
          ],
          [
            77.376752,
            28.631706
          ],
          [
            77.376912,
            28.631736
          ],
          [
            77.377042,
            28.631748
          ],
          [
            77.37734,
            28.631759
          ],
          [
            77.37761,
            28.631758
          ],
          [
            77.377726,
            28.631752
          ],
          [
            77.377816,
            28.631742
          ],
          [
            77.378345,
            28.631657
          ],
          [
            77.378701,
            28.631611
          ]
        ]
      },
      "properties": {
        "id": 1181245920,
        "name": "Delhi Metro Line",
        "color": "#00e5ff",
        "total_points": 13,
        "opening_year": 2015
      }
    },
    {
      "type": "Feature",
      "geometry": {
        "type": "LineString",
        "coordinates": [
          [
            77.390225,
            28.633937
          ],
          [
            77.385672,
            28.632507
          ],
          [
            77.38551,
            28.632456
          ],
          [
            77.38448,
            28.632129
          ],
          [
            77.383962,
            28.63197
          ],
          [
            77.383803,
            28.631923
          ],
          [
            77.383639,
            28.631879
          ],
          [
            77.383467,
            28.631835
          ],
          [
            77.38326,
            28.631788
          ],
          [
            77.383038,
            28.631744
          ],
          [
            77.382751,
            28.631694
          ],
          [
            77.38245,
            28.63165
          ],
          [
            77.382175,
            28.631622
          ],
          [
            77.381906,
            28.631602
          ],
          [
            77.380739,
            28.631546
          ],
          [
            77.380583,
            28.631547
          ],
          [
            77.380106,
            28.631572
          ],
          [
            77.380002,
            28.631571
          ]
        ]
      },
      "properties": {
        "id": 1181245921,
        "name": "Delhi Metro Line",
        "color": "#00e5ff",
        "total_points": 18,
        "opening_year": 2015
      }
    },
    {
      "type": "Feature",
      "geometry": {
        "type": "LineString",
        "coordinates": [
          [
            77.390276,
            28.633816
          ],
          [
            77.385569,
            28.63233
          ],
          [
            77.383859,
            28.631793
          ],
          [
            77.383508,
            28.631705
          ],
          [
            77.382925,
            28.631585
          ],
          [
            77.382459,
            28.631519
          ],
          [
            77.382212,
            28.631492
          ],
          [
            77.381941,
            28.63147
          ],
          [
            77.380895,
            28.631417
          ],
          [
            77.380633,
            28.631415
          ],
          [
            77.380392,
            28.631425
          ],
          [
            77.380071,
            28.631449
          ],
          [
            77.379879,
            28.631474
          ],
          [
            77.379579,
            28.631517
          ]
        ]
      },
      "properties": {
        "id": 1181245922,
        "name": "Delhi Metro Line",
        "color": "#00e5ff",
        "total_points": 14,
        "opening_year": 2015
      }
    },
    {
      "type": "Feature",
      "geometry": {
        "type": "LineString",
        "coordinates": [
          [
            77.390212,
            28.633973
          ],
          [
            77.386193,
            28.632716
          ],
          [
            77.384049,
            28.632043
          ],
          [
            77.383785,
            28.631962
          ],
          [
            77.38354,
            28.631896
          ],
          [
            77.3833,
            28.631839
          ],
          [
            77.382955,
            28.63177
          ],
          [
            77.382678,
            28.631723
          ],
          [
            77.382359,
            28.631682
          ],
          [
            77.38205,
            28.631653
          ],
          [
            77.381092,
            28.631605
          ],
          [
            77.38078,
            28.631597
          ],
          [
            77.380561,
            28.631596
          ],
          [
            77.380435,
            28.631591
          ],
          [
            77.380002,
            28.631571
          ],
          [
            77.379579,
            28.631559
          ]
        ]
      },
      "properties": {
        "id": 1181245923,
        "name": "Delhi Metro Line",
        "color": "#00e5ff",
        "total_points": 16,
        "opening_year": 2015
      }
    },
    {
      "type": "Feature",
      "geometry": {
        "type": "LineString",
        "coordinates": [
          [
            77.390243,
            28.633893
          ],
          [
            77.389855,
            28.633775
          ],
          [
            77.385012,
            28.632247
          ],
          [
            77.384759,
            28.632168
          ],
          [
            77.384315,
            28.632029
          ],
          [
            77.383911,
            28.631904
          ],
          [
            77.383605,
            28.631819
          ],
          [
            77.383312,
            28.631751
          ],
          [
            77.383028,
            28.631695
          ],
          [
            77.382741,
            28.631645
          ],
          [
            77.382451,
            28.631603
          ],
          [
            77.382125,
            28.631571
          ],
          [
            77.381881,
            28.631553
          ],
          [
            77.380781,
            28.631501
          ],
          [
            77.380613,
            28.631502
          ],
          [
            77.380464,
            28.631507
          ],
          [
            77.380056,
            28.631535
          ],
          [
            77.379894,
            28.63154
          ],
          [
            77.379579,
            28.631559
          ],
          [
            77.379388,
            28.631571
          ],
          [
            77.378849,
            28.631602
          ],
          [
            77.378701,
            28.631611
          ],
          [
            77.378051,
            28.63165
          ],
          [
            77.377403,
            28.631686
          ],
          [
            77.377234,
            28.63169
          ],
          [
            77.377077,
            28.631683
          ],
          [
            77.376932,
            28.631665
          ],
          [
            77.376776,
            28.631637
          ],
          [
            77.376583,
            28.631585
          ],
          [
            77.376437,
            28.631533
          ],
          [
            77.376282,
            28.631464
          ],
          [
            77.376136,
            28.631383
          ],
          [
            77.376004,
            28.631296
          ],
          [
            77.37587,
            28.631189
          ],
          [
            77.375739,
            28.631068
          ],
          [
            77.375627,
            28.630938
          ],
          [
            77.37555,
            28.63083
          ],
          [
            77.375473,
            28.630702
          ],
          [
            77.375403,
            28.630553
          ],
          [
            77.375356,
            28.63043
          ],
          [
            77.375311,
            28.630265
          ],
          [
            77.375269,
            28.630042
          ]
        ]
      },
      "properties": {
        "id": 1181245924,
        "name": "Delhi Metro Line",
        "color": "#00e5ff",
        "total_points": 42,
        "opening_year": 2015
      }
    },
    {
      "type": "Feature",
      "geometry": {
        "type": "LineString",
        "coordinates": [
          [
            77.374947,
            28.625622
          ],
          [
            77.375068,
            28.62688
          ]
        ]
      },
      "properties": {
        "id": 1181245925,
        "name": "Delhi Metro Line",
        "color": "#00e5ff",
        "total_points": 2,
        "opening_year": 2015
      }
    },
    {
      "type": "Feature",
      "geometry": {
        "type": "LineString",
        "coordinates": [
          [
            77.37487,
            28.625843
          ],
          [
            77.375068,
            28.62688
          ],
          [
            77.375128,
            28.627183
          ],
          [
            77.375177,
            28.627502
          ],
          [
            77.375202,
            28.627706
          ],
          [
            77.375225,
            28.627929
          ],
          [
            77.37524,
            28.628182
          ],
          [
            77.37525,
            28.628411
          ],
          [
            77.375253,
            28.628665
          ],
          [
            77.375246,
            28.629132
          ],
          [
            77.375247,
            28.629257
          ],
          [
            77.375281,
            28.629661
          ],
          [
            77.375307,
            28.629928
          ],
          [
            77.375328,
            28.630095
          ],
          [
            77.375351,
            28.630239
          ],
          [
            77.37537,
            28.630327
          ],
          [
            77.375399,
            28.630425
          ],
          [
            77.375445,
            28.630535
          ],
          [
            77.375521,
            28.630686
          ],
          [
            77.375623,
            28.630841
          ],
          [
            77.375721,
            28.630964
          ],
          [
            77.375859,
            28.6311
          ],
          [
            77.375991,
            28.631208
          ],
          [
            77.376136,
            28.631309
          ],
          [
            77.37632,
            28.631409
          ],
          [
            77.376535,
            28.631497
          ],
          [
            77.376722,
            28.631552
          ],
          [
            77.37693,
            28.631593
          ],
          [
            77.377085,
            28.63161
          ],
          [
            77.377258,
            28.631614
          ],
          [
            77.377416,
            28.631609
          ],
          [
            77.377791,
            28.631583
          ],
          [
            77.378097,
            28.631574
          ],
          [
            77.378358,
            28.631578
          ],
          [
            77.378617,
            28.63157
          ],
          [
            77.378847,
            28.63156
          ],
          [
            77.379388,
            28.631528
          ],
          [
            77.379579,
            28.631517
          ],
          [
            77.379889,
            28.631501
          ],
          [
            77.380515,
            28.631466
          ],
          [
            77.380616,
            28.631462
          ],
          [
            77.380729,
            28.631461
          ],
          [
            77.381818,
            28.631505
          ],
          [
            77.382222,
            28.631537
          ],
          [
            77.382435,
            28.63156
          ],
          [
            77.382686,
            28.631595
          ],
          [
            77.382926,
            28.631633
          ],
          [
            77.383299,
            28.631706
          ],
          [
            77.38356,
            28.631766
          ],
          [
            77.383839,
            28.63184
          ],
          [
            77.384333,
            28.631991
          ],
          [
            77.384778,
            28.63213
          ],
          [
            77.385028,
            28.632208
          ],
          [
            77.388894,
            28.633429
          ],
          [
            77.39026,
            28.633854
          ]
        ]
      },
      "properties": {
        "id": 1181245926,
        "name": "Delhi Metro Line",
        "color": "#00e5ff",
        "total_points": 55,
        "opening_year": 2015
      }
    },
    {
      "type": "Feature",
      "geometry": {
        "type": "LineString",
        "coordinates": [
          [
            77.100581,
            28.678826
          ],
          [
            77.099302,
            28.679094
          ],
          [
            77.0991,
            28.679132
          ]
        ]
      },
      "properties": {
        "id": 1181259066,
        "name": "Delhi Metro Line",
        "color": "#00e5ff",
        "total_points": 3,
        "opening_year": 2015
      }
    },
    {
      "type": "Feature",
      "geometry": {
        "type": "LineString",
        "coordinates": [
          [
            77.100269,
            28.678993
          ],
          [
            77.0991,
            28.679132
          ],
          [
            77.096886,
            28.679385
          ]
        ]
      },
      "properties": {
        "id": 1181259067,
        "name": "Delhi Metro Line",
        "color": "#00e5ff",
        "total_points": 3,
        "opening_year": 2015
      }
    },
    {
      "type": "Feature",
      "geometry": {
        "type": "LineString",
        "coordinates": [
          [
            76.971996,
            28.687184
          ],
          [
            76.97347,
            28.687052
          ],
          [
            76.973735,
            28.687038
          ],
          [
            76.974083,
            28.687028
          ],
          [
            76.974345,
            28.687033
          ],
          [
            76.975231,
            28.687041
          ]
        ]
      },
      "properties": {
        "id": 1181261939,
        "name": "Delhi Metro Line",
        "color": "#00e5ff",
        "total_points": 6,
        "opening_year": 2015
      }
    },
    {
      "type": "Feature",
      "geometry": {
        "type": "LineString",
        "coordinates": [
          [
            77.184133,
            28.731106
          ],
          [
            77.184439,
            28.731197
          ],
          [
            77.184731,
            28.731244
          ],
          [
            77.184991,
            28.731253
          ],
          [
            77.185236,
            28.731237
          ],
          [
            77.185515,
            28.731186
          ],
          [
            77.186537,
            28.730927
          ],
          [
            77.187355,
            28.730711
          ],
          [
            77.1879,
            28.730563
          ],
          [
            77.191687,
            28.729639
          ],
          [
            77.19192,
            28.729587
          ],
          [
            77.192119,
            28.729559
          ],
          [
            77.192291,
            28.729544
          ],
          [
            77.192443,
            28.729537
          ],
          [
            77.192588,
            28.729535
          ],
          [
            77.19291,
            28.729547
          ],
          [
            77.193184,
            28.729573
          ],
          [
            77.193433,
            28.72962
          ],
          [
            77.19365,
            28.729676
          ],
          [
            77.193884,
            28.729763
          ],
          [
            77.194136,
            28.729867
          ],
          [
            77.19442,
            28.729984
          ],
          [
            77.194758,
            28.730107
          ],
          [
            77.195257,
            28.730278
          ],
          [
            77.195445,
            28.73033
          ],
          [
            77.195611,
            28.73037
          ],
          [
            77.195812,
            28.730401
          ],
          [
            77.196172,
            28.730429
          ],
          [
            77.196545,
            28.730422
          ],
          [
            77.196735,
            28.730403
          ],
          [
            77.197188,
            28.730318
          ],
          [
            77.197749,
            28.730205
          ],
          [
            77.198478,
            28.730064
          ],
          [
            77.199837,
            28.729798
          ],
          [
            77.200302,
            28.729707
          ],
          [
            77.200817,
            28.729601
          ],
          [
            77.201364,
            28.72946
          ],
          [
            77.20192,
            28.729286
          ],
          [
            77.20244,
            28.729091
          ],
          [
            77.202974,
            28.728872
          ],
          [
            77.207654,
            28.726981
          ],
          [
            77.208183,
            28.726785
          ],
          [
            77.209038,
            28.726494
          ],
          [
            77.213683,
            28.724905
          ],
          [
            77.216678,
            28.723881
          ],
          [
            77.217798,
            28.723528
          ],
          [
            77.221821,
            28.722143
          ],
          [
            77.222343,
            28.721958
          ],
          [
            77.222857,
            28.721739
          ],
          [
            77.223355,
            28.72148
          ],
          [
            77.223944,
            28.721169
          ],
          [
            77.224874,
            28.720677
          ],
          [
            77.225365,
            28.720383
          ],
          [
            77.225796,
            28.720061
          ],
          [
            77.226447,
            28.719555
          ],
          [
            77.227048,
            28.719037
          ],
          [
            77.227223,
            28.718809
          ],
          [
            77.22777,
            28.717859
          ],
          [
            77.227873,
            28.717555
          ],
          [
            77.227929,
            28.71728
          ],
          [
            77.227965,
            28.716887
          ],
          [
            77.227936,
            28.716631
          ],
          [
            77.227844,
            28.716244
          ],
          [
            77.227617,
            28.715522
          ]
        ]
      },
      "properties": {
        "id": 1181394345,
        "name": "Delhi Metro Pink Line",
        "color": "#ff66cc",
        "total_points": 64,
        "opening_year": 2018
      }
    },
    {
      "type": "Feature",
      "geometry": {
        "type": "LineString",
        "coordinates": [
          [
            77.227566,
            28.715534
          ],
          [
            77.227791,
            28.716258
          ],
          [
            77.227883,
            28.716637
          ],
          [
            77.227907,
            28.716887
          ],
          [
            77.227872,
            28.717274
          ],
          [
            77.227827,
            28.717534
          ],
          [
            77.227715,
            28.717841
          ],
          [
            77.227173,
            28.718778
          ],
          [
            77.226995,
            28.719006
          ],
          [
            77.226402,
            28.719522
          ],
          [
            77.225762,
            28.720025
          ],
          [
            77.225329,
            28.720342
          ],
          [
            77.224843,
            28.720639
          ],
          [
            77.223926,
            28.72113
          ],
          [
            77.223332,
            28.721448
          ],
          [
            77.222835,
            28.721701
          ],
          [
            77.222322,
            28.721922
          ],
          [
            77.221802,
            28.722103
          ],
          [
            77.217785,
            28.723492
          ],
          [
            77.216657,
            28.723843
          ],
          [
            77.213673,
            28.72486
          ],
          [
            77.209027,
            28.726444
          ],
          [
            77.208171,
            28.726741
          ],
          [
            77.207632,
            28.726943
          ],
          [
            77.202941,
            28.728832
          ],
          [
            77.202415,
            28.72905
          ],
          [
            77.201895,
            28.729243
          ],
          [
            77.201334,
            28.729422
          ],
          [
            77.2008,
            28.729558
          ],
          [
            77.200299,
            28.729667
          ],
          [
            77.19931,
            28.729859
          ],
          [
            77.197737,
            28.730165
          ],
          [
            77.197171,
            28.73028
          ],
          [
            77.196729,
            28.730359
          ],
          [
            77.196527,
            28.730375
          ],
          [
            77.196161,
            28.730377
          ],
          [
            77.195813,
            28.730352
          ],
          [
            77.195625,
            28.730327
          ],
          [
            77.195444,
            28.730289
          ],
          [
            77.195277,
            28.730242
          ],
          [
            77.194597,
            28.730002
          ],
          [
            77.19444,
            28.729943
          ],
          [
            77.194155,
            28.72983
          ],
          [
            77.193907,
            28.72973
          ],
          [
            77.193671,
            28.729644
          ],
          [
            77.193443,
            28.729585
          ],
          [
            77.193189,
            28.729532
          ],
          [
            77.192915,
            28.729501
          ],
          [
            77.192593,
            28.729486
          ],
          [
            77.192439,
            28.729489
          ],
          [
            77.192277,
            28.729494
          ],
          [
            77.192112,
            28.729512
          ],
          [
            77.191919,
            28.729542
          ],
          [
            77.191675,
            28.729597
          ],
          [
            77.187883,
            28.730524
          ],
          [
            77.18734,
            28.73067
          ],
          [
            77.186524,
            28.730889
          ],
          [
            77.185507,
            28.731149
          ],
          [
            77.185228,
            28.731197
          ],
          [
            77.184992,
            28.731218
          ],
          [
            77.184734,
            28.731207
          ],
          [
            77.184451,
            28.73116
          ],
          [
            77.18414,
            28.731064
          ]
        ]
      },
      "properties": {
        "id": 1181394346,
        "name": "Delhi Metro Pink Line",
        "color": "#ff66cc",
        "total_points": 63,
        "opening_year": 2018
      }
    },
    {
      "type": "Feature",
      "geometry": {
        "type": "LineString",
        "coordinates": [
          [
            77.180913,
            28.71647
          ],
          [
            77.18125,
            28.717081
          ],
          [
            77.181343,
            28.717267
          ],
          [
            77.1814,
            28.717407
          ],
          [
            77.181483,
            28.717758
          ],
          [
            77.181532,
            28.718115
          ]
        ]
      },
      "properties": {
        "id": 1181404060,
        "name": "Delhi Metro Pink Line",
        "color": "#ff66cc",
        "total_points": 6,
        "opening_year": 2018
      }
    },
    {
      "type": "Feature",
      "geometry": {
        "type": "LineString",
        "coordinates": [
          [
            77.181573,
            28.718112
          ],
          [
            77.181526,
            28.717756
          ],
          [
            77.181439,
            28.717402
          ],
          [
            77.181357,
            28.717193
          ],
          [
            77.181261,
            28.716991
          ],
          [
            77.180965,
            28.716461
          ]
        ]
      },
      "properties": {
        "id": 1181404061,
        "name": "Delhi Metro Pink Line",
        "color": "#ff66cc",
        "total_points": 6,
        "opening_year": 2018
      }
    },
    {
      "type": "Feature",
      "geometry": {
        "type": "LineString",
        "coordinates": [
          [
            77.181732,
            28.720942
          ],
          [
            77.181696,
            28.720204
          ]
        ]
      },
      "properties": {
        "id": 1181440755,
        "name": "Delhi Metro Pink Line",
        "color": "#ff66cc",
        "total_points": 2,
        "opening_year": 2018
      }
    },
    {
      "type": "Feature",
      "geometry": {
        "type": "LineString",
        "coordinates": [
          [
            77.181629,
            28.720208
          ],
          [
            77.181661,
            28.720948
          ]
        ]
      },
      "properties": {
        "id": 1181440756,
        "name": "Delhi Metro Pink Line",
        "color": "#ff66cc",
        "total_points": 2,
        "opening_year": 2018
      }
    },
    {
      "type": "Feature",
      "geometry": {
        "type": "LineString",
        "coordinates": [
          [
            77.227617,
            28.715522
          ],
          [
            77.227535,
            28.715267
          ],
          [
            77.227094,
            28.713572
          ],
          [
            77.226996,
            28.713196
          ],
          [
            77.226921,
            28.712746
          ],
          [
            77.226879,
            28.712304
          ],
          [
            77.226895,
            28.712078
          ],
          [
            77.227005,
            28.711619
          ],
          [
            77.227338,
            28.710717
          ],
          [
            77.22752,
            28.710282
          ],
          [
            77.227534,
            28.710249
          ],
          [
            77.227717,
            28.709813
          ],
          [
            77.228025,
            28.709214
          ],
          [
            77.228391,
            28.708832
          ],
          [
            77.228919,
            28.708567
          ],
          [
            77.230251,
            28.708355
          ],
          [
            77.232464,
            28.707867
          ],
          [
            77.233244,
            28.707676
          ],
          [
            77.235484,
            28.70714
          ],
          [
            77.236244,
            28.706965
          ],
          [
            77.23673,
            28.706943
          ],
          [
            77.237158,
            28.707026
          ],
          [
            77.237712,
            28.707245
          ],
          [
            77.237982,
            28.707411
          ],
          [
            77.238259,
            28.707643
          ],
          [
            77.238874,
            28.708402
          ],
          [
            77.239165,
            28.70871
          ],
          [
            77.239469,
            28.708917
          ],
          [
            77.239868,
            28.709059
          ],
          [
            77.240328,
            28.709131
          ],
          [
            77.240798,
            28.709144
          ],
          [
            77.241309,
            28.709105
          ],
          [
            77.242523,
            28.708759
          ],
          [
            77.244328,
            28.708244
          ],
          [
            77.245954,
            28.707797
          ],
          [
            77.247584,
            28.70731
          ],
          [
            77.253636,
            28.705486
          ],
          [
            77.254483,
            28.70522
          ],
          [
            77.254836,
            28.705109
          ]
        ]
      },
      "properties": {
        "id": 1181485297,
        "name": "Delhi Metro Pink Line",
        "color": "#ff66cc",
        "total_points": 39,
        "opening_year": 2018
      }
    },
    {
      "type": "Feature",
      "geometry": {
        "type": "LineString",
        "coordinates": [
          [
            77.25481,
            28.705049
          ],
          [
            77.254462,
            28.705147
          ],
          [
            77.253605,
            28.705391
          ],
          [
            77.245364,
            28.707818
          ],
          [
            77.244278,
            28.708128
          ],
          [
            77.242482,
            28.708631
          ],
          [
            77.241271,
            28.70897
          ],
          [
            77.240796,
            28.709029
          ],
          [
            77.240347,
            28.709035
          ],
          [
            77.239897,
            28.708973
          ],
          [
            77.239525,
            28.708848
          ],
          [
            77.239226,
            28.70865
          ],
          [
            77.23895,
            28.708357
          ],
          [
            77.23833,
            28.707596
          ],
          [
            77.238062,
            28.707348
          ],
          [
            77.237752,
            28.707174
          ],
          [
            77.237215,
            28.706957
          ],
          [
            77.236745,
            28.706876
          ],
          [
            77.236229,
            28.706906
          ],
          [
            77.235456,
            28.70708
          ],
          [
            77.233228,
            28.70762
          ],
          [
            77.232464,
            28.707807
          ],
          [
            77.23024,
            28.708291
          ],
          [
            77.228893,
            28.708498
          ],
          [
            77.228349,
            28.708761
          ],
          [
            77.227887,
            28.709173
          ],
          [
            77.227593,
            28.709779
          ],
          [
            77.227409,
            28.710201
          ],
          [
            77.227398,
            28.710225
          ],
          [
            77.227203,
            28.710675
          ],
          [
            77.226844,
            28.71158
          ],
          [
            77.226737,
            28.712057
          ],
          [
            77.226728,
            28.712308
          ],
          [
            77.226762,
            28.712767
          ],
          [
            77.22688,
            28.713207
          ],
          [
            77.227038,
            28.713589
          ],
          [
            77.227488,
            28.715276
          ],
          [
            77.227566,
            28.715534
          ]
        ]
      },
      "properties": {
        "id": 1181485298,
        "name": "Delhi Metro Pink Line",
        "color": "#ff66cc",
        "total_points": 38,
        "opening_year": 2018
      }
    },
    {
      "type": "Feature",
      "geometry": {
        "type": "LineString",
        "coordinates": [
          [
            77.500335,
            28.457031
          ],
          [
            77.499583,
            28.456452
          ],
          [
            77.497708,
            28.455158
          ],
          [
            77.495457,
            28.453381
          ],
          [
            77.494159,
            28.452536
          ],
          [
            77.493673,
            28.452184
          ],
          [
            77.493187,
            28.45181
          ],
          [
            77.492692,
            28.451413
          ],
          [
            77.491979,
            28.450757
          ],
          [
            77.491156,
            28.449912
          ],
          [
            77.49069,
            28.449458
          ],
          [
            77.488278,
            28.447453
          ],
          [
            77.487123,
            28.446596
          ],
          [
            77.48574,
            28.445609
          ],
          [
            77.485374,
            28.445387
          ],
          [
            77.484979,
            28.445185
          ],
          [
            77.484517,
            28.444989
          ],
          [
            77.483989,
            28.444813
          ],
          [
            77.483486,
            28.444699
          ],
          [
            77.482891,
            28.444617
          ],
          [
            77.482341,
            28.444582
          ],
          [
            77.481838,
            28.444595
          ],
          [
            77.481447,
            28.444632
          ],
          [
            77.480979,
            28.444709
          ],
          [
            77.480579,
            28.444801
          ],
          [
            77.480239,
            28.444909
          ],
          [
            77.479922,
            28.445022
          ],
          [
            77.479513,
            28.445185
          ],
          [
            77.479025,
            28.44545
          ],
          [
            77.47836,
            28.445906
          ],
          [
            77.477779,
            28.446461
          ],
          [
            77.477414,
            28.446893
          ],
          [
            77.476571,
            28.44805
          ],
          [
            77.475013,
            28.450132
          ],
          [
            77.474421,
            28.450919
          ],
          [
            77.473473,
            28.45207
          ],
          [
            77.472854,
            28.452779
          ],
          [
            77.472195,
            28.453679
          ],
          [
            77.471677,
            28.454248
          ],
          [
            77.471193,
            28.454755
          ],
          [
            77.470714,
            28.45524
          ],
          [
            77.470179,
            28.455751
          ],
          [
            77.469607,
            28.456277
          ],
          [
            77.468887,
            28.456903
          ],
          [
            77.467467,
            28.458076
          ],
          [
            77.46654,
            28.458942
          ],
          [
            77.466155,
            28.459294
          ],
          [
            77.465538,
            28.459875
          ],
          [
            77.464804,
            28.460545
          ],
          [
            77.464161,
            28.461133
          ],
          [
            77.463306,
            28.461863
          ],
          [
            77.461419,
            28.463465
          ],
          [
            77.460915,
            28.463954
          ],
          [
            77.459557,
            28.465475
          ],
          [
            77.458974,
            28.4661
          ],
          [
            77.4583,
            28.466688
          ],
          [
            77.457796,
            28.467062
          ],
          [
            77.457205,
            28.467467
          ],
          [
            77.455661,
            28.468494
          ],
          [
            77.455152,
            28.468821
          ]
        ]
      },
      "properties": {
        "id": 1183338336,
        "name": "Aqua Line",
        "color": "#00cccc",
        "total_points": 60,
        "opening_year": 2019
      }
    },
    {
      "type": "Feature",
      "geometry": {
        "type": "LineString",
        "coordinates": [
          [
            77.298017,
            28.605688
          ],
          [
            77.298689,
            28.605891
          ],
          [
            77.299253,
            28.606063
          ]
        ]
      },
      "properties": {
        "id": 1183343998,
        "name": "Delhi Metro Pink Line",
        "color": "#ff66cc",
        "total_points": 3,
        "opening_year": 2018
      }
    },
    {
      "type": "Feature",
      "geometry": {
        "type": "LineString",
        "coordinates": [
          [
            77.105266,
            28.427345
          ],
          [
            77.105268,
            28.428114
          ]
        ]
      },
      "properties": {
        "id": 1183378526,
        "name": "Rapid Metro",
        "color": "#003399",
        "total_points": 2,
        "opening_year": 2017
      }
    },
    {
      "type": "Feature",
      "geometry": {
        "type": "LineString",
        "coordinates": [
          [
            77.105114,
            28.427338
          ],
          [
            77.105124,
            28.428109
          ]
        ]
      },
      "properties": {
        "id": 1183378527,
        "name": "Rapid Metro",
        "color": "#003399",
        "total_points": 2,
        "opening_year": 2017
      }
    },
    {
      "type": "Feature",
      "geometry": {
        "type": "LineString",
        "coordinates": [
          [
            77.104319,
            28.431611
          ],
          [
            77.103908,
            28.431709
          ]
        ]
      },
      "properties": {
        "id": 1183378530,
        "name": "Rapid Metro",
        "color": "#003399",
        "total_points": 2,
        "opening_year": 2017
      }
    },
    {
      "type": "Feature",
      "geometry": {
        "type": "LineString",
        "coordinates": [
          [
            77.103345,
            28.431908
          ],
          [
            77.103535,
            28.431829
          ],
          [
            77.103633,
            28.431792
          ],
          [
            77.103801,
            28.431738
          ]
        ]
      },
      "properties": {
        "id": 1183378531,
        "name": "Rapid Metro",
        "color": "#003399",
        "total_points": 4,
        "opening_year": 2017
      }
    },
    {
      "type": "Feature",
      "geometry": {
        "type": "LineString",
        "coordinates": [
          [
            77.105087,
            28.422424
          ],
          [
            77.105119,
            28.421876
          ]
        ]
      },
      "properties": {
        "id": 1183749493,
        "name": "Rapid MetroRail Gurgaon",
        "color": "#003399",
        "total_points": 2,
        "opening_year": 2017
      }
    },
    {
      "type": "Feature",
      "geometry": {
        "type": "LineString",
        "coordinates": [
          [
            77.105103,
            28.4239
          ],
          [
            77.105159,
            28.424438
          ]
        ]
      },
      "properties": {
        "id": 1183749494,
        "name": "Rapid MetroRail Gurgaon",
        "color": "#003399",
        "total_points": 2,
        "opening_year": 2017
      }
    },
    {
      "type": "Feature",
      "geometry": {
        "type": "LineString",
        "coordinates": [
          [
            77.147822,
            28.684633
          ],
          [
            77.148177,
            28.684876
          ],
          [
            77.148404,
            28.685024
          ],
          [
            77.148837,
            28.685315
          ],
          [
            77.150353,
            28.686326
          ],
          [
            77.150789,
            28.686619
          ],
          [
            77.150942,
            28.68672
          ],
          [
            77.151496,
            28.687103
          ]
        ]
      },
      "properties": {
        "id": 1183769458,
        "name": "Delhi Metro Line",
        "color": "#00e5ff",
        "total_points": 8,
        "opening_year": 2015
      }
    },
    {
      "type": "Feature",
      "geometry": {
        "type": "LineString",
        "coordinates": [
          [
            77.150353,
            28.686326
          ],
          [
            77.150588,
            28.686464
          ],
          [
            77.150718,
            28.686533
          ],
          [
            77.150836,
            28.686599
          ],
          [
            77.150962,
            28.686673
          ],
          [
            77.15115,
            28.686792
          ]
        ]
      },
      "properties": {
        "id": 1183769459,
        "name": "Delhi Metro Line",
        "color": "#00e5ff",
        "total_points": 6,
        "opening_year": 2015
      }
    },
    {
      "type": "Feature",
      "geometry": {
        "type": "LineString",
        "coordinates": [
          [
            77.14778,
            28.68452
          ],
          [
            77.148229,
            28.684888
          ],
          [
            77.148404,
            28.685024
          ]
        ]
      },
      "properties": {
        "id": 1183769460,
        "name": "Delhi Metro Line",
        "color": "#00e5ff",
        "total_points": 3,
        "opening_year": 2015
      }
    },
    {
      "type": "Feature",
      "geometry": {
        "type": "LineString",
        "coordinates": [
          [
            77.14801,
            28.684828
          ],
          [
            77.148218,
            28.684962
          ],
          [
            77.148401,
            28.68507
          ],
          [
            77.148625,
            28.685189
          ],
          [
            77.148837,
            28.685315
          ]
        ]
      },
      "properties": {
        "id": 1183769461,
        "name": "Delhi Metro Line",
        "color": "#00e5ff",
        "total_points": 5,
        "opening_year": 2015
      }
    },
    {
      "type": "Feature",
      "geometry": {
        "type": "LineString",
        "coordinates": [
          [
            77.153166,
            28.69201
          ],
          [
            77.152819,
            28.690073
          ],
          [
            77.152592,
            28.688957
          ],
          [
            77.152531,
            28.688633
          ],
          [
            77.152478,
            28.688431
          ],
          [
            77.152421,
            28.688268
          ],
          [
            77.152349,
            28.688107
          ],
          [
            77.152251,
            28.687936
          ],
          [
            77.152108,
            28.687729
          ],
          [
            77.151957,
            28.687553
          ],
          [
            77.151816,
            28.687409
          ],
          [
            77.15169,
            28.687299
          ],
          [
            77.151559,
            28.687197
          ],
          [
            77.151259,
            28.686994
          ],
          [
            77.150906,
            28.68676
          ],
          [
            77.150708,
            28.686639
          ],
          [
            77.150041,
            28.686253
          ],
          [
            77.149769,
            28.686096
          ],
          [
            77.149475,
            28.68591
          ],
          [
            77.149246,
            28.685755
          ],
          [
            77.149005,
            28.685582
          ],
          [
            77.148757,
            28.685396
          ],
          [
            77.14801,
            28.684828
          ],
          [
            77.147931,
            28.684766
          ],
          [
            77.147485,
            28.684424
          ],
          [
            77.146084,
            28.683487
          ],
          [
            77.14586,
            28.683326
          ],
          [
            77.145645,
            28.68316
          ],
          [
            77.145258,
            28.682859
          ],
          [
            77.144322,
            28.682091
          ],
          [
            77.143476,
            28.681415
          ],
          [
            77.143293,
            28.68128
          ],
          [
            77.143064,
            28.681122
          ],
          [
            77.142684,
            28.680862
          ],
          [
            77.142472,
            28.680705
          ],
          [
            77.142308,
            28.680571
          ],
          [
            77.142145,
            28.680417
          ],
          [
            77.142062,
            28.680329
          ],
          [
            77.141963,
            28.680215
          ],
          [
            77.141855,
            28.680079
          ],
          [
            77.141782,
            28.67998
          ],
          [
            77.141698,
            28.679854
          ],
          [
            77.141625,
            28.679738
          ],
          [
            77.141571,
            28.679643
          ],
          [
            77.141523,
            28.679552
          ],
          [
            77.141446,
            28.679373
          ],
          [
            77.141339,
            28.679085
          ],
          [
            77.141062,
            28.67829
          ],
          [
            77.140795,
            28.677525
          ],
          [
            77.14047,
            28.676629
          ],
          [
            77.140227,
            28.676033
          ],
          [
            77.139882,
            28.675217
          ],
          [
            77.139591,
            28.674362
          ],
          [
            77.139165,
            28.672777
          ],
          [
            77.138911,
            28.671931
          ],
          [
            77.138773,
            28.671456
          ],
          [
            77.138639,
            28.671059
          ],
          [
            77.138458,
            28.670656
          ],
          [
            77.138224,
            28.670261
          ],
          [
            77.137674,
            28.669594
          ],
          [
            77.136002,
            28.668247
          ],
          [
            77.133685,
            28.666298
          ],
          [
            77.131292,
            28.664248
          ],
          [
            77.129978,
            28.66307
          ],
          [
            77.129475,
            28.662502
          ],
          [
            77.129103,
            28.66191
          ],
          [
            77.127768,
            28.658993
          ],
          [
            77.127521,
            28.658539
          ],
          [
            77.12723,
            28.658081
          ]
        ]
      },
      "properties": {
        "id": 1183769463,
        "name": "Delhi Metro Pink Line",
        "color": "#ff66cc",
        "total_points": 69,
        "opening_year": 2018
      }
    },
    {
      "type": "Feature",
      "geometry": {
        "type": "LineString",
        "coordinates": [
          [
            77.153234,
            28.691995
          ],
          [
            77.152888,
            28.690063
          ],
          [
            77.152639,
            28.688948
          ],
          [
            77.152527,
            28.688422
          ],
          [
            77.152479,
            28.688275
          ],
          [
            77.152423,
            28.688134
          ],
          [
            77.152344,
            28.687978
          ],
          [
            77.15225,
            28.687821
          ],
          [
            77.152129,
            28.687652
          ],
          [
            77.152007,
            28.687507
          ],
          [
            77.151895,
            28.687386
          ],
          [
            77.151758,
            28.687261
          ],
          [
            77.151269,
            28.68688
          ],
          [
            77.15115,
            28.686792
          ],
          [
            77.150853,
            28.686563
          ],
          [
            77.150447,
            28.68625
          ],
          [
            77.150061,
            28.685952
          ],
          [
            77.149859,
            28.685808
          ],
          [
            77.149664,
            28.685676
          ],
          [
            77.149445,
            28.685532
          ],
          [
            77.14927,
            28.685424
          ],
          [
            77.148796,
            28.685151
          ],
          [
            77.148264,
            28.684843
          ],
          [
            77.14778,
            28.68452
          ],
          [
            77.147559,
            28.684363
          ],
          [
            77.147285,
            28.684178
          ],
          [
            77.147008,
            28.684001
          ],
          [
            77.146624,
            28.683766
          ],
          [
            77.146124,
            28.683445
          ],
          [
            77.145905,
            28.683293
          ],
          [
            77.145518,
            28.683007
          ],
          [
            77.145281,
            28.682824
          ],
          [
            77.144356,
            28.682066
          ],
          [
            77.14352,
            28.681399
          ],
          [
            77.143316,
            28.681248
          ],
          [
            77.143103,
            28.681102
          ],
          [
            77.14271,
            28.680832
          ],
          [
            77.142501,
            28.68068
          ],
          [
            77.142349,
            28.680554
          ],
          [
            77.142206,
            28.680421
          ],
          [
            77.142094,
            28.680307
          ],
          [
            77.141997,
            28.680201
          ],
          [
            77.141884,
            28.680059
          ],
          [
            77.141832,
            28.679985
          ],
          [
            77.141717,
            28.679818
          ],
          [
            77.141661,
            28.679726
          ],
          [
            77.141607,
            28.679632
          ],
          [
            77.141563,
            28.679544
          ],
          [
            77.141481,
            28.679364
          ],
          [
            77.14138,
            28.679072
          ],
          [
            77.141099,
            28.678281
          ],
          [
            77.140834,
            28.677514
          ],
          [
            77.140535,
            28.676608
          ],
          [
            77.14028,
            28.676012
          ],
          [
            77.139924,
            28.675198
          ],
          [
            77.139645,
            28.674346
          ],
          [
            77.139222,
            28.672763
          ],
          [
            77.138978,
            28.671915
          ],
          [
            77.13884,
            28.67144
          ],
          [
            77.138705,
            28.671039
          ],
          [
            77.138521,
            28.670631
          ],
          [
            77.138283,
            28.670229
          ],
          [
            77.137727,
            28.669553
          ],
          [
            77.136049,
            28.668203
          ],
          [
            77.133733,
            28.666254
          ],
          [
            77.131341,
            28.664205
          ],
          [
            77.13003,
            28.66303
          ],
          [
            77.129533,
            28.662469
          ],
          [
            77.129165,
            28.661884
          ],
          [
            77.127832,
            28.658968
          ],
          [
            77.127583,
            28.658511
          ],
          [
            77.12729,
            28.658049
          ]
        ]
      },
      "properties": {
        "id": 1183769464,
        "name": "Delhi Metro Pink Line",
        "color": "#ff66cc",
        "total_points": 72,
        "opening_year": 2018
      }
    },
    {
      "type": "Feature",
      "geometry": {
        "type": "LineString",
        "coordinates": [
          [
            77.150789,
            28.686619
          ],
          [
            77.150934,
            28.686733
          ],
          [
            77.151104,
            28.686874
          ],
          [
            77.151259,
            28.686994
          ]
        ]
      },
      "properties": {
        "id": 1183769465,
        "name": "Delhi Metro Line",
        "color": "#00e5ff",
        "total_points": 4,
        "opening_year": 2015
      }
    },
    {
      "type": "Feature",
      "geometry": {
        "type": "LineString",
        "coordinates": [
          [
            77.130466,
            28.675019
          ],
          [
            77.13492,
            28.674421
          ],
          [
            77.135255,
            28.674395
          ],
          [
            77.13551,
            28.674393
          ],
          [
            77.136955,
            28.674412
          ],
          [
            77.137327,
            28.674406
          ],
          [
            77.137706,
            28.674391
          ],
          [
            77.139669,
            28.674182
          ],
          [
            77.140574,
            28.674072
          ],
          [
            77.142054,
            28.673893
          ],
          [
            77.142544,
            28.67381
          ],
          [
            77.14311,
            28.67365
          ],
          [
            77.144054,
            28.673374
          ],
          [
            77.144523,
            28.673211
          ],
          [
            77.144954,
            28.67313
          ],
          [
            77.146126,
            28.672985
          ]
        ]
      },
      "properties": {
        "id": 1183770586,
        "name": "Delhi Metro Green Line",
        "color": "#00b050",
        "total_points": 16,
        "opening_year": 2010
      }
    },
    {
      "type": "Feature",
      "geometry": {
        "type": "LineString",
        "coordinates": [
          [
            77.146115,
            28.672927
          ],
          [
            77.144943,
            28.673072
          ],
          [
            77.144504,
            28.673154
          ],
          [
            77.144031,
            28.673319
          ],
          [
            77.143089,
            28.673594
          ],
          [
            77.142527,
            28.673753
          ],
          [
            77.142043,
            28.673834
          ],
          [
            77.140563,
            28.674014
          ],
          [
            77.13966,
            28.674123
          ],
          [
            77.1377,
            28.674332
          ],
          [
            77.137325,
            28.674347
          ],
          [
            77.136955,
            28.674353
          ],
          [
            77.135509,
            28.674334
          ],
          [
            77.135244,
            28.674348
          ],
          [
            77.134913,
            28.674362
          ],
          [
            77.130457,
            28.67496
          ]
        ]
      },
      "properties": {
        "id": 1183770587,
        "name": "Delhi Metro Green Line",
        "color": "#00b050",
        "total_points": 16,
        "opening_year": 2010
      }
    },
    {
      "type": "Feature",
      "geometry": {
        "type": "LineString",
        "coordinates": [
          [
            77.146126,
            28.672985
          ],
          [
            77.148769,
            28.6726
          ],
          [
            77.150028,
            28.672425
          ],
          [
            77.151213,
            28.67226
          ],
          [
            77.152181,
            28.672117
          ],
          [
            77.153986,
            28.671829
          ],
          [
            77.15481,
            28.671695
          ],
          [
            77.155296,
            28.671616
          ]
        ]
      },
      "properties": {
        "id": 1183770588,
        "name": "Delhi Metro Green Line",
        "color": "#00b050",
        "total_points": 8,
        "opening_year": 2010
      }
    },
    {
      "type": "Feature",
      "geometry": {
        "type": "LineString",
        "coordinates": [
          [
            77.155281,
            28.671537
          ],
          [
            77.153971,
            28.671751
          ],
          [
            77.152169,
            28.672059
          ],
          [
            77.151202,
            28.672202
          ],
          [
            77.150018,
            28.672367
          ],
          [
            77.148759,
            28.672541
          ],
          [
            77.146115,
            28.672927
          ]
        ]
      },
      "properties": {
        "id": 1183770589,
        "name": "Delhi Metro Green Line",
        "color": "#00b050",
        "total_points": 7,
        "opening_year": 2010
      }
    },
    {
      "type": "Feature",
      "geometry": {
        "type": "LineString",
        "coordinates": [
          [
            77.278992,
            28.690841
          ],
          [
            77.27919,
            28.691235
          ],
          [
            77.27925,
            28.691351
          ],
          [
            77.279644,
            28.692113
          ],
          [
            77.279952,
            28.692708
          ],
          [
            77.280036,
            28.692867
          ],
          [
            77.280397,
            28.693554
          ],
          [
            77.280545,
            28.693847
          ],
          [
            77.281,
            28.694808
          ],
          [
            77.281434,
            28.695635
          ],
          [
            77.281547,
            28.695825
          ],
          [
            77.281668,
            28.696011
          ],
          [
            77.281827,
            28.696225
          ],
          [
            77.282002,
            28.696431
          ],
          [
            77.282354,
            28.696823
          ],
          [
            77.28249,
            28.696986
          ],
          [
            77.282626,
            28.697168
          ],
          [
            77.282807,
            28.697443
          ],
          [
            77.282862,
            28.69754
          ],
          [
            77.283249,
            28.698272
          ],
          [
            77.283829,
            28.699263
          ],
          [
            77.284843,
            28.700732
          ],
          [
            77.286071,
            28.702454
          ],
          [
            77.287677,
            28.704899
          ],
          [
            77.288671,
            28.70645
          ],
          [
            77.289032,
            28.707099
          ],
          [
            77.290204,
            28.70936
          ],
          [
            77.29057,
            28.709989
          ],
          [
            77.290735,
            28.710396
          ],
          [
            77.290779,
            28.710818
          ],
          [
            77.29075,
            28.7111
          ],
          [
            77.290632,
            28.711501
          ],
          [
            77.290316,
            28.712276
          ],
          [
            77.290088,
            28.712872
          ],
          [
            77.289955,
            28.713566
          ],
          [
            77.28987,
            28.714254
          ],
          [
            77.289773,
            28.71536
          ],
          [
            77.289575,
            28.718543
          ],
          [
            77.289498,
            28.720146
          ],
          [
            77.28947,
            28.720713
          ],
          [
            77.289414,
            28.721428
          ],
          [
            77.289334,
            28.722921
          ],
          [
            77.289224,
            28.724849
          ]
        ]
      },
      "properties": {
        "id": 1184476775,
        "name": "Delhi Metro Pink Line",
        "color": "#ff66cc",
        "total_points": 43,
        "opening_year": 2018
      }
    },
    {
      "type": "Feature",
      "geometry": {
        "type": "LineString",
        "coordinates": [
          [
            77.278234,
            28.689524
          ],
          [
            77.278628,
            28.690287
          ],
          [
            77.278843,
            28.69071
          ],
          [
            77.278958,
            28.690951
          ],
          [
            77.279146,
            28.691406
          ],
          [
            77.279498,
            28.692154
          ],
          [
            77.279796,
            28.692787
          ],
          [
            77.280105,
            28.693371
          ],
          [
            77.280305,
            28.693753
          ],
          [
            77.280462,
            28.694058
          ],
          [
            77.280603,
            28.694355
          ],
          [
            77.280778,
            28.694752
          ],
          [
            77.280998,
            28.695183
          ],
          [
            77.28128,
            28.695764
          ]
        ]
      },
      "properties": {
        "id": 1184476783,
        "name": "Delhi Metro Pink Line",
        "color": "#ff66cc",
        "total_points": 14,
        "opening_year": 2018
      }
    },
    {
      "type": "Feature",
      "geometry": {
        "type": "LineString",
        "coordinates": [
          [
            77.27863,
            28.690203
          ],
          [
            77.27887,
            28.690707
          ],
          [
            77.278968,
            28.690907
          ],
          [
            77.279094,
            28.691202
          ],
          [
            77.279174,
            28.691399
          ],
          [
            77.279527,
            28.692149
          ],
          [
            77.279824,
            28.692779
          ],
          [
            77.280131,
            28.693368
          ],
          [
            77.280331,
            28.693752
          ],
          [
            77.280505,
            28.694081
          ],
          [
            77.280627,
            28.694342
          ],
          [
            77.280804,
            28.694747
          ],
          [
            77.280935,
            28.695011
          ],
          [
            77.281097,
            28.695317
          ],
          [
            77.281312,
            28.695743
          ]
        ]
      },
      "properties": {
        "id": 1184476784,
        "name": "Delhi Metro Pink Line",
        "color": "#ff66cc",
        "total_points": 15,
        "opening_year": 2018
      }
    },
    {
      "type": "Feature",
      "geometry": {
        "type": "LineString",
        "coordinates": [
          [
            77.278454,
            28.689863
          ],
          [
            77.27863,
            28.690203
          ]
        ]
      },
      "properties": {
        "id": 1184476785,
        "name": "Delhi Metro Pink Line",
        "color": "#ff66cc",
        "total_points": 2,
        "opening_year": 2018
      }
    },
    {
      "type": "Feature",
      "geometry": {
        "type": "LineString",
        "coordinates": [
          [
            77.277752,
            28.688257
          ],
          [
            77.277981,
            28.688826
          ],
          [
            77.278105,
            28.689114
          ],
          [
            77.278191,
            28.689298
          ],
          [
            77.278484,
            28.689873
          ],
          [
            77.278824,
            28.690521
          ]
        ]
      },
      "properties": {
        "id": 1184476786,
        "name": "Delhi Metro Pink Line",
        "color": "#ff66cc",
        "total_points": 6,
        "opening_year": 2018
      }
    },
    {
      "type": "Feature",
      "geometry": {
        "type": "LineString",
        "coordinates": [
          [
            77.27779,
            28.688245
          ],
          [
            77.278025,
            28.688816
          ],
          [
            77.278172,
            28.68915
          ],
          [
            77.27833,
            28.689474
          ],
          [
            77.278524,
            28.689852
          ],
          [
            77.279033,
            28.690824
          ],
          [
            77.279235,
            28.691217
          ]
        ]
      },
      "properties": {
        "id": 1184476787,
        "name": "Delhi Metro Pink Line",
        "color": "#ff66cc",
        "total_points": 7,
        "opening_year": 2018
      }
    },
    {
      "type": "Feature",
      "geometry": {
        "type": "LineString",
        "coordinates": [
          [
            77.278824,
            28.690521
          ],
          [
            77.278992,
            28.690841
          ]
        ]
      },
      "properties": {
        "id": 1184476788,
        "name": "Delhi Metro Pink Line",
        "color": "#ff66cc",
        "total_points": 2,
        "opening_year": 2018
      }
    },
    {
      "type": "Feature",
      "geometry": {
        "type": "LineString",
        "coordinates": [
          [
            77.170928,
            28.587388
          ],
          [
            77.171157,
            28.587031
          ],
          [
            77.171327,
            28.586766
          ],
          [
            77.171707,
            28.586173
          ],
          [
            77.172201,
            28.585414
          ],
          [
            77.17239,
            28.58507
          ],
          [
            77.172478,
            28.584916
          ]
        ]
      },
      "properties": {
        "id": 1185116452,
        "name": "Delhi Metro Line",
        "color": "#00e5ff",
        "total_points": 7,
        "opening_year": 2015
      }
    },
    {
      "type": "Feature",
      "geometry": {
        "type": "LineString",
        "coordinates": [
          [
            77.170488,
            28.587775
          ],
          [
            77.170709,
            28.587497
          ],
          [
            77.170976,
            28.587189
          ],
          [
            77.171157,
            28.586962
          ],
          [
            77.171327,
            28.586766
          ]
        ]
      },
      "properties": {
        "id": 1185116454,
        "name": "Delhi Metro Line",
        "color": "#00e5ff",
        "total_points": 5,
        "opening_year": 2015
      }
    },
    {
      "type": "Feature",
      "geometry": {
        "type": "LineString",
        "coordinates": [
          [
            77.267003,
            28.622967
          ],
          [
            77.26725,
            28.623055
          ],
          [
            77.267951,
            28.623307
          ]
        ]
      },
      "properties": {
        "id": 1187375095,
        "name": "Delhi Metro Line",
        "color": "#00e5ff",
        "total_points": 3,
        "opening_year": 2015
      }
    },
    {
      "type": "Feature",
      "geometry": {
        "type": "LineString",
        "coordinates": [
          [
            77.26702,
            28.62293
          ],
          [
            77.266266,
            28.622663
          ],
          [
            77.26597,
            28.622557
          ],
          [
            77.265827,
            28.6225
          ],
          [
            77.265681,
            28.622431
          ],
          [
            77.265551,
            28.622377
          ],
          [
            77.265325,
            28.622285
          ]
        ]
      },
      "properties": {
        "id": 1187375096,
        "name": "Delhi Metro Line",
        "color": "#00e5ff",
        "total_points": 7,
        "opening_year": 2015
      }
    },
    {
      "type": "Feature",
      "geometry": {
        "type": "LineString",
        "coordinates": [
          [
            77.268912,
            28.623608
          ],
          [
            77.268762,
            28.623555
          ]
        ]
      },
      "properties": {
        "id": 1187375097,
        "name": "Delhi Metro Blue Line",
        "color": "#0070c0",
        "total_points": 2,
        "opening_year": 2010
      }
    },
    {
      "type": "Feature",
      "geometry": {
        "type": "LineString",
        "coordinates": [
          [
            77.268747,
            28.623592
          ],
          [
            77.268897,
            28.623646
          ]
        ]
      },
      "properties": {
        "id": 1187375098,
        "name": "Blue Line",
        "color": "#0070c0",
        "total_points": 2,
        "opening_year": 2010
      }
    },
    {
      "type": "Feature",
      "geometry": {
        "type": "LineString",
        "coordinates": [
          [
            77.333713,
            28.564624
          ],
          [
            77.334252,
            28.564106
          ],
          [
            77.334409,
            28.563955
          ],
          [
            77.334964,
            28.563422
          ]
        ]
      },
      "properties": {
        "id": 1192568767,
        "name": "Blue Line",
        "color": "#0070c0",
        "total_points": 4,
        "opening_year": 2010
      }
    },
    {
      "type": "Feature",
      "geometry": {
        "type": "LineString",
        "coordinates": [
          [
            77.334923,
            28.563387
          ],
          [
            77.334368,
            28.56392
          ],
          [
            77.333664,
            28.564595
          ]
        ]
      },
      "properties": {
        "id": 1192568768,
        "name": "Blue Line",
        "color": "#0070c0",
        "total_points": 3,
        "opening_year": 2010
      }
    },
    {
      "type": "Feature",
      "geometry": {
        "type": "LineString",
        "coordinates": [
          [
            77.334964,
            28.563422
          ],
          [
            77.335752,
            28.562704
          ],
          [
            77.335885,
            28.562599
          ],
          [
            77.336024,
            28.562501
          ],
          [
            77.336169,
            28.562411
          ],
          [
            77.33632,
            28.562327
          ],
          [
            77.336476,
            28.562252
          ],
          [
            77.336636,
            28.562184
          ],
          [
            77.336801,
            28.562125
          ],
          [
            77.336969,
            28.562074
          ],
          [
            77.337141,
            28.562031
          ],
          [
            77.337315,
            28.561998
          ],
          [
            77.33749,
            28.561973
          ],
          [
            77.337667,
            28.561957
          ],
          [
            77.337845,
            28.56195
          ],
          [
            77.338024,
            28.561951
          ],
          [
            77.338201,
            28.561962
          ],
          [
            77.338378,
            28.561982
          ],
          [
            77.338554,
            28.562011
          ],
          [
            77.338727,
            28.562048
          ],
          [
            77.338897,
            28.562094
          ],
          [
            77.339065,
            28.562149
          ],
          [
            77.339228,
            28.562212
          ],
          [
            77.339387,
            28.562283
          ],
          [
            77.339541,
            28.562362
          ],
          [
            77.339689,
            28.562448
          ],
          [
            77.339832,
            28.562542
          ],
          [
            77.339968,
            28.562643
          ],
          [
            77.340602,
            28.56313
          ],
          [
            77.343585,
            28.565326
          ],
          [
            77.346376,
            28.567474
          ],
          [
            77.347171,
            28.568075
          ],
          [
            77.352188,
            28.57187
          ],
          [
            77.356209,
            28.574837
          ],
          [
            77.360049,
            28.577686
          ]
        ]
      },
      "properties": {
        "id": 1192568769,
        "name": "Blue Line",
        "color": "#0070c0",
        "total_points": 35,
        "opening_year": 2019
      }
    },
    {
      "type": "Feature",
      "geometry": {
        "type": "LineString",
        "coordinates": [
          [
            77.360071,
            28.577648
          ],
          [
            77.35625,
            28.574785
          ],
          [
            77.352221,
            28.571815
          ],
          [
            77.346399,
            28.567427
          ],
          [
            77.343616,
            28.565281
          ],
          [
            77.340634,
            28.563081
          ],
          [
            77.339991,
            28.562604
          ],
          [
            77.339852,
            28.562503
          ],
          [
            77.339707,
            28.562409
          ],
          [
            77.339557,
            28.562322
          ],
          [
            77.3394,
            28.562242
          ],
          [
            77.339239,
            28.562171
          ],
          [
            77.339074,
            28.562108
          ],
          [
            77.338904,
            28.562053
          ],
          [
            77.338732,
            28.562007
          ],
          [
            77.338556,
            28.56197
          ],
          [
            77.338379,
            28.561941
          ],
          [
            77.3382,
            28.561921
          ],
          [
            77.33802,
            28.56191
          ],
          [
            77.337839,
            28.561908
          ],
          [
            77.337659,
            28.561916
          ],
          [
            77.33748,
            28.561932
          ],
          [
            77.337301,
            28.561957
          ],
          [
            77.337125,
            28.561991
          ],
          [
            77.336951,
            28.562034
          ],
          [
            77.336781,
            28.562085
          ],
          [
            77.336614,
            28.562145
          ],
          [
            77.336451,
            28.562213
          ],
          [
            77.336292,
            28.562289
          ],
          [
            77.336139,
            28.562373
          ],
          [
            77.335992,
            28.562464
          ],
          [
            77.335851,
            28.562563
          ],
          [
            77.335716,
            28.562668
          ],
          [
            77.334923,
            28.563387
          ]
        ]
      },
      "properties": {
        "id": 1192568770,
        "name": "Blue Line",
        "color": "#0070c0",
        "total_points": 34,
        "opening_year": 2019
      }
    },
    {
      "type": "Feature",
      "geometry": {
        "type": "LineString",
        "coordinates": [
          [
            77.261637,
            28.582713
          ],
          [
            77.262634,
            28.582536
          ],
          [
            77.263767,
            28.58247
          ]
        ]
      },
      "properties": {
        "id": 1203022336,
        "name": "Delhi\u2013Meerut RRTS",
        "color": "#00e5ff",
        "total_points": 3,
        "opening_year": 2015
      }
    },
    {
      "type": "Feature",
      "geometry": {
        "type": "LineString",
        "coordinates": [
          [
            77.263766,
            28.58243
          ],
          [
            77.262628,
            28.582496
          ],
          [
            77.261623,
            28.582674
          ]
        ]
      },
      "properties": {
        "id": 1203022337,
        "name": "Delhi\u2013Meerut RRTS",
        "color": "#00e5ff",
        "total_points": 3,
        "opening_year": 2015
      }
    },
    {
      "type": "Feature",
      "geometry": {
        "type": "LineString",
        "coordinates": [
          [
            77.261623,
            28.582674
          ],
          [
            77.261071,
            28.582879
          ],
          [
            77.26057,
            28.583201
          ],
          [
            77.260138,
            28.583571
          ],
          [
            77.259805,
            28.584035
          ],
          [
            77.259669,
            28.584311
          ],
          [
            77.259536,
            28.584672
          ],
          [
            77.259278,
            28.585415
          ],
          [
            77.259256,
            28.58548
          ]
        ]
      },
      "properties": {
        "id": 1203022338,
        "name": "Delhi\u2013Meerut RRTS",
        "color": "#00e5ff",
        "total_points": 9,
        "opening_year": 2015
      }
    },
    {
      "type": "Feature",
      "geometry": {
        "type": "LineString",
        "coordinates": [
          [
            77.259308,
            28.585492
          ],
          [
            77.259587,
            28.584676
          ],
          [
            77.259715,
            28.584322
          ],
          [
            77.259844,
            28.584071
          ],
          [
            77.260173,
            28.583597
          ],
          [
            77.2606,
            28.583232
          ],
          [
            77.261094,
            28.582915
          ],
          [
            77.261637,
            28.582713
          ]
        ]
      },
      "properties": {
        "id": 1203022339,
        "name": "Delhi\u2013Meerut RRTS",
        "color": "#00e5ff",
        "total_points": 8,
        "opening_year": 2015
      }
    },
    {
      "type": "Feature",
      "geometry": {
        "type": "LineString",
        "coordinates": [
          [
            77.060938,
            28.555085
          ],
          [
            77.061417,
            28.555672
          ],
          [
            77.063029,
            28.557646
          ],
          [
            77.064492,
            28.559559
          ]
        ]
      },
      "properties": {
        "id": 1212227771,
        "name": "Blue Line",
        "color": "#0070c0",
        "total_points": 4,
        "opening_year": 2010
      }
    },
    {
      "type": "Feature",
      "geometry": {
        "type": "LineString",
        "coordinates": [
          [
            77.470958,
            28.726402
          ],
          [
            77.470884,
            28.726321
          ],
          [
            77.469286,
            28.72457
          ],
          [
            77.467256,
            28.722327
          ],
          [
            77.458231,
            28.712563
          ],
          [
            77.453587,
            28.707673
          ],
          [
            77.449868,
            28.703833
          ],
          [
            77.447342,
            28.701228
          ],
          [
            77.446385,
            28.700185
          ],
          [
            77.445768,
            28.699531
          ],
          [
            77.444966,
            28.698681
          ],
          [
            77.444191,
            28.697863
          ],
          [
            77.443774,
            28.697428
          ],
          [
            77.441927,
            28.695656
          ],
          [
            77.440403,
            28.694226
          ],
          [
            77.438795,
            28.692823
          ],
          [
            77.437464,
            28.691599
          ],
          [
            77.429243,
            28.68438
          ],
          [
            77.426217,
            28.681707
          ],
          [
            77.422709,
            28.678785
          ],
          [
            77.422146,
            28.678357
          ],
          [
            77.41979,
            28.676754
          ],
          [
            77.416112,
            28.674223
          ],
          [
            77.415774,
            28.673981
          ],
          [
            77.415332,
            28.673672
          ],
          [
            77.414774,
            28.673278
          ],
          [
            77.413745,
            28.672537
          ],
          [
            77.412649,
            28.671748
          ],
          [
            77.411471,
            28.670926
          ],
          [
            77.410807,
            28.670446
          ],
          [
            77.41052,
            28.670231
          ],
          [
            77.410222,
            28.66997
          ],
          [
            77.409855,
            28.669583
          ],
          [
            77.409633,
            28.669321
          ],
          [
            77.40926,
            28.668725
          ],
          [
            77.40877,
            28.66785
          ],
          [
            77.408447,
            28.667277
          ]
        ]
      },
      "properties": {
        "id": 1217270561,
        "name": "Delhi\u2013Meerut RRTS",
        "color": "#00e5ff",
        "total_points": 37,
        "opening_year": 2015
      }
    },
    {
      "type": "Feature",
      "geometry": {
        "type": "LineString",
        "coordinates": [
          [
            77.408406,
            28.667297
          ],
          [
            77.408729,
            28.667868
          ],
          [
            77.409219,
            28.668744
          ],
          [
            77.409594,
            28.669343
          ],
          [
            77.409819,
            28.669608
          ],
          [
            77.410189,
            28.669998
          ],
          [
            77.41049,
            28.670262
          ],
          [
            77.410786,
            28.67048
          ],
          [
            77.411442,
            28.670957
          ],
          [
            77.412071,
            28.671402
          ],
          [
            77.41372,
            28.672575
          ],
          [
            77.41476,
            28.673319
          ],
          [
            77.415744,
            28.674012
          ],
          [
            77.41666,
            28.674663
          ],
          [
            77.419762,
            28.676786
          ],
          [
            77.422116,
            28.678388
          ],
          [
            77.422678,
            28.678815
          ],
          [
            77.426185,
            28.681736
          ],
          [
            77.42921,
            28.684409
          ],
          [
            77.437431,
            28.691628
          ],
          [
            77.438762,
            28.692851
          ],
          [
            77.44037,
            28.694255
          ],
          [
            77.441893,
            28.695683
          ],
          [
            77.443739,
            28.697455
          ],
          [
            77.444155,
            28.697889
          ],
          [
            77.44493,
            28.698707
          ],
          [
            77.445733,
            28.699558
          ],
          [
            77.446349,
            28.700211
          ],
          [
            77.447307,
            28.701254
          ],
          [
            77.449832,
            28.70386
          ],
          [
            77.453551,
            28.707699
          ],
          [
            77.458195,
            28.712589
          ],
          [
            77.46722,
            28.722352
          ],
          [
            77.469698,
            28.725091
          ],
          [
            77.469877,
            28.725285
          ]
        ]
      },
      "properties": {
        "id": 1217270562,
        "name": "Delhi\u2013Meerut RRTS",
        "color": "#00e5ff",
        "total_points": 35,
        "opening_year": 2015
      }
    },
    {
      "type": "Feature",
      "geometry": {
        "type": "LineString",
        "coordinates": [
          [
            77.341395,
            28.652109
          ],
          [
            77.343564,
            28.653433
          ],
          [
            77.346048,
            28.655025
          ],
          [
            77.349327,
            28.657011
          ],
          [
            77.353236,
            28.659257
          ],
          [
            77.354926,
            28.660208
          ],
          [
            77.360467,
            28.663346
          ],
          [
            77.362497,
            28.664501
          ],
          [
            77.364297,
            28.665555
          ]
        ]
      },
      "properties": {
        "id": 1217270566,
        "name": "Delhi\u2013Meerut RRTS",
        "color": "#00e5ff",
        "total_points": 9,
        "opening_year": 2015
      }
    },
    {
      "type": "Feature",
      "geometry": {
        "type": "LineString",
        "coordinates": [
          [
            77.364323,
            28.665522
          ],
          [
            77.362523,
            28.664467
          ],
          [
            77.360492,
            28.663312
          ],
          [
            77.354951,
            28.660174
          ],
          [
            77.353262,
            28.659223
          ],
          [
            77.349353,
            28.656978
          ],
          [
            77.346075,
            28.654992
          ],
          [
            77.343591,
            28.6534
          ],
          [
            77.341417,
            28.652072
          ]
        ]
      },
      "properties": {
        "id": 1217270567,
        "name": "Delhi\u2013Meerut RRTS",
        "color": "#00e5ff",
        "total_points": 9,
        "opening_year": 2015
      }
    },
    {
      "type": "Feature",
      "geometry": {
        "type": "LineString",
        "coordinates": [
          [
            77.47227,
            28.72791
          ],
          [
            77.472454,
            28.72811
          ],
          [
            77.473249,
            28.728962
          ],
          [
            77.474188,
            28.729972
          ]
        ]
      },
      "properties": {
        "id": 1217371518,
        "name": "Delhi\u2013Meerut RRTS",
        "color": "#00e5ff",
        "total_points": 4,
        "opening_year": 2015
      }
    },
    {
      "type": "Feature",
      "geometry": {
        "type": "LineString",
        "coordinates": [
          [
            77.368172,
            28.667673
          ],
          [
            77.369076,
            28.668131
          ],
          [
            77.36924,
            28.668208
          ],
          [
            77.371569,
            28.669329
          ],
          [
            77.373873,
            28.670529
          ],
          [
            77.375165,
            28.671177
          ],
          [
            77.375981,
            28.671509
          ],
          [
            77.376168,
            28.67157
          ],
          [
            77.376357,
            28.671624
          ],
          [
            77.376548,
            28.671672
          ],
          [
            77.376741,
            28.671714
          ],
          [
            77.376949,
            28.671753
          ],
          [
            77.377158,
            28.671784
          ],
          [
            77.377368,
            28.671808
          ],
          [
            77.377579,
            28.671826
          ],
          [
            77.377791,
            28.671836
          ],
          [
            77.378004,
            28.671839
          ],
          [
            77.378372,
            28.671818
          ],
          [
            77.378819,
            28.671766
          ],
          [
            77.379216,
            28.67169
          ],
          [
            77.381147,
            28.67121
          ],
          [
            77.384681,
            28.670276
          ],
          [
            77.389253,
            28.669031
          ],
          [
            77.392062,
            28.668307
          ]
        ]
      },
      "properties": {
        "id": 1217371521,
        "name": "Delhi\u2013Meerut RRTS",
        "color": "#00e5ff",
        "total_points": 24,
        "opening_year": 2015
      }
    },
    {
      "type": "Feature",
      "geometry": {
        "type": "LineString",
        "coordinates": [
          [
            77.392049,
            28.668268
          ],
          [
            77.38924,
            28.668992
          ],
          [
            77.384668,
            28.670237
          ],
          [
            77.381134,
            28.671171
          ],
          [
            77.379205,
            28.67165
          ],
          [
            77.378811,
            28.671726
          ],
          [
            77.378367,
            28.671778
          ],
          [
            77.378003,
            28.671798
          ],
          [
            77.377793,
            28.671795
          ],
          [
            77.377583,
            28.671785
          ],
          [
            77.377373,
            28.671768
          ],
          [
            77.377165,
            28.671744
          ],
          [
            77.376957,
            28.671713
          ],
          [
            77.376751,
            28.671675
          ],
          [
            77.37656,
            28.671633
          ],
          [
            77.376371,
            28.671585
          ],
          [
            77.376183,
            28.671532
          ],
          [
            77.375998,
            28.671472
          ],
          [
            77.375187,
            28.671141
          ],
          [
            77.373896,
            28.670494
          ],
          [
            77.371591,
            28.669294
          ],
          [
            77.36995,
            28.668506
          ],
          [
            77.3691,
            28.668094
          ],
          [
            77.368197,
            28.667635
          ]
        ]
      },
      "properties": {
        "id": 1217371522,
        "name": "Delhi\u2013Meerut RRTS",
        "color": "#00e5ff",
        "total_points": 24,
        "opening_year": 2015
      }
    },
    {
      "type": "Feature",
      "geometry": {
        "type": "LineString",
        "coordinates": [
          [
            77.473488,
            28.736323
          ],
          [
            77.473277,
            28.736523
          ],
          [
            77.47305,
            28.736741
          ],
          [
            77.472809,
            28.737016
          ],
          [
            77.47262,
            28.737262
          ],
          [
            77.471966,
            28.738167
          ],
          [
            77.471748,
            28.73845
          ],
          [
            77.471635,
            28.738574
          ],
          [
            77.471426,
            28.738773
          ],
          [
            77.471287,
            28.738902
          ],
          [
            77.470883,
            28.739191
          ],
          [
            77.470399,
            28.73954
          ],
          [
            77.470176,
            28.73972
          ],
          [
            77.469578,
            28.740304
          ]
        ]
      },
      "properties": {
        "id": 1217371524,
        "name": "Delhi\u2013Meerut RRTS",
        "color": "#00e5ff",
        "total_points": 14,
        "opening_year": 2015
      }
    },
    {
      "type": "Feature",
      "geometry": {
        "type": "LineString",
        "coordinates": [
          [
            77.473523,
            28.736356
          ],
          [
            77.473314,
            28.736554
          ],
          [
            77.473089,
            28.73677
          ],
          [
            77.472851,
            28.737042
          ],
          [
            77.472663,
            28.737286
          ],
          [
            77.472009,
            28.738192
          ],
          [
            77.471789,
            28.738476
          ],
          [
            77.471674,
            28.738604
          ],
          [
            77.471462,
            28.738805
          ],
          [
            77.471318,
            28.738928
          ],
          [
            77.470893,
            28.739234
          ],
          [
            77.470433,
            28.739573
          ],
          [
            77.470213,
            28.739751
          ],
          [
            77.469608,
            28.74033
          ]
        ]
      },
      "properties": {
        "id": 1217371525,
        "name": "Delhi\u2013Meerut RRTS",
        "color": "#00e5ff",
        "total_points": 14,
        "opening_year": 2015
      }
    },
    {
      "type": "Feature",
      "geometry": {
        "type": "LineString",
        "coordinates": [
          [
            77.474188,
            28.729972
          ],
          [
            77.474548,
            28.730373
          ]
        ]
      },
      "properties": {
        "id": 1217371533,
        "name": "Delhi\u2013Meerut RRTS",
        "color": "#00e5ff",
        "total_points": 2,
        "opening_year": 2015
      }
    },
    {
      "type": "Feature",
      "geometry": {
        "type": "LineString",
        "coordinates": [
          [
            77.408447,
            28.667277
          ],
          [
            77.408235,
            28.666968
          ],
          [
            77.408001,
            28.666675
          ],
          [
            77.407702,
            28.666357
          ],
          [
            77.407447,
            28.66613
          ],
          [
            77.407214,
            28.66595
          ],
          [
            77.406839,
            28.66568
          ],
          [
            77.406374,
            28.665424
          ],
          [
            77.406134,
            28.665321
          ],
          [
            77.405657,
            28.665156
          ],
          [
            77.405318,
            28.665048
          ],
          [
            77.404851,
            28.664951
          ],
          [
            77.404348,
            28.664898
          ],
          [
            77.404036,
            28.664891
          ],
          [
            77.403624,
            28.664893
          ],
          [
            77.403027,
            28.664953
          ],
          [
            77.402653,
            28.665024
          ],
          [
            77.401769,
            28.665284
          ],
          [
            77.400701,
            28.665678
          ],
          [
            77.399476,
            28.666154
          ],
          [
            77.398651,
            28.666452
          ],
          [
            77.397559,
            28.66681
          ],
          [
            77.392049,
            28.668268
          ]
        ]
      },
      "properties": {
        "id": 1217371535,
        "name": "Delhi\u2013Meerut RRTS",
        "color": "#00e5ff",
        "total_points": 23,
        "opening_year": 2015
      }
    },
    {
      "type": "Feature",
      "geometry": {
        "type": "LineString",
        "coordinates": [
          [
            77.392062,
            28.668307
          ],
          [
            77.397573,
            28.666848
          ],
          [
            77.398668,
            28.66649
          ],
          [
            77.399494,
            28.666192
          ],
          [
            77.40072,
            28.665716
          ],
          [
            77.401785,
            28.665322
          ],
          [
            77.402665,
            28.665063
          ],
          [
            77.403034,
            28.664993
          ],
          [
            77.403627,
            28.664933
          ],
          [
            77.404035,
            28.664932
          ],
          [
            77.404345,
            28.664938
          ],
          [
            77.404843,
            28.664991
          ],
          [
            77.405304,
            28.665087
          ],
          [
            77.405641,
            28.665194
          ],
          [
            77.406115,
            28.665358
          ],
          [
            77.406352,
            28.665459
          ],
          [
            77.406812,
            28.665713
          ],
          [
            77.407184,
            28.665981
          ],
          [
            77.407415,
            28.666159
          ],
          [
            77.407668,
            28.666384
          ],
          [
            77.407964,
            28.666699
          ],
          [
            77.408196,
            28.66699
          ],
          [
            77.408406,
            28.667297
          ]
        ]
      },
      "properties": {
        "id": 1217371536,
        "name": "Delhi\u2013Meerut RRTS",
        "color": "#00e5ff",
        "total_points": 23,
        "opening_year": 2015
      }
    },
    {
      "type": "Feature",
      "geometry": {
        "type": "LineString",
        "coordinates": [
          [
            77.467692,
            28.742287
          ],
          [
            77.467472,
            28.742538
          ],
          [
            77.467335,
            28.742705
          ]
        ]
      },
      "properties": {
        "id": 1218776144,
        "name": "Delhi\u2013Meerut RRTS",
        "color": "#00e5ff",
        "total_points": 3,
        "opening_year": 2015
      }
    },
    {
      "type": "Feature",
      "geometry": {
        "type": "LineString",
        "coordinates": [
          [
            77.467635,
            28.74225
          ],
          [
            77.467427,
            28.742494
          ],
          [
            77.467275,
            28.742663
          ]
        ]
      },
      "properties": {
        "id": 1218776145,
        "name": "Delhi\u2013Meerut RRTS",
        "color": "#00e5ff",
        "total_points": 3,
        "opening_year": 2015
      }
    },
    {
      "type": "Feature",
      "geometry": {
        "type": "LineString",
        "coordinates": [
          [
            76.985934,
            28.612437
          ],
          [
            76.978545,
            28.611936
          ]
        ]
      },
      "properties": {
        "id": 1219840307,
        "name": "Delhi Metro Grey Line",
        "color": "#808080",
        "total_points": 2,
        "opening_year": 2019
      }
    },
    {
      "type": "Feature",
      "geometry": {
        "type": "LineString",
        "coordinates": [
          [
            76.985937,
            28.612383
          ],
          [
            76.97861,
            28.611887
          ],
          [
            76.97855,
            28.611883
          ]
        ]
      },
      "properties": {
        "id": 1219840308,
        "name": "Delhi Metro Grey Line",
        "color": "#808080",
        "total_points": 3,
        "opening_year": 2019
      }
    },
    {
      "type": "Feature",
      "geometry": {
        "type": "LineString",
        "coordinates": [
          [
            77.218966,
            28.633149
          ],
          [
            77.220514,
            28.632311
          ],
          [
            77.220747,
            28.632181
          ]
        ]
      },
      "properties": {
        "id": 1247668343,
        "name": "Delhi Metro Line",
        "color": "#00e5ff",
        "total_points": 3,
        "opening_year": 2015
      }
    },
    {
      "type": "Feature",
      "geometry": {
        "type": "LineString",
        "coordinates": [
          [
            77.104717,
            28.722768
          ],
          [
            77.105334,
            28.722388
          ]
        ]
      },
      "properties": {
        "id": 1259121788,
        "name": "Delhi Metro Red Line",
        "color": "#e61919",
        "total_points": 2,
        "opening_year": 2008
      }
    },
    {
      "type": "Feature",
      "geometry": {
        "type": "LineString",
        "coordinates": [
          [
            77.368197,
            28.667635
          ],
          [
            77.367196,
            28.667135
          ],
          [
            77.366141,
            28.666585
          ],
          [
            77.364323,
            28.665522
          ]
        ]
      },
      "properties": {
        "id": 1261797461,
        "name": "Delhi\u2013Meerut RRTS",
        "color": "#00e5ff",
        "total_points": 4,
        "opening_year": 2015
      }
    },
    {
      "type": "Feature",
      "geometry": {
        "type": "LineString",
        "coordinates": [
          [
            77.364297,
            28.665555
          ],
          [
            77.366116,
            28.666619
          ],
          [
            77.36717,
            28.667175
          ],
          [
            77.368172,
            28.667673
          ]
        ]
      },
      "properties": {
        "id": 1261797462,
        "name": "Delhi\u2013Meerut RRTS",
        "color": "#00e5ff",
        "total_points": 4,
        "opening_year": 2015
      }
    },
    {
      "type": "Feature",
      "geometry": {
        "type": "LineString",
        "coordinates": [
          [
            77.178533,
            28.574287
          ],
          [
            77.17883,
            28.573802
          ],
          [
            77.179149,
            28.573352
          ],
          [
            77.179395,
            28.57304
          ],
          [
            77.179633,
            28.572757
          ],
          [
            77.180091,
            28.572307
          ],
          [
            77.18042,
            28.572021
          ],
          [
            77.180785,
            28.571742
          ],
          [
            77.181015,
            28.571584
          ],
          [
            77.181261,
            28.571421
          ],
          [
            77.181608,
            28.571217
          ]
        ]
      },
      "properties": {
        "id": 1284144251,
        "name": "Delhi Metro Pink Line",
        "color": "#ff66cc",
        "total_points": 11,
        "opening_year": 2018
      }
    },
    {
      "type": "Feature",
      "geometry": {
        "type": "LineString",
        "coordinates": [
          [
            77.178494,
            28.574274
          ],
          [
            77.178783,
            28.573786
          ],
          [
            77.179093,
            28.573332
          ],
          [
            77.179338,
            28.573023
          ],
          [
            77.179591,
            28.572733
          ],
          [
            77.18005,
            28.572278
          ],
          [
            77.180377,
            28.571991
          ],
          [
            77.18075,
            28.571708
          ],
          [
            77.180981,
            28.571543
          ],
          [
            77.181231,
            28.571376
          ],
          [
            77.181576,
            28.57117
          ]
        ]
      },
      "properties": {
        "id": 1284144252,
        "name": "Delhi Metro Pink Line",
        "color": "#ff66cc",
        "total_points": 11,
        "opening_year": 2018
      }
    },
    {
      "type": "Feature",
      "geometry": {
        "type": "LineString",
        "coordinates": [
          [
            77.280034,
            28.672106
          ],
          [
            77.277862,
            28.671721
          ],
          [
            77.276047,
            28.671403
          ],
          [
            77.274657,
            28.671158
          ],
          [
            77.270189,
            28.670356
          ]
        ]
      },
      "properties": {
        "id": 1287276606,
        "name": "Delhi Metro Red Line",
        "color": "#e61919",
        "total_points": 5,
        "opening_year": 2008
      }
    },
    {
      "type": "Feature",
      "geometry": {
        "type": "LineString",
        "coordinates": [
          [
            77.270189,
            28.670356
          ],
          [
            77.269636,
            28.670264
          ]
        ]
      },
      "properties": {
        "id": 1287276607,
        "name": "Delhi Metro Red Line",
        "color": "#e61919",
        "total_points": 2,
        "opening_year": 2008
      }
    },
    {
      "type": "Feature",
      "geometry": {
        "type": "LineString",
        "coordinates": [
          [
            77.270176,
            28.670415
          ],
          [
            77.274645,
            28.671205
          ],
          [
            77.276023,
            28.671522
          ],
          [
            77.277815,
            28.671862
          ],
          [
            77.280014,
            28.672188
          ]
        ]
      },
      "properties": {
        "id": 1287276608,
        "name": "Delhi Metro Red Line",
        "color": "#e61919",
        "total_points": 5,
        "opening_year": 2008
      }
    },
    {
      "type": "Feature",
      "geometry": {
        "type": "LineString",
        "coordinates": [
          [
            77.26962,
            28.670316
          ],
          [
            77.270176,
            28.670415
          ]
        ]
      },
      "properties": {
        "id": 1287276609,
        "name": "Delhi Metro Red Line",
        "color": "#e61919",
        "total_points": 2,
        "opening_year": 2008
      }
    },
    {
      "type": "Feature",
      "geometry": {
        "type": "LineString",
        "coordinates": [
          [
            77.265752,
            28.669739
          ],
          [
            77.266763,
            28.669917
          ],
          [
            77.267991,
            28.67013
          ],
          [
            77.26962,
            28.670316
          ]
        ]
      },
      "properties": {
        "id": 1287276610,
        "name": "Delhi Metro Red Line",
        "color": "#e61919",
        "total_points": 4,
        "opening_year": 2008
      }
    },
    {
      "type": "Feature",
      "geometry": {
        "type": "LineString",
        "coordinates": [
          [
            77.265641,
            28.669719
          ],
          [
            77.265752,
            28.669739
          ]
        ]
      },
      "properties": {
        "id": 1287276611,
        "name": "Delhi Metro Red Line",
        "color": "#e61919",
        "total_points": 2,
        "opening_year": 2008
      }
    },
    {
      "type": "Feature",
      "geometry": {
        "type": "LineString",
        "coordinates": [
          [
            77.269636,
            28.670264
          ],
          [
            77.267989,
            28.67
          ],
          [
            77.267808,
            28.669962
          ],
          [
            77.266822,
            28.669786
          ],
          [
            77.265793,
            28.669615
          ],
          [
            77.265782,
            28.669612
          ]
        ]
      },
      "properties": {
        "id": 1287276612,
        "name": "Delhi Metro Red Line",
        "color": "#e61919",
        "total_points": 6,
        "opening_year": 2008
      }
    },
    {
      "type": "Feature",
      "geometry": {
        "type": "LineString",
        "coordinates": [
          [
            77.265782,
            28.669612
          ],
          [
            77.265672,
            28.669588
          ]
        ]
      },
      "properties": {
        "id": 1287276613,
        "name": "Delhi Metro Red Line",
        "color": "#e61919",
        "total_points": 2,
        "opening_year": 2008
      }
    },
    {
      "type": "Feature",
      "geometry": {
        "type": "LineString",
        "coordinates": [
          [
            77.25481,
            28.705049
          ],
          [
            77.255859,
            28.704787
          ],
          [
            77.25712,
            28.70451
          ],
          [
            77.258376,
            28.704132
          ],
          [
            77.258867,
            28.704003
          ],
          [
            77.260488,
            28.70371
          ],
          [
            77.262647,
            28.703577
          ],
          [
            77.263124,
            28.703547
          ],
          [
            77.265874,
            28.703329
          ],
          [
            77.268647,
            28.703094
          ],
          [
            77.270781,
            28.702908
          ],
          [
            77.275912,
            28.702485
          ],
          [
            77.277305,
            28.702358
          ],
          [
            77.278633,
            28.702236
          ],
          [
            77.280287,
            28.702232
          ],
          [
            77.280976,
            28.702216
          ],
          [
            77.281312,
            28.70228
          ],
          [
            77.281773,
            28.70233
          ],
          [
            77.282027,
            28.702333
          ],
          [
            77.282303,
            28.702326
          ],
          [
            77.282602,
            28.702289
          ],
          [
            77.283197,
            28.702113
          ],
          [
            77.283512,
            28.701955
          ],
          [
            77.283851,
            28.701642
          ],
          [
            77.284019,
            28.701345
          ],
          [
            77.284123,
            28.700857
          ],
          [
            77.284119,
            28.700414
          ],
          [
            77.284036,
            28.70006
          ],
          [
            77.283852,
            28.699691
          ],
          [
            77.283459,
            28.699157
          ],
          [
            77.283022,
            28.698823
          ],
          [
            77.282582,
            28.698263
          ],
          [
            77.28128,
            28.695764
          ]
        ]
      },
      "properties": {
        "id": 1339456774,
        "name": "Yamuna Vihar to Mukundpur (Phase-4)",
        "color": "#00e5ff",
        "total_points": 33,
        "opening_year": 2015
      }
    },
    {
      "type": "Feature",
      "geometry": {
        "type": "LineString",
        "coordinates": [
          [
            77.181745,
            28.725995
          ],
          [
            77.181909,
            28.727061
          ],
          [
            77.181941,
            28.728656
          ],
          [
            77.18203,
            28.729694
          ],
          [
            77.182075,
            28.729826
          ],
          [
            77.182131,
            28.729956
          ],
          [
            77.182196,
            28.730082
          ],
          [
            77.182271,
            28.730204
          ],
          [
            77.182354,
            28.730322
          ],
          [
            77.182447,
            28.730434
          ],
          [
            77.182547,
            28.730541
          ],
          [
            77.182656,
            28.730642
          ],
          [
            77.182771,
            28.730735
          ],
          [
            77.182892,
            28.730821
          ],
          [
            77.18302,
            28.7309
          ],
          [
            77.183153,
            28.730972
          ],
          [
            77.183292,
            28.731036
          ],
          [
            77.183435,
            28.731091
          ],
          [
            77.183581,
            28.731139
          ],
          [
            77.183731,
            28.731178
          ],
          [
            77.183884,
            28.731208
          ],
          [
            77.184038,
            28.731229
          ],
          [
            77.184731,
            28.731244
          ]
        ]
      },
      "properties": {
        "id": 1339456776,
        "name": "Delhi Metro Line",
        "color": "#00e5ff",
        "total_points": 23,
        "opening_year": 2015
      }
    },
    {
      "type": "Feature",
      "geometry": {
        "type": "LineString",
        "coordinates": [
          [
            77.084381,
            28.647778
          ],
          [
            77.08387,
            28.646237
          ],
          [
            77.083015,
            28.643551
          ],
          [
            77.081476,
            28.639278
          ],
          [
            77.081005,
            28.637969
          ],
          [
            77.08072,
            28.637229
          ],
          [
            77.080479,
            28.636831
          ],
          [
            77.080019,
            28.636295
          ],
          [
            77.079444,
            28.635672
          ],
          [
            77.07899,
            28.635009
          ],
          [
            77.077779,
            28.633534
          ],
          [
            77.077439,
            28.632836
          ],
          [
            77.077353,
            28.631885
          ],
          [
            77.077535,
            28.630543
          ],
          [
            77.077866,
            28.629187
          ]
        ]
      },
      "properties": {
        "id": 1339456792,
        "name": "R K Ashram Marg to Krishna Park Extension (Phase-4)",
        "color": "#00e5ff",
        "total_points": 15,
        "opening_year": 2015
      }
    },
    {
      "type": "Feature",
      "geometry": {
        "type": "LineString",
        "coordinates": [
          [
            77.077814,
            28.629169
          ],
          [
            77.077396,
            28.63052
          ],
          [
            77.077192,
            28.631862
          ],
          [
            77.077278,
            28.63286
          ],
          [
            77.077709,
            28.633561
          ],
          [
            77.078883,
            28.635057
          ],
          [
            77.07937,
            28.635713
          ],
          [
            77.079936,
            28.636343
          ],
          [
            77.08041,
            28.636866
          ],
          [
            77.080675,
            28.63724
          ],
          [
            77.080962,
            28.637982
          ],
          [
            77.081432,
            28.639289
          ],
          [
            77.082971,
            28.643562
          ],
          [
            77.083825,
            28.646248
          ],
          [
            77.08431,
            28.647802
          ]
        ]
      },
      "properties": {
        "id": 1339456793,
        "name": "R K Ashram Marg to Krishna Park Extension (Phase-4)",
        "color": "#00e5ff",
        "total_points": 15,
        "opening_year": 2015
      }
    },
    {
      "type": "Feature",
      "geometry": {
        "type": "LineString",
        "coordinates": [
          [
            77.181638,
            28.724614
          ],
          [
            77.181688,
            28.725186
          ],
          [
            77.181699,
            28.725996
          ],
          [
            77.181844,
            28.72909
          ],
          [
            77.181947,
            28.730239
          ],
          [
            77.181939,
            28.730388
          ],
          [
            77.181921,
            28.730537
          ],
          [
            77.181894,
            28.730685
          ],
          [
            77.181858,
            28.730831
          ],
          [
            77.181812,
            28.730975
          ],
          [
            77.181758,
            28.731117
          ],
          [
            77.181694,
            28.731256
          ],
          [
            77.181622,
            28.731392
          ],
          [
            77.181541,
            28.731524
          ],
          [
            77.181453,
            28.731652
          ],
          [
            77.181357,
            28.731773
          ],
          [
            77.181254,
            28.73189
          ],
          [
            77.181145,
            28.732002
          ],
          [
            77.181028,
            28.732109
          ],
          [
            77.180905,
            28.73221
          ],
          [
            77.180776,
            28.732304
          ],
          [
            77.180641,
            28.732393
          ],
          [
            77.180501,
            28.732474
          ],
          [
            77.180356,
            28.732549
          ],
          [
            77.180206,
            28.732617
          ],
          [
            77.179784,
            28.732794
          ],
          [
            77.177066,
            28.73395
          ],
          [
            77.176308,
            28.734221
          ],
          [
            77.172824,
            28.735536
          ],
          [
            77.17247,
            28.735659
          ],
          [
            77.171822,
            28.73588
          ],
          [
            77.170425,
            28.736313
          ],
          [
            77.1698,
            28.736475
          ],
          [
            77.168066,
            28.736899
          ],
          [
            77.166717,
            28.737228
          ],
          [
            77.166537,
            28.737266
          ],
          [
            77.166354,
            28.737297
          ],
          [
            77.166171,
            28.73732
          ],
          [
            77.165986,
            28.737335
          ],
          [
            77.165796,
            28.737343
          ],
          [
            77.165604,
            28.737343
          ],
          [
            77.162377,
            28.737322
          ],
          [
            77.162179,
            28.737313
          ],
          [
            77.161981,
            28.737297
          ],
          [
            77.161784,
            28.737274
          ],
          [
            77.161589,
            28.737243
          ],
          [
            77.161391,
            28.737205
          ],
          [
            77.161195,
            28.73716
          ],
          [
            77.161002,
            28.737107
          ],
          [
            77.160811,
            28.737047
          ],
          [
            77.160624,
            28.736981
          ],
          [
            77.16044,
            28.736908
          ],
          [
            77.159594,
            28.736464
          ],
          [
            77.1573,
            28.735349
          ],
          [
            77.155951,
            28.734586
          ],
          [
            77.153503,
            28.733082
          ],
          [
            77.152194,
            28.73228
          ],
          [
            77.15194,
            28.732097
          ],
          [
            77.151569,
            28.731732
          ],
          [
            77.150765,
            28.731034
          ],
          [
            77.15005,
            28.730496
          ],
          [
            77.148955,
            28.729796
          ],
          [
            77.148188,
            28.729305
          ],
          [
            77.147887,
            28.729146
          ],
          [
            77.147468,
            28.72897
          ],
          [
            77.146501,
            28.728519
          ],
          [
            77.145795,
            28.728063
          ],
          [
            77.144897,
            28.727367
          ],
          [
            77.144497,
            28.727029
          ],
          [
            77.144137,
            28.726716
          ],
          [
            77.143516,
            28.726146
          ],
          [
            77.143118,
            28.725686
          ],
          [
            77.14276,
            28.725297
          ],
          [
            77.142454,
            28.724867
          ],
          [
            77.142152,
            28.724444
          ],
          [
            77.141772,
            28.723833
          ],
          [
            77.141438,
            28.723158
          ],
          [
            77.140939,
            28.721945
          ],
          [
            77.140715,
            28.721249
          ],
          [
            77.140566,
            28.720688
          ],
          [
            77.140422,
            28.719884
          ],
          [
            77.140164,
            28.718765
          ],
          [
            77.139362,
            28.715046
          ],
          [
            77.139108,
            28.714156
          ],
          [
            77.138816,
            28.713352
          ],
          [
            77.138694,
            28.713075
          ],
          [
            77.13845,
            28.712519
          ],
          [
            77.138054,
            28.711804
          ],
          [
            77.137603,
            28.711146
          ],
          [
            77.137324,
            28.710794
          ],
          [
            77.136997,
            28.710408
          ],
          [
            77.136479,
            28.709873
          ],
          [
            77.136192,
            28.709562
          ],
          [
            77.135558,
            28.708814
          ],
          [
            77.135258,
            28.708495
          ],
          [
            77.134912,
            28.708192
          ],
          [
            77.134184,
            28.707611
          ],
          [
            77.133742,
            28.70723
          ],
          [
            77.132854,
            28.706306
          ],
          [
            77.132253,
            28.705663
          ],
          [
            77.131601,
            28.704905
          ],
          [
            77.1311,
            28.704391
          ],
          [
            77.130394,
            28.703786
          ],
          [
            77.130088,
            28.703553
          ],
          [
            77.128778,
            28.702553
          ],
          [
            77.127858,
            28.70191
          ],
          [
            77.127474,
            28.701691
          ],
          [
            77.125454,
            28.700541
          ],
          [
            77.124567,
            28.700108
          ],
          [
            77.123081,
            28.699563
          ],
          [
            77.121277,
            28.69894
          ],
          [
            77.119324,
            28.698381
          ]
        ]
      },
      "properties": {
        "id": 1339456794,
        "name": "R K Ashram Marg to Krishna Park Extension (Phase-4)",
        "color": "#00e5ff",
        "total_points": 112,
        "opening_year": 2015
      }
    },
    {
      "type": "Feature",
      "geometry": {
        "type": "LineString",
        "coordinates": [
          [
            77.058465,
            28.551986
          ],
          [
            77.056082,
            28.549169
          ]
        ]
      },
      "properties": {
        "id": 1348957030,
        "name": "Blue Line",
        "color": "#0070c0",
        "total_points": 2,
        "opening_year": 2010
      }
    },
    {
      "type": "Feature",
      "geometry": {
        "type": "LineString",
        "coordinates": [
          [
            77.056044,
            28.549194
          ],
          [
            77.058427,
            28.55201
          ]
        ]
      },
      "properties": {
        "id": 1348957031,
        "name": "Blue Line",
        "color": "#0070c0",
        "total_points": 2,
        "opening_year": 2010
      }
    },
    {
      "type": "Feature",
      "geometry": {
        "type": "LineString",
        "coordinates": [
          [
            77.045291,
            28.550807
          ],
          [
            77.044656,
            28.551234
          ],
          [
            77.04316,
            28.552198
          ],
          [
            77.04082,
            28.553776
          ]
        ]
      },
      "properties": {
        "id": 1348957032,
        "name": "Airport Express Line",
        "color": "#ff6600",
        "total_points": 4,
        "opening_year": 2023
      }
    },
    {
      "type": "Feature",
      "geometry": {
        "type": "LineString",
        "coordinates": [
          [
            77.040885,
            28.553853
          ],
          [
            77.043207,
            28.552247
          ],
          [
            77.044688,
            28.551291
          ],
          [
            77.045329,
            28.550852
          ]
        ]
      },
      "properties": {
        "id": 1348957033,
        "name": "Airport Express Line",
        "color": "#ff6600",
        "total_points": 4,
        "opening_year": 2023
      }
    },
    {
      "type": "Feature",
      "geometry": {
        "type": "LineString",
        "coordinates": [
          [
            77.302505,
            28.591273
          ],
          [
            77.301735,
            28.590384
          ]
        ]
      },
      "properties": {
        "id": 1348962295,
        "name": "Delhi\u2013Meerut RRTS",
        "color": "#00e5ff",
        "total_points": 2,
        "opening_year": 2015
      }
    },
    {
      "type": "Feature",
      "geometry": {
        "type": "LineString",
        "coordinates": [
          [
            77.301698,
            28.590408
          ],
          [
            77.302453,
            28.591303
          ]
        ]
      },
      "properties": {
        "id": 1348962296,
        "name": "Delhi\u2013Meerut RRTS",
        "color": "#00e5ff",
        "total_points": 2,
        "opening_year": 2015
      }
    },
    {
      "type": "Feature",
      "geometry": {
        "type": "LineString",
        "coordinates": [
          [
            77.319898,
            28.619581
          ],
          [
            77.320913,
            28.61732
          ],
          [
            77.321117,
            28.616668
          ],
          [
            77.321245,
            28.615848
          ],
          [
            77.321264,
            28.614888
          ],
          [
            77.321234,
            28.614137
          ],
          [
            77.320883,
            28.612969
          ],
          [
            77.320405,
            28.612146
          ],
          [
            77.319836,
            28.61135
          ],
          [
            77.305958,
            28.595231
          ],
          [
            77.303661,
            28.592611
          ],
          [
            77.303098,
            28.591966
          ]
        ]
      },
      "properties": {
        "id": 1348962297,
        "name": "Delhi\u2013Meerut RRTS",
        "color": "#00e5ff",
        "total_points": 12,
        "opening_year": 2015
      }
    },
    {
      "type": "Feature",
      "geometry": {
        "type": "LineString",
        "coordinates": [
          [
            77.303051,
            28.591997
          ],
          [
            77.303162,
            28.59212
          ],
          [
            77.305921,
            28.595256
          ],
          [
            77.319795,
            28.611369
          ],
          [
            77.320364,
            28.612164
          ],
          [
            77.32084,
            28.612984
          ],
          [
            77.321189,
            28.614143
          ],
          [
            77.321218,
            28.614888
          ],
          [
            77.321199,
            28.615845
          ],
          [
            77.321072,
            28.61666
          ],
          [
            77.320869,
            28.617307
          ],
          [
            77.319793,
            28.619537
          ]
        ]
      },
      "properties": {
        "id": 1348962298,
        "name": "Delhi\u2013Meerut RRTS",
        "color": "#00e5ff",
        "total_points": 12,
        "opening_year": 2015
      }
    },
    {
      "type": "Feature",
      "geometry": {
        "type": "LineString",
        "coordinates": [
          [
            77.138265,
            28.744616
          ],
          [
            77.137171,
            28.745786
          ],
          [
            77.136811,
            28.746176
          ],
          [
            77.136215,
            28.746817
          ],
          [
            77.135953,
            28.747121
          ],
          [
            77.1358,
            28.747321
          ],
          [
            77.135631,
            28.747571
          ],
          [
            77.135226,
            28.748271
          ],
          [
            77.135075,
            28.748525
          ],
          [
            77.134934,
            28.748715
          ],
          [
            77.134708,
            28.74896
          ],
          [
            77.133718,
            28.750003
          ],
          [
            77.133297,
            28.750471
          ],
          [
            77.132441,
            28.751364
          ]
        ]
      },
      "properties": {
        "id": 1460304696,
        "name": "Delhi Metro Yellow Line",
        "color": "#ffcc00",
        "total_points": 14,
        "opening_year": 2015
      }
    },
    {
      "type": "Feature",
      "geometry": {
        "type": "LineString",
        "coordinates": [
          [
            77.138299,
            28.744639
          ],
          [
            77.137208,
            28.745812
          ],
          [
            77.136847,
            28.746201
          ],
          [
            77.136254,
            28.746841
          ],
          [
            77.135988,
            28.747145
          ],
          [
            77.135842,
            28.747333
          ],
          [
            77.13566,
            28.747608
          ],
          [
            77.135269,
            28.748287
          ],
          [
            77.135114,
            28.748538
          ],
          [
            77.134964,
            28.748738
          ],
          [
            77.134749,
            28.748982
          ],
          [
            77.133337,
            28.750488
          ],
          [
            77.132471,
            28.751384
          ]
        ]
      },
      "properties": {
        "id": 1460304697,
        "name": "Delhi Metro Yellow Line",
        "color": "#ffcc00",
        "total_points": 13,
        "opening_year": 2015
      }
    },
    {
      "type": "Feature",
      "geometry": {
        "type": "LineString",
        "coordinates": [
          [
            77.258459,
            28.587932
          ],
          [
            77.258037,
            28.589187
          ]
        ]
      },
      "properties": {
        "id": 1465368137,
        "name": "Delhi\u2013Meerut RRTS",
        "color": "#00e5ff",
        "total_points": 2,
        "opening_year": 2015
      }
    },
    {
      "type": "Feature",
      "geometry": {
        "type": "LineString",
        "coordinates": [
          [
            77.258102,
            28.589201
          ],
          [
            77.258521,
            28.587948
          ]
        ]
      },
      "properties": {
        "id": 1465368138,
        "name": "Delhi\u2013Meerut RRTS",
        "color": "#00e5ff",
        "total_points": 2,
        "opening_year": 2015
      }
    },
    {
      "type": "Feature",
      "geometry": {
        "type": "LineString",
        "coordinates": [
          [
            77.258984,
            28.586316
          ],
          [
            77.258978,
            28.586336
          ],
          [
            77.258459,
            28.587932
          ]
        ]
      },
      "properties": {
        "id": 1465368146,
        "name": "Delhi\u2013Meerut RRTS",
        "color": "#00e5ff",
        "total_points": 3,
        "opening_year": 2015
      }
    },
    {
      "type": "Feature",
      "geometry": {
        "type": "LineString",
        "coordinates": [
          [
            77.258521,
            28.587948
          ],
          [
            77.259032,
            28.586352
          ],
          [
            77.259039,
            28.586331
          ]
        ]
      },
      "properties": {
        "id": 1465368147,
        "name": "Delhi\u2013Meerut RRTS",
        "color": "#00e5ff",
        "total_points": 3,
        "opening_year": 2015
      }
    },
    {
      "type": "Feature",
      "geometry": {
        "type": "LineString",
        "coordinates": [
          [
            77.259256,
            28.58548
          ],
          [
            77.259242,
            28.585525
          ],
          [
            77.258984,
            28.586316
          ]
        ]
      },
      "properties": {
        "id": 1465368148,
        "name": "Delhi\u2013Meerut RRTS",
        "color": "#00e5ff",
        "total_points": 3,
        "opening_year": 2015
      }
    },
    {
      "type": "Feature",
      "geometry": {
        "type": "LineString",
        "coordinates": [
          [
            77.259039,
            28.586331
          ],
          [
            77.259055,
            28.586279
          ],
          [
            77.259308,
            28.585492
          ]
        ]
      },
      "properties": {
        "id": 1465368149,
        "name": "Delhi\u2013Meerut RRTS",
        "color": "#00e5ff",
        "total_points": 3,
        "opening_year": 2015
      }
    },
    {
      "type": "Feature",
      "geometry": {
        "type": "LineString",
        "coordinates": [
          [
            77.301735,
            28.590384
          ],
          [
            77.30131,
            28.589879
          ],
          [
            77.301057,
            28.589543
          ]
        ]
      },
      "properties": {
        "id": 1465374997,
        "name": "Delhi\u2013Meerut RRTS",
        "color": "#00e5ff",
        "total_points": 3,
        "opening_year": 2015
      }
    },
    {
      "type": "Feature",
      "geometry": {
        "type": "LineString",
        "coordinates": [
          [
            77.301,
            28.589567
          ],
          [
            77.301269,
            28.589911
          ],
          [
            77.301698,
            28.590408
          ]
        ]
      },
      "properties": {
        "id": 1465374998,
        "name": "Delhi\u2013Meerut RRTS",
        "color": "#00e5ff",
        "total_points": 3,
        "opening_year": 2015
      }
    },
    {
      "type": "Feature",
      "geometry": {
        "type": "LineString",
        "coordinates": [
          [
            77.302453,
            28.591303
          ],
          [
            77.303051,
            28.591997
          ]
        ]
      },
      "properties": {
        "id": 1465375009,
        "name": "Delhi\u2013Meerut RRTS",
        "color": "#00e5ff",
        "total_points": 2,
        "opening_year": 2015
      }
    },
    {
      "type": "Feature",
      "geometry": {
        "type": "LineString",
        "coordinates": [
          [
            77.303098,
            28.591966
          ],
          [
            77.302505,
            28.591273
          ]
        ]
      },
      "properties": {
        "id": 1465375011,
        "name": "Delhi\u2013Meerut RRTS",
        "color": "#00e5ff",
        "total_points": 2,
        "opening_year": 2015
      }
    },
    {
      "type": "Feature",
      "geometry": {
        "type": "LineString",
        "coordinates": [
          [
            77.468197,
            28.741741
          ],
          [
            77.468042,
            28.741909
          ],
          [
            77.467909,
            28.742052
          ],
          [
            77.467692,
            28.742287
          ]
        ]
      },
      "properties": {
        "id": 1465389446,
        "name": "Delhi\u2013Meerut RRTS",
        "color": "#00e5ff",
        "total_points": 4,
        "opening_year": 2015
      }
    },
    {
      "type": "Feature",
      "geometry": {
        "type": "LineString",
        "coordinates": [
          [
            77.468143,
            28.741704
          ],
          [
            77.468071,
            28.74178
          ],
          [
            77.467857,
            28.742005
          ],
          [
            77.467635,
            28.74225
          ]
        ]
      },
      "properties": {
        "id": 1465389447,
        "name": "Delhi\u2013Meerut RRTS",
        "color": "#00e5ff",
        "total_points": 4,
        "opening_year": 2015
      }
    },
    {
      "type": "Feature",
      "geometry": {
        "type": "LineString",
        "coordinates": [
          [
            77.339861,
            28.651132
          ],
          [
            77.337953,
            28.65001
          ]
        ]
      },
      "properties": {
        "id": 1465614775,
        "name": "Delhi\u2013Meerut RRTS",
        "color": "#00e5ff",
        "total_points": 2,
        "opening_year": 2015
      }
    },
    {
      "type": "Feature",
      "geometry": {
        "type": "LineString",
        "coordinates": [
          [
            77.337927,
            28.650046
          ],
          [
            77.339834,
            28.651166
          ]
        ]
      },
      "properties": {
        "id": 1465614776,
        "name": "Delhi\u2013Meerut RRTS",
        "color": "#00e5ff",
        "total_points": 2,
        "opening_year": 2015
      }
    },
    {
      "type": "Feature",
      "geometry": {
        "type": "LineString",
        "coordinates": [
          [
            77.341417,
            28.652072
          ],
          [
            77.339861,
            28.651132
          ]
        ]
      },
      "properties": {
        "id": 1465614777,
        "name": "Delhi\u2013Meerut RRTS",
        "color": "#00e5ff",
        "total_points": 2,
        "opening_year": 2015
      }
    },
    {
      "type": "Feature",
      "geometry": {
        "type": "LineString",
        "coordinates": [
          [
            77.339834,
            28.651166
          ],
          [
            77.341395,
            28.652109
          ]
        ]
      },
      "properties": {
        "id": 1465614778,
        "name": "Delhi\u2013Meerut RRTS",
        "color": "#00e5ff",
        "total_points": 2,
        "opening_year": 2015
      }
    },
    {
      "type": "Feature",
      "geometry": {
        "type": "LineString",
        "coordinates": [
          [
            77.455152,
            28.468821
          ],
          [
            77.454506,
            28.46926
          ],
          [
            77.452969,
            28.470266
          ],
          [
            77.452694,
            28.470424
          ],
          [
            77.452396,
            28.470553
          ],
          [
            77.452046,
            28.470672
          ],
          [
            77.451269,
            28.470908
          ],
          [
            77.450881,
            28.471052
          ],
          [
            77.450513,
            28.471233
          ],
          [
            77.450204,
            28.471425
          ],
          [
            77.449969,
            28.471598
          ],
          [
            77.449724,
            28.47181
          ],
          [
            77.449491,
            28.472054
          ],
          [
            77.449249,
            28.472337
          ],
          [
            77.449017,
            28.472607
          ],
          [
            77.448809,
            28.472852
          ],
          [
            77.44852,
            28.473168
          ],
          [
            77.448274,
            28.473436
          ],
          [
            77.446617,
            28.475076
          ],
          [
            77.445821,
            28.475865
          ],
          [
            77.444913,
            28.47671
          ],
          [
            77.442977,
            28.478447
          ],
          [
            77.44238,
            28.478984
          ],
          [
            77.440673,
            28.480518
          ],
          [
            77.439884,
            28.481193
          ],
          [
            77.43925,
            28.481668
          ],
          [
            77.436934,
            28.483346
          ],
          [
            77.435181,
            28.484582
          ],
          [
            77.434216,
            28.485374
          ],
          [
            77.43389,
            28.485639
          ],
          [
            77.43359,
            28.485877
          ],
          [
            77.433048,
            28.486273
          ],
          [
            77.43171,
            28.487208
          ],
          [
            77.431451,
            28.487386
          ],
          [
            77.430303,
            28.488167
          ],
          [
            77.428131,
            28.489682
          ],
          [
            77.427274,
            28.490287
          ],
          [
            77.424215,
            28.492745
          ],
          [
            77.422352,
            28.494241
          ],
          [
            77.421575,
            28.494799
          ],
          [
            77.420654,
            28.495396
          ],
          [
            77.419724,
            28.495938
          ],
          [
            77.417687,
            28.496884
          ],
          [
            77.416746,
            28.497321
          ],
          [
            77.415613,
            28.497844
          ],
          [
            77.415037,
            28.498088
          ],
          [
            77.413399,
            28.498745
          ]
        ]
      },
      "properties": {
        "id": 1466105447,
        "name": "Aqua Line",
        "color": "#00cccc",
        "total_points": 47,
        "opening_year": 2019
      }
    },
    {
      "type": "Feature",
      "geometry": {
        "type": "LineString",
        "coordinates": [
          [
            77.412113,
            28.499315
          ],
          [
            77.412868,
            28.499014
          ]
        ]
      },
      "properties": {
        "id": 1466105448,
        "name": "Aqua Line",
        "color": "#00cccc",
        "total_points": 2,
        "opening_year": 2019
      }
    },
    {
      "type": "Feature",
      "geometry": {
        "type": "LineString",
        "coordinates": [
          [
            77.413399,
            28.498745
          ],
          [
            77.412846,
            28.49897
          ],
          [
            77.412093,
            28.499273
          ]
        ]
      },
      "properties": {
        "id": 1466105449,
        "name": "Aqua Line",
        "color": "#00cccc",
        "total_points": 3,
        "opening_year": 2019
      }
    },
    {
      "type": "Feature",
      "geometry": {
        "type": "LineString",
        "coordinates": [
          [
            77.412868,
            28.499014
          ],
          [
            77.413423,
            28.498793
          ]
        ]
      },
      "properties": {
        "id": 1466105450,
        "name": "Aqua Line",
        "color": "#00cccc",
        "total_points": 2,
        "opening_year": 2019
      }
    },
    {
      "type": "Feature",
      "geometry": {
        "type": "LineString",
        "coordinates": [
          [
            77.47379,
            28.729471
          ],
          [
            77.472509,
            28.728088
          ],
          [
            77.472317,
            28.727877
          ]
        ]
      },
      "properties": {
        "id": 1466307431,
        "name": "Delhi\u2013Meerut RRTS",
        "color": "#00e5ff",
        "total_points": 3,
        "opening_year": 2015
      }
    },
    {
      "type": "Feature",
      "geometry": {
        "type": "LineString",
        "coordinates": [
          [
            77.469877,
            28.725285
          ],
          [
            77.470403,
            28.725866
          ],
          [
            77.470922,
            28.726428
          ]
        ]
      },
      "properties": {
        "id": 1466307432,
        "name": "Delhi\u2013Meerut RRTS",
        "color": "#00e5ff",
        "total_points": 3,
        "opening_year": 2015
      }
    },
    {
      "type": "Feature",
      "geometry": {
        "type": "LineString",
        "coordinates": [
          [
            77.472317,
            28.727877
          ],
          [
            77.471471,
            28.726964
          ],
          [
            77.470958,
            28.726402
          ]
        ]
      },
      "properties": {
        "id": 1466307434,
        "name": "Delhi\u2013Meerut RRTS",
        "color": "#00e5ff",
        "total_points": 3,
        "opening_year": 2015
      }
    },
    {
      "type": "Feature",
      "geometry": {
        "type": "LineString",
        "coordinates": [
          [
            77.470922,
            28.726428
          ],
          [
            77.471435,
            28.72699
          ],
          [
            77.47227,
            28.72791
          ]
        ]
      },
      "properties": {
        "id": 1466307436,
        "name": "Delhi\u2013Meerut RRTS",
        "color": "#00e5ff",
        "total_points": 3,
        "opening_year": 2015
      }
    },
    {
      "type": "Feature",
      "geometry": {
        "type": "LineString",
        "coordinates": [
          [
            77.474792,
            28.7307
          ],
          [
            77.47513,
            28.731068
          ]
        ]
      },
      "properties": {
        "id": 1483739786,
        "name": "Delhi\u2013Meerut RRTS",
        "color": "#00e5ff",
        "total_points": 2,
        "opening_year": 2015
      }
    },
    {
      "type": "Feature",
      "geometry": {
        "type": "LineString",
        "coordinates": [
          [
            77.114846,
            28.697132
          ],
          [
            77.11827,
            28.698113
          ]
        ]
      },
      "properties": {
        "id": 1486690682,
        "name": "R K Ashram Marg to Krishna Park Extension (Phase-4)",
        "color": "#00e5ff",
        "total_points": 2,
        "opening_year": 2015
      }
    },
    {
      "type": "Feature",
      "geometry": {
        "type": "LineString",
        "coordinates": [
          [
            77.119324,
            28.698381
          ],
          [
            77.118285,
            28.698075
          ]
        ]
      },
      "properties": {
        "id": 1486690683,
        "name": "R K Ashram Marg to Krishna Park Extension (Phase-4)",
        "color": "#00e5ff",
        "total_points": 2,
        "opening_year": 2015
      }
    },
    {
      "type": "Feature",
      "geometry": {
        "type": "LineString",
        "coordinates": [
          [
            77.11827,
            28.698113
          ],
          [
            77.119309,
            28.69842
          ]
        ]
      },
      "properties": {
        "id": 1489746230,
        "name": "R K Ashram Marg to Krishna Park Extension (Phase-4)",
        "color": "#00e5ff",
        "total_points": 2,
        "opening_year": 2015
      }
    },
    {
      "type": "Feature",
      "geometry": {
        "type": "LineString",
        "coordinates": [
          [
            77.118285,
            28.698075
          ],
          [
            77.11486,
            28.697094
          ]
        ]
      },
      "properties": {
        "id": 1489746231,
        "name": "R K Ashram Marg to Krishna Park Extension (Phase-4)",
        "color": "#00e5ff",
        "total_points": 2,
        "opening_year": 2015
      }
    },
    {
      "type": "Feature",
      "geometry": {
        "type": "LineString",
        "coordinates": [
          [
            77.181639,
            28.724089
          ],
          [
            77.18125,
            28.719628
          ],
          [
            77.181281,
            28.718497
          ],
          [
            77.180941,
            28.716487
          ]
        ]
      },
      "properties": {
        "id": 1489746232,
        "name": "R K Ashram Marg to Krishna Park Extension (Phase-4)",
        "color": "#00e5ff",
        "total_points": 4,
        "opening_year": 2015
      }
    },
    {
      "type": "Feature",
      "geometry": {
        "type": "LineString",
        "coordinates": [
          [
            77.180895,
            28.716493
          ],
          [
            77.181235,
            28.718499
          ],
          [
            77.181204,
            28.719629
          ],
          [
            77.181638,
            28.724614
          ]
        ]
      },
      "properties": {
        "id": 1489746233,
        "name": "R K Ashram Marg to Krishna Park Extension (Phase-4)",
        "color": "#00e5ff",
        "total_points": 4,
        "opening_year": 2015
      }
    },
    {
      "type": "Feature",
      "geometry": {
        "type": "LineString",
        "coordinates": [
          [
            76.919144,
            28.697343
          ],
          [
            76.917313,
            28.698306
          ],
          [
            76.914588,
            28.699731
          ],
          [
            76.913341,
            28.700415
          ]
        ]
      },
      "properties": {
        "id": 1489748188,
        "name": "Delhi Metro Green Line",
        "color": "#00b050",
        "total_points": 4,
        "opening_year": 2018
      }
    },
    {
      "type": "Feature",
      "geometry": {
        "type": "LineString",
        "coordinates": [
          [
            76.913377,
            28.700465
          ],
          [
            76.914623,
            28.699781
          ],
          [
            76.917347,
            28.698357
          ],
          [
            76.919179,
            28.697394
          ]
        ]
      },
      "properties": {
        "id": 1489748189,
        "name": "Delhi Metro Green Line",
        "color": "#00b050",
        "total_points": 4,
        "opening_year": 2018
      }
    },
    {
      "type": "Feature",
      "geometry": {
        "type": "LineString",
        "coordinates": [
          [
            77.169092,
            28.672675
          ],
          [
            77.170204,
            28.67358
          ]
        ]
      },
      "properties": {
        "id": 1489748190,
        "name": "Delhi Metro Green Line",
        "color": "#00b050",
        "total_points": 2,
        "opening_year": 2010
      }
    },
    {
      "type": "Feature",
      "geometry": {
        "type": "LineString",
        "coordinates": [
          [
            77.17025,
            28.673537
          ],
          [
            77.169138,
            28.672632
          ]
        ]
      },
      "properties": {
        "id": 1489748191,
        "name": "Delhi Metro Green Line",
        "color": "#00b050",
        "total_points": 2,
        "opening_year": 2010
      }
    },
    {
      "type": "Feature",
      "geometry": {
        "type": "LineString",
        "coordinates": [
          [
            77.151378,
            28.654532
          ],
          [
            77.149681,
            28.652416
          ]
        ]
      },
      "properties": {
        "id": 1489748192,
        "name": "Delhi Metro Green Line Branch",
        "color": "#00b050",
        "total_points": 2,
        "opening_year": 2010
      }
    },
    {
      "type": "Feature",
      "geometry": {
        "type": "LineString",
        "coordinates": [
          [
            77.151336,
            28.654555
          ],
          [
            77.15231,
            28.655817
          ]
        ]
      },
      "properties": {
        "id": 1489748193,
        "name": "Delhi Metro Green Line Branch",
        "color": "#00b050",
        "total_points": 2,
        "opening_year": 2010
      }
    },
    {
      "type": "Feature",
      "geometry": {
        "type": "LineString",
        "coordinates": [
          [
            76.97855,
            28.611883
          ],
          [
            76.977799,
            28.611863
          ]
        ]
      },
      "properties": {
        "id": 1489748542,
        "name": "Delhi Metro Grey Line",
        "color": "#808080",
        "total_points": 2,
        "opening_year": 2019
      }
    },
    {
      "type": "Feature",
      "geometry": {
        "type": "LineString",
        "coordinates": [
          [
            76.978545,
            28.611936
          ],
          [
            76.977797,
            28.611917
          ]
        ]
      },
      "properties": {
        "id": 1489748543,
        "name": "Delhi Metro Grey Line",
        "color": "#808080",
        "total_points": 2,
        "opening_year": 2019
      }
    },
    {
      "type": "Feature",
      "geometry": {
        "type": "LineString",
        "coordinates": [
          [
            77.41973,
            28.668415
          ],
          [
            77.418776,
            28.669088
          ],
          [
            77.418244,
            28.669417
          ],
          [
            77.417271,
            28.669882
          ],
          [
            77.415769,
            28.670517
          ],
          [
            77.415572,
            28.670581
          ],
          [
            77.415372,
            28.670647
          ]
        ]
      },
      "properties": {
        "id": 1490161622,
        "name": "Delhi Metro Red Line",
        "color": "#e61919",
        "total_points": 7,
        "opening_year": 2019
      }
    },
    {
      "type": "Feature",
      "geometry": {
        "type": "LineString",
        "coordinates": [
          [
            77.41539,
            28.670706
          ],
          [
            77.415796,
            28.670573
          ],
          [
            77.416622,
            28.670224
          ],
          [
            77.417303,
            28.669936
          ],
          [
            77.41828,
            28.669469
          ],
          [
            77.418818,
            28.669137
          ],
          [
            77.419773,
            28.668462
          ]
        ]
      },
      "properties": {
        "id": 1490161623,
        "name": "Delhi Metro Red Line",
        "color": "#e61919",
        "total_points": 7,
        "opening_year": 2019
      }
    },
    {
      "type": "Feature",
      "geometry": {
        "type": "LineString",
        "coordinates": [
          [
            77.107111,
            28.72075
          ],
          [
            77.106458,
            28.721414
          ],
          [
            77.106155,
            28.721716
          ],
          [
            77.105892,
            28.721945
          ],
          [
            77.105448,
            28.722262
          ],
          [
            77.104717,
            28.722768
          ],
          [
            77.103896,
            28.723339
          ],
          [
            77.102345,
            28.724413
          ]
        ]
      },
      "properties": {
        "id": 1490161624,
        "name": "Delhi Metro Red Line",
        "color": "#e61919",
        "total_points": 8,
        "opening_year": 2008
      }
    },
    {
      "type": "Feature",
      "geometry": {
        "type": "LineString",
        "coordinates": [
          [
            77.107161,
            28.720788
          ],
          [
            77.107876,
            28.72018
          ],
          [
            77.108506,
            28.719725
          ],
          [
            77.114492,
            28.715575
          ],
          [
            77.115387,
            28.714951
          ],
          [
            77.117003,
            28.713839
          ],
          [
            77.125154,
            28.708197
          ]
        ]
      },
      "properties": {
        "id": 1490161625,
        "name": "Delhi Metro Red Line",
        "color": "#e61919",
        "total_points": 7,
        "opening_year": 2008
      }
    },
    {
      "type": "Feature",
      "geometry": {
        "type": "LineString",
        "coordinates": [
          [
            77.379627,
            28.56533
          ],
          [
            77.379321,
            28.567458
          ],
          [
            77.378929,
            28.569963
          ],
          [
            77.378467,
            28.572823
          ],
          [
            77.378212,
            28.574347
          ],
          [
            77.377998,
            28.575841
          ],
          [
            77.377439,
            28.579217
          ],
          [
            77.377334,
            28.579744
          ],
          [
            77.377137,
            28.580501
          ],
          [
            77.376867,
            28.581497
          ],
          [
            77.376805,
            28.581714
          ],
          [
            77.376734,
            28.581916
          ],
          [
            77.37665,
            28.582094
          ],
          [
            77.376175,
            28.583011
          ],
          [
            77.376031,
            28.583311
          ],
          [
            77.375927,
            28.583569
          ],
          [
            77.375821,
            28.583875
          ],
          [
            77.375665,
            28.584361
          ],
          [
            77.375596,
            28.58458
          ],
          [
            77.375469,
            28.58498
          ],
          [
            77.375427,
            28.585116
          ],
          [
            77.37524,
            28.585716
          ]
        ]
      },
      "properties": {
        "id": 1490163904,
        "name": "Aqua Line",
        "color": "#00cccc",
        "total_points": 22,
        "opening_year": 2019
      }
    },
    {
      "type": "Feature",
      "geometry": {
        "type": "LineString",
        "coordinates": [
          [
            77.267736,
            28.623187
          ],
          [
            77.26702,
            28.62293
          ]
        ]
      },
      "properties": {
        "id": 1490168843,
        "name": "Delhi Metro Line",
        "color": "#00e5ff",
        "total_points": 2,
        "opening_year": 2015
      }
    },
    {
      "type": "Feature",
      "geometry": {
        "type": "LineString",
        "coordinates": [
          [
            77.342,
            28.651192
          ],
          [
            77.341217,
            28.650718
          ],
          [
            77.340424,
            28.65025
          ],
          [
            77.339533,
            28.649724
          ]
        ]
      },
      "properties": {
        "id": 1490168844,
        "name": "Blue Line",
        "color": "#0070c0",
        "total_points": 4,
        "opening_year": 2010
      }
    },
    {
      "type": "Feature",
      "geometry": {
        "type": "LineString",
        "coordinates": [
          [
            77.339506,
            28.649765
          ],
          [
            77.340393,
            28.65029
          ],
          [
            77.341198,
            28.650755
          ],
          [
            77.341975,
            28.651225
          ]
        ]
      },
      "properties": {
        "id": 1490168845,
        "name": "Blue Line",
        "color": "#0070c0",
        "total_points": 4,
        "opening_year": 2010
      }
    },
    {
      "type": "Feature",
      "geometry": {
        "type": "LineString",
        "coordinates": [
          [
            77.375669,
            28.631708
          ],
          [
            77.375562,
            28.631522
          ],
          [
            77.375496,
            28.631375
          ],
          [
            77.375447,
            28.631251
          ],
          [
            77.375405,
            28.631109
          ],
          [
            77.375376,
            28.630986
          ],
          [
            77.375348,
            28.630827
          ],
          [
            77.375328,
            28.630671
          ],
          [
            77.375297,
            28.630332
          ],
          [
            77.375269,
            28.630042
          ],
          [
            77.375239,
            28.62973
          ],
          [
            77.375188,
            28.62915
          ],
          [
            77.375096,
            28.62826
          ]
        ]
      },
      "properties": {
        "id": 1490168846,
        "name": "Blue Line",
        "color": "#0070c0",
        "total_points": 13,
        "opening_year": 2019
      }
    },
    {
      "type": "Feature",
      "geometry": {
        "type": "LineString",
        "coordinates": [
          [
            77.375044,
            28.628262
          ],
          [
            77.375143,
            28.629208
          ],
          [
            77.37522,
            28.630059
          ],
          [
            77.375281,
            28.630675
          ],
          [
            77.375301,
            28.630833
          ],
          [
            77.375328,
            28.630993
          ],
          [
            77.375358,
            28.631119
          ],
          [
            77.375404,
            28.631258
          ],
          [
            77.375453,
            28.631389
          ],
          [
            77.375518,
            28.631534
          ],
          [
            77.375629,
            28.631726
          ]
        ]
      },
      "properties": {
        "id": 1490168847,
        "name": "Blue Line",
        "color": "#0070c0",
        "total_points": 11,
        "opening_year": 2019
      }
    },
    {
      "type": "Feature",
      "geometry": {
        "type": "LineString",
        "coordinates": [
          [
            77.126636,
            28.707085
          ],
          [
            77.125979,
            28.707549
          ],
          [
            77.125112,
            28.708151
          ]
        ]
      },
      "properties": {
        "id": 1512992802,
        "name": "Delhi Metro Red Line",
        "color": "#e61919",
        "total_points": 3,
        "opening_year": 2008
      }
    },
    {
      "type": "Feature",
      "geometry": {
        "type": "LineString",
        "coordinates": [
          [
            77.131606,
            28.703631
          ],
          [
            77.129048,
            28.705383
          ],
          [
            77.126636,
            28.707085
          ]
        ]
      },
      "properties": {
        "id": 1512992803,
        "name": "Delhi Metro Red Line",
        "color": "#e61919",
        "total_points": 3,
        "opening_year": 2008
      }
    },
    {
      "type": "Feature",
      "geometry": {
        "type": "LineString",
        "coordinates": [
          [
            77.126679,
            28.707133
          ],
          [
            77.129091,
            28.705431
          ],
          [
            77.13163,
            28.703667
          ]
        ]
      },
      "properties": {
        "id": 1512992804,
        "name": "Delhi Metro Red Line",
        "color": "#e61919",
        "total_points": 3,
        "opening_year": 2008
      }
    },
    {
      "type": "Feature",
      "geometry": {
        "type": "LineString",
        "coordinates": [
          [
            77.125154,
            28.708197
          ],
          [
            77.126022,
            28.707597
          ],
          [
            77.126679,
            28.707133
          ]
        ]
      },
      "properties": {
        "id": 1512992805,
        "name": "Delhi Metro Red Line",
        "color": "#e61919",
        "total_points": 3,
        "opening_year": 2008
      }
    }
  ]
}